"PSLCODE 1250";"9 1";"4 2";"Source Access Key";"Target Access Key"
"EXTRACTED/1/0";"Computer Name";"计算机名称";"";""
"EXTRACTED/2/0";"Issue Date";"签发日期";"";""
"EXTRACTED/3/0";"Keep me logged in";"保持我的登录状态";"";""
"EXTRACTED/4/0";"Maximum computers:";"最多授权计算机数：";"";""
"EXTRACTED/5/0";"Sign-in successful";"登录成功";"";""
"EXTRACTED/6/0";"These computers are currently authorized to use Foxit PDF Editor. Click the X to remove authorization from a listed computer.";"目前这些计算机被授权使用福昕高级PDF编辑器。您可以通过单击X按钮移除某台计算机的授权。";"";""
"EXTRACTED/7/0";"You have not specified your first name and last name. For better user experience, please enter them into your profile now. ";"您还没有指定您的姓名。为了得到更好的用户体验，请现在在您的个人主页中输入姓名。 ";"";""
"EXTRACTED/8/0";"You have not specified your first name and last name. For better user experience, please enter them into your profile now. <a href=""/profile/profile"">[Edit My Profile]</a> ";"您还没有指定您的姓名。为了得到更好的用户体验，请现在在您的个人主页中输入姓名。 <a href=""/profile/profile"">[编辑我的个人主页]</a> ";"";""
"EXTRACTED/9/0";"These devices are currently authorized to use Foxit PDF Editor. Click the X to remove authorization from a listed device.";"目前这些设备被授权使用福昕高级PDF编辑器。您可以通过单击X按钮移除某台设备的授权。";"";""
"EXTRACTED/10/0";"Device Name";"设备名称";"";""
"EXTRACTED/11/0";"Maximum devices:";"最多授权设备数：";"";""
"EXTRACTED/12/0";"Foxit PDF Editor can be used on a maximum of <label style=""color:red""></label> devices and you have reached your maximum number of activations for Foxit PDF Editor. Click ""X"" below to remove authorization from one of the listed devices.";"福昕高级PDF编辑器最多可在<label style=""color:red""></label>台设备上使用，并且您已达到福昕高级PDF编辑器的最大激活次数。点击下面的“X”以从列出的设备之一中删除授权。";"";""
"EXTRACTED/13/0";"You have activated your subscription on this device. Foxit PDF Editor can be used on a maximum of <label style=""color:red"">2</label> devices and you have activated on <label style=""color:red"">1</label> devices. Click ""X"" below to remove authorization from one of the listed devices.";"您已在此设备上激活订阅。福昕高级PDF编辑器最多可在<label style=""color:red"">2</label>台设备上使用，并且您已在<label style=""color:red"">1</label>台设备上激活。点击下面的“X”以从列出的设备之一中删除授权。";"";""
"EXTRACTED/14/0";"These computers are currently authorized to use {productName}. Click the X to remove authorization from a listed computer.";"这些计算机目前被授权使用{productName}。单击“X”以从列出的计算机中删除授权。";"";""
"EXTRACTED/15/0";"{productName} can be used on a maximum of <label style=""color:red""></label> devices and you have reached your maximum number of activations for {productName}. Click ""X"" below to remove authorization from one of the listed devices.";"{productName} 最多可在 <label style=""color:red""></label> 设备上使用，您已达到 {productName} 的最大激活次数。单击下方的“X”以从列出的设备中删除授权。";"";""
"EXTRACTED/16/0";"You have activated your subscription on this device. {productName} can be used on a maximum of <label style=""color:red"">2</label> devices and you have activated on <label style=""color:red"">1</label> devices. Click ""X"" below to remove authorization from one of the listed devices.";"您已在此设备上激活了您的订阅。{productName}最多可在<label style=""color:red"">2</label>台设备上使用，而您已在<label style=""color:red"">1</label>台设备上激活。点击下方的“X”以从列出的设备中删除授权。";"";""
"EXTRACTED/17/0";"Foxit PDF Editor";"福昕高级PDF编辑器";"";""
"EXTRACTED/18/0";"Foxit PDF Editor Linux";"福昕版式软件Linux版";"";""
"EXTRACTED/19/0";"Your trial has expired. Please contact your administrator for assistance.";"您的试用期已过。请联系您的管理员以获取帮助。";"";""
"EXTRACTED/20/0";"Document has been deleted";"文档已经被删除";"";""
"EXTRACTED/21/0";"Document homepage permission request has been approved";"文档的主页权限请求已经被批准";"";""
"EXTRACTED/22/0";"Document homepage permission request has been rejected";"文档的主页权限请求已经被拒绝";"";""
"EXTRACTED/23/0";"Document permission request has been approved";"文档的权限请求已经被批准";"";""
"EXTRACTED/24/0";"Document permission request has been re-sent";"文档的权限请求已经被重新发送";"";""
"EXTRACTED/25/0";"Document permission request has been rejected";"文档的权限请求已经被拒绝";"";""
"EXTRACTED/26/0";"Document request has been re-sent";"文档请求已经被重新发送";"";""
"EXTRACTED/27/0";"Document request rejected";"文档请求已经被拒绝";"";""
"EXTRACTED/28/0";"Document sent";"文档已经发送";"";""
"EXTRACTED/29/0";"Error: Access token not valid.";"错误：访问令牌不合法。";"";""
"EXTRACTED/30/0";"Error: Missing parameter";"错误：参数缺失";"";""
"EXTRACTED/31/0";"Error: You are not the owner of this document.";"错误：您不是该文档的所有者。";"";""
"EXTRACTED/32/0";"Failed to add permission(s).";"添加权限失败。";"";""
"EXTRACTED/33/0";"Failed to approve document homepage permission request";"无法批准文档主页权限请求";"";""
"EXTRACTED/34/0";"Failed to approve document permission request";"无法批准文档权限请求";"";""
"EXTRACTED/35/0";"Failed to change ownership";"无法更改所有权关系";"";""
"EXTRACTED/36/0";"Failed to delete document";"无法删除文档";"";""
"EXTRACTED/37/0";"Failed to delete user permissions";"无法删除用户权限";"";""
"EXTRACTED/38/0";"Failed to edit homepage permissions";"无法编辑主页权限";"";""
"EXTRACTED/39/0";"Failed to reject document homepage permission request";"无法拒绝文档主页权限请求";"";""
"EXTRACTED/40/0";"Failed to reject document permission request";"无法拒绝文档权限请求";"";""
"EXTRACTED/41/0";"Failed to reject document request";"无法拒绝文档请求";"";""
"EXTRACTED/42/0";"Failed to request file";"无法请求文件";"";""
"EXTRACTED/43/0";"Failed to request homepage permission(s)";"无法请求主页权限";"";""
"EXTRACTED/44/0";"Failed to resend document homepage permission request";"无法重新发送文档主页权限请求";"";""
"EXTRACTED/45/0";"Failed to resend document permission request";"无法重新发送文档权限请求";"";""
"EXTRACTED/46/0";"Failed to resend document request";"无法重新发送文档请求";"";""
"EXTRACTED/47/0";"Failed to resend notice of document homepage request";"无法重新发送文档主页请求通知";"";""
"EXTRACTED/48/0";"Failed to resend notice of document permission request";"无法重新发送文档权限请求通知";"";""
"EXTRACTED/49/0";"Failed to resend notice of document request";"无法重新发送文档请求通知";"";""
"EXTRACTED/50/0";"Failed to revoke all permission(s) of all users";"无法撤销所有用户的所有权限";"";""
"EXTRACTED/51/0";"Failed to revoke the permission(s) of the selected user";"无法撤销选定用户的权限";"";""
"EXTRACTED/52/0";"Failed to send document";"无法发送文档";"";""
"EXTRACTED/53/0";"Failed to transfer ownership";"无法转移所有权关系";"";""
"EXTRACTED/54/0";"File requested";"文件请求";"";""
"EXTRACTED/55/0";"Homepage permission request has been re-sent";"主页权限请求已经重新发送";"";""
"EXTRACTED/56/0";"Message does not exist.";"信息不存在。";"";""
"EXTRACTED/57/0";"Ownership has been changed";"所有权关系已经被更改";"";""
"EXTRACTED/58/0";"Ownership transferred successfully";"所有权关系成功转移";"";""
"EXTRACTED/59/0";"Permissions have been revoked";"权限已被撤销";"";""
"EXTRACTED/60/0";"Permissions request denied.";"权限请求被拒绝。";"";""
"EXTRACTED/61/0";"Permissions request successfully approved.";"权限请求成功被批准。";"";""
"EXTRACTED/62/0";"Please sign in first.";"请先登录。";"";""
"EXTRACTED/63/0";"Request recipient has been notified";"请求已经通知了请求接收者";"";""
"EXTRACTED/64/0";"Success";"成功";"";""
"EXTRACTED/65/0";"The current system account is connected to your company's account. You cannot change the password. Please use your enterprise system to change the password.";"当前系统账户与您公司的账户相连接。您不能更改密码。请使用您的企业系统更改密码。";"";""
"EXTRACTED/66/0";"The owner has been changed, please request permissions again.";"所有者已更改，请重新请求权限。";"";""
"EXTRACTED/67/0";"The permission type has been changed.";"权限类型已经被更改了。";"";""
"EXTRACTED/68/0";"The user that uploaded this file has deleted it. Contact them if you need the file.";"文件上传者已经删除了此文件。如果您需要该文件，请联系他们。";"";""
"EXTRACTED/69/0";"There has been no activity recorded for this document yet.";"该文档尚且没有活动记录。";"";""
"EXTRACTED/70/0";"This action has already been processed.";"该操作已经被处理了。";"";""
"EXTRACTED/71/0";"This document has not been recorded on the server. Please try again, or contact support@foxitsoftware.com if the error persists.";"该文档尚且没有服务器上的记录。请重试，或者如果错误持续存在，请联系support@foxitsoftware.com。";"";""
"EXTRACTED/72/0";"This user has not been registered.";"该用户未注册。";"";""
"EXTRACTED/73/0";"Unknown error";"未知错误";"";""
"EXTRACTED/74/0";"You are not given permission for this.  Please contact owner of the document.";"您未被赋予该操作的权限。请联系文档的所有者。";"";""
"EXTRACTED/75/0";"You cannot change ownership to yourself.";"您无法更改所有权关系给您自己。";"";""
"EXTRACTED/76/0";"You cannot modify other users' records.";"您无法更改其它用户的记录。";"";""
"EXTRACTED/77/0";"You do not have permission for this.  Please contact the owner of this document.";"您没有该操作的权限。请联系文档的所有者。";"";""
"EXTRACTED/78/0";"You have changed the owner of this document, so you don't need to deal with this message.";"您已经更改了文档所有者，所以您不需要处理该消息。";"";""
"EXTRACTED/79/0";"Password changes are not supported.";"不支持更改密码。";"";""
"EXTRACTED/80/0";"Confirm Password";"确认密码";"";""
"EXTRACTED/81/0";"Email";"邮件地址";"";""
"EXTRACTED/82/0";"First Name";"姓氏";"";""
"EXTRACTED/83/0";"Last Name";"名字";"";""
"EXTRACTED/84/0";"Last Name should contain at most 300 characters. ";"名字最多只可以输入300个字符。 ";"";""
"EXTRACTED/85/0";"Last Name should contain at most 50 characters. ";"名字最多只可以输入50个字符。 ";"";""
"EXTRACTED/86/0";"No more than 300 characters";"不超过300个字符";"";""
"EXTRACTED/87/0";"No more than 50 characters";"不超过50个字符";"";""
"EXTRACTED/88/0";"Password";"密码";"";""
"EXTRACTED/89/0";"Captcha";"验证码";"";""
"EXTRACTED/90/0";"Password cannot contain spaces.";"密码不能包含空格。";"";""
"EXTRACTED/91/0";"The password consists of 8~16 digits, uppercase and lowercase letters and special symbols (1~8 keyboard symbols).";"密码8~16位，由数字、大小字母及特殊符号（1~8键盘符号）组成。";"";""
"EXTRACTED/92/0";"Two password should be matched";"2个密码应该一致";"";""
"EXTRACTED/93/0";"8~16 digits, uppercase and lowercase letters and special symbols (1~8 keyboard symbols).";"8~16位，由数字、大小字母及特殊符号（1~8键盘符号）组成。";"";""
"EXTRACTED/94/0";"Failed to send email to {message}. We'll try again later.";"邮件未成功发送至{message}。稍后将重新尝试。";"";""
"EXTRACTED/95/0";"Please check that email can not be delivered to {address}.";"请检查邮件是否无法发送到{address}。";"";""
"EXTRACTED/96/0";"Email is not found. Please verify it and try again.";"邮件地址找不到。请确认后重试。";"";""
"EXTRACTED/97/0";"Unsupported Internet Explorer version detected. Some features may not work properly. Upgrade to IE 10 or newer for an optimal experience.";"检测到所使用的为不支持的IE版本。部分功能可能无法正常工作。请升级到IE 10或者更高版本，以便获取更好的体验。";"";""
"EXTRACTED/98/0";"The password should contain a mixture of numbers, letters, and symbols.";"密码应包含数字，字母和符号。";"";""
"EXTRACTED/99/0";"Foxit Cloud";"福昕云";"";""
"EXTRACTED/100/0";"Foxit Account";"福昕账户";"";""
"EXTRACTED/101/0";"{ownerName} has invited you to join a Connected Review in the document ""{filename}"".";"{ownerName} 邀请您加入文档“{filename}”的审阅。";"";""
"EXTRACTED/102/0";"Invitation for review of the document ""{filename}""";"邀请审阅文档""{filename}""";"";""
"EXTRACTED/103/0";"The Register LINK";"注册链接";"";""
"EXTRACTED/104/0";"The following is a message from the initiator.";"如下是一条来自发起人的消息。";"";""
"EXTRACTED/105/0";"has invited you to join a review of the document ""{filename}"".";"已邀请您加入对文档“{filename}”的审阅。";"";""
"EXTRACTED/106/0";"more";"更多";"";""
"EXTRACTED/107/0";"OK";"确定";"";""
"EXTRACTED/108/0";"{ownerName} granted you permission(s) for {filename}";"{ownerName} 已经将文档“{filename}”的权限赋予给了您";"";""
"EXTRACTED/109/0";"{userName} requested permission(s) for {filename}";"{userName} 请求获取文档“{filename}”的权限";"";""
"EXTRACTED/110/0";"{userName} requested permission(s) for the file {filename}";"{userName} 请求获取文档“{filename}”的权限";"";""
"EXTRACTED/111/0";"{userName} requested the file {filename}";"{userName} 请求获取文件“{filename}”";"";""
"EXTRACTED/112/0";"{ownerName} granted your permissions for {filename}";"{ownerName} 已经将文档“{filename}”的权限赋予给了您";"";""
"EXTRACTED/113/0";"{ownerName} rejected your permissions for {filename}";"{ownerName} 已经拒绝了您对文档“{filename}”的权限请求";"";""
"EXTRACTED/114/0";"{ownerName} rejected your request for the file {filename}";"{ownerName} 已经拒绝了您对文档“{filename}”的请求";"";""
"EXTRACTED/115/0";"{filename} has been sent to you";"{filename} 已经发送给您";"";""
"EXTRACTED/116/0";"{ownerName} transferred the ownership of {filename} to you";"{ownerName} 将文档“{filename}”的所有权关系转移给了您";"";""
"EXTRACTED/117/0";"{userName} requested the permission(s) for {filename}";"{userName} 请求获取文件“{filename}”的权限";"";""
"EXTRACTED/118/0";"{ownerName} granted your homepage permissions for {filename}";"{ownerName} 已经将文档“{filename}”的主页权限赋予给了您";"";""
"EXTRACTED/119/0";"{ownerName} rejected you homepage permission for {filename}";"{ownerName} 已经拒绝了您对文档“{filename}”主页权限请求";"";""
"EXTRACTED/120/0";"{userName} shared a file and invited you to join comments ";"{userName} 共享了一个文件并邀请您加入评论 ";"";""
"EXTRACTED/121/0";"{userName} send feedback about {workflowName} workflow";"{userName} 发送了关于工作流“{workflowName}”的反馈";"";""
"EXTRACTED/122/0";"{userName} have created a new workflow for you to watch";"{userName} 已创建了一个新的要关注的工作流";"";""
"EXTRACTED/123/0";"{userName} have changed something in the ""{workflowName}""";"{userName} 已更改了工作流""{workflowName}""的某些信息";"";""
"EXTRACTED/124/0";"The workflow you watch have been changed ,and one of the task has been deleted by creator";"您关注的工作流已更改，且其中的一个任务已被创建者删除";"";""
"EXTRACTED/125/0";"{userName} have deleted the Workflow of ""{workflowName}""";"{userName} 已删除了工作流 “{workflowName}”";"";""
"EXTRACTED/126/0";"{userName} have assigned a task to you to finish";"{userName} 指派了一个要完成的任务给您";"";""
"EXTRACTED/127/0";"{userName} have changed the task of ""{taskName}""";"{userName} 已更改了""{taskName}""的任务";"";""
"EXTRACTED/128/0";"{userName} have deleted the task of ""{taskName}""";"{userName} 已删除了任务 ""{taskName}""";"";""
"EXTRACTED/129/0";"{userName} have resolved the task of ""{taskName}""";"{userName} 已解决了任务 ""{taskName}""";"";""
"EXTRACTED/130/0";"""{userName}"" invited you to review ""{filename}""";"“{userName}”邀请您审阅“{filename}”";"";""
"EXTRACTED/131/0";"""{userName}"" opened ""{filename}""";"“{userName}”打开了“{filename}”";"";""
"EXTRACTED/132/0";"""{userName}"" exited the review of ""{filename}""";"“{userName}”退出“{filename}”的审阅";"";""
"EXTRACTED/133/0";"""{userName}"" canceled sharing ""{filename}""";"“{userName}”取消共享“{filename}”";"";""
"EXTRACTED/134/0";"""{userName}"" deleted ""{filename}""";"“{userName}”删除了“{filename}”";"";""
"EXTRACTED/135/0";"Please use your Foxit enterprise account to log in.";"请使用您的福昕企业帐号登录。";"";""
"EXTRACTED/136/0";"If you do not have a Foxit enterprise account, please contact your administrator.";"如果您没有福昕企业帐号，请联系您的管理员。";"";""
"EXTRACTED/137/0";"The files have been removed or you don't have access. Contact the document owner to request access.";"该文件已被移除或您无权访问。 请联系文档所有者请求访问权限。";"";""
"EXTRACTED/138/0";"Prompt";"提示";"";""
"EXTRACTED/139/0";"The shared document has been removed. Please contact the owner.";"分享的文档已经移除了。请联系所有者。";"";""
"EXTRACTED/140/0";"Foxit Software [on behalf of {email}]";"福昕软件 [代表 {email}]";"";""
"EXTRACTED/141/0";"Mark all as read";"全部标记为已读";"";""
"EXTRACTED/142/0";"Notification";"通知";"";""
"EXTRACTED/143/0";"Delete all";"全部删除";"";""
"EXTRACTED/144/0";"mentioned you in a comment on ""{filename}"".";"在“{filename}”文件的评论中提到了您。";"";""
"EXTRACTED/145/0";"replied to a comment on ""{filename}"".";"回复了关于“{filename}”文件的评论。";"";""
"EXTRACTED/146/0";"""{userName}"" mentioned you on ""{filename}""";"“{userName}”在“{filename}”文件中提到了您。";"";""
"EXTRACTED/147/0";"""{userName}"" reply to a comment on ""{filename}""";"“{userName}”回复了关于“{filename}”文件的评论";"";""
"EXTRACTED/148/0";"""{userName}"" mentioned you in a comment on ""{filename}"".";"“{userName}” 在 “{filename}”文件的评论中提到了您。";"";""
"EXTRACTED/149/0";"""{userName}"" reply to a comment on ""{filename}"".";"“{userName}”回复了关于“{filename}”文件的评论。";"";""
"EXTRACTED/150/0";"View the comment";"查看评论";"";""
"EXTRACTED/151/0";"Your shared file ""{filename}"" has expired and reverted to the {storageService}.";"您的共享文件“{filename}”已过期并恢复到{storageService}。";"";""
"EXTRACTED/152/0";"The file ""{filename}"" shared by ""{userName}"" has expired.";"“{userName}”共享的文件“{filename}”已过期。";"";""
"EXTRACTED/153/0";"Sorry, this file has been removed from {storageService} or has been shared again.";"抱歉，该文件已从{storageService}中删除或已再次共享。";"";""
"EXTRACTED/154/0";"{email} via Foxit Software";"{email}来自福昕软件";"";""
"EXTRACTED/155/0";"Invitation for review of the document ""{filename} from Name({ownerName})""";"邀请审阅来自（{ownerName}）的文档""{filename}""";"";""
"EXTRACTED/156/0";"Message Notification";"消息通知";"";""
"EXTRACTED/157/0";"No Notifications";"没有通知";"";""
"EXTRACTED/158/0";"Click the notification menu button to view additional message actions.";"点击通知菜单按钮以查看其他消息操作。";"";""
"EXTRACTED/159/0";"Click the message to open the document";"点击消息以打开文档。";"";""
"EXTRACTED/160/0";"Click the More button to load additional information.";"点击“更多”按钮加载额外信息。";"";""
"EXTRACTED/161/0";"Anonymous#{code}";"匿名用户#{code}";"";""
"EXTRACTED/162/0";"Guest#{code}";"访客#{code}";"";""
"EXTRACTED/163/0";"Cloud Documents";"云文档";"";""
"EXTRACTED/164/0";"Foxit DMS";"Foxit DMS";"";""
"EXTRACTED/165/0";"Close";"关闭";"";""
"EXTRACTED/166/0";"Confirm";"确认";"";""
"EXTRACTED/167/0";"Cancel";"取消";"";""
"EXTRACTED/168/0";"Foxit";"福昕";"";""
"EXTRACTED/169/0";"Foxit Software";"福昕软件";"";""
"EXTRACTED/170/0";"Foxit Software Incorporated.";"福建福昕软件开发股份有限公司。";"";""
"EXTRACTED/171/0";"Foxit Software Incorporated";"福建福昕软件开发股份有限公司";"";""
"EXTRACTED/172/0";"Foxit Software Inc.";"福建福昕软件开发股份有限公司。";"";""
"EXTRACTED/173/0";"Fujian Fuxin Software Development Joint Stock Co., Ltd.";"福建福昕软件开发股份有限公司";"";""
"EXTRACTED/174/0";"Foxit PDF Reader";"福昕阅读器";"";""
"EXTRACTED/175/0";"Your Opinions Influence the Future Actions of Foxit PDF Editor Cloud";"您的意见将会影响福昕高级PDF编辑器网页版的未来";"";""
"EXTRACTED/176/0";"We have received a request to reset the password for your {org} account.";"我们收到了您要重置{org}账户密码的请求。";"";""
"EXTRACTED/177/0";"In the event you did not make this request, please notify us at {email}.";"如果您没有发出这个事件请求，请通过以下邮件地址通知我们 {email}。";"";""
"EXTRACTED/178/0";"The security of your account is, and will continue to be, important to us.";"您账户的安全将一直是我们最重要的事情。";"";""
"EXTRACTED/179/0";"Otherwise, please click on this link or copy and paste it into your browser to reset password:";"否则，请点击此链接或将其复制并粘贴到您的浏览器中以重置密码:";"";""
"EXTRACTED/180/0";"Thank you for using Foxit Software.";"感谢您使用福昕软件。";"";""
"EXTRACTED/181/0";"Sincerely,";"诚挚的，";"";""
"EXTRACTED/182/0";"Foxit Software Incorporated. All rights reserved.";"福昕软件公司。保留所有权利。";"";""
"EXTRACTED/183/0";"get control of your content";"管理您的内容";"";""
"EXTRACTED/184/0";"Learn more and get started:";"现在开始了解更多信息：";"";""
"EXTRACTED/185/0";"Please activate your Foxit account";"请激活您的福昕账户";"";""
"EXTRACTED/186/0";"Dear {email},";"尊敬的 {email},";"";""
"EXTRACTED/187/0";"Please click on the following link within the next 24 hours to activate your Foxit account.";"请在24小时内点击以下链接激活您的福昕账户。";"";""
"EXTRACTED/188/0";"With a verified Foxit account, you can access features such as trial downloads without registration, subscribing to Foxit PDF Editor, searching your orders, and more.";"福昕账户通过认证后，您可以享受更多功能，例如免注册下载，订阅福昕高级PDF编辑器，搜索您的订单，等等。";"";""
"EXTRACTED/189/0";"How we can help?";"您需要什么帮助？";"";""
"EXTRACTED/190/0";"Tel: {number1} or {number2}";"电话： {number1} 或 {number2}";"";""
"EXTRACTED/191/0";"Email:";"邮件：";"";""
"EXTRACTED/192/0";"Best Regards,";"致礼，";"";""
"EXTRACTED/193/0";"Dear Sir/Madam,";"尊敬的先生/女士，";"";""
"EXTRACTED/194/0";"Your account and related data have been deleted successfully.";"您的账户和相关数据已经被成功删除。";"";""
"EXTRACTED/195/0";"Your account and related data have been deleted successfully. If you need to log in to your current account again, please register again.";"您的账户和相关数据已成功删除。 如果您需要再次登录到当前账户，请重新注册。";"";""
"EXTRACTED/196/0";"Support";"支持";"";""
"EXTRACTED/197/0";"Foxit provides online and telephone support for current versions of the product.";"福昕为产品的当前版本提供在线和电话支持。";"";""
"EXTRACTED/198/0";"Online Support";"在线支持";"";""
"EXTRACTED/199/0";"Please report your issues from http://tickets.foxitsoftware.com/create.php. You need to indicate the product name (""Foxit Admin Console"") and the version number. If possible, please indicate your organization name in your email message for prompt response.";"请从https://www.foxitsoftware.cn/support.html报告您的问题。您需要指出产品名称和版本号，描述中加“福昕管理控制台”字样。 如果可能的话，请在电子邮件中指出您的组织名称，以便迅速回复。";"";""
"EXTRACTED/200/0";"Phone Support";"电话支持";"";""
"EXTRACTED/201/0";"Please call Foxit Technical Support at +1-866-MYFOXIT or +1-866-693-6948 (24/7 service).";"请联系福昕客服，电话：0591-38509808";"";""
"EXTRACTED/202/0";"How can we help?";"如何才能帮助您？";"";""
"EXTRACTED/203/0";"Tel: 1-866-MYFOXIT or 1-866-693-6948";"电话：0591-38509808";"";""
"EXTRACTED/204/0";"Please Verify Your Email Address";"请验证您的邮箱地址";"";""
"EXTRACTED/205/0";"Hello,";"您好，";"";""
"EXTRACTED/206/0";"Please click on the following link to activate your account, it's valid for 24 hours:";"请点击下面的链接激活您的账户，该链接24小时内有效。";"";""
"EXTRACTED/207/0";"With a verified Foxit account, you can access more features, such as trial downloads without registration, subscribing to Foxit PDF Editor, searching your orders, and more.";"福昕账户通过认证后，您可以享受更多功能，例如免注册下载，订阅福昕高级PDF编辑器，搜索您的订单，等等。";"";""
"EXTRACTED/208/0";"We have received a request to verify your {org} account.";"我们收到了一个要求验证您的 {org}账户的请求。";"";""
"EXTRACTED/209/0";"Otherwise, please click on this link or copy and paste it into your browser to create a password:";"否则，请点击链接或者复制并粘贴到您的浏览器中创建密码：";"";""
"EXTRACTED/210/0";"After creating a password, you can log in again to continue";"创建密码后，您可以再次登录以继续";"";""
"EXTRACTED/211/0";"Please verify your Foxit account";"请验证您的福昕账户";"";""
"EXTRACTED/212/0";"We have received a request to verify your Foxit account.";"我们收到了一个要求验证您的福昕账户的请求。";"";""
"EXTRACTED/213/0";"In the event you did not make this request, please notify us at support@foxit.com.The security of your account is, and will continue to be, important to us.";"如果您没有提出过该请求，请通过support@foxitsoftware.cn通知我们。您的账户安全对我们来说是非常重要的，而且将一直如此。";"";""
"EXTRACTED/214/0";"Otherwise, please click on this link or copy and paste it into your browser to verify your email:";"否则，请点击该链接或将其复制并粘贴到浏览器中以验证您的邮箱地址：";"";""
"EXTRACTED/215/0";"Hi {userName},";"嗨 {userName}，";"";""
"EXTRACTED/216/0";"Your free trial to {productName} has ended, but the Freemium plan is always available for you.";"您的{productName}免费试用期已结束，但您始终可以使用免费增值计划。";"";""
"EXTRACTED/217/0";"Your subscription to {productName} has expired, but the Freemium plan is always available for you.";"您的{productName}订阅已过期，但您始终可以使用免费增值计划。";"";""
"EXTRACTED/218/0";"Changes to your Document Storage:";"更改您的文档存储：";"";""
"EXTRACTED/219/0";"Due to the expiration of your trial, we will restore your Freemium Plan with 1GB Foxit PDF Editor Cloud Storage limit.";"由于您的试用期到期，我们将恢复您的免费增值计划，并提供1GB限制的福昕高级PDF编辑器云存储。";"";""
"EXTRACTED/220/0";"Due to the expiration of your subscription, we will restore your Freemium Plan with 1GB Foxit PDF Editor Cloud Storage limit.";"由于您的订阅到期，我们将恢复您的免费增值计划，并提供1GB限制的福昕高级PDF编辑器云存储。";"";""
"EXTRACTED/221/0";"You currently have over {num1}GB of files stored at Foxit.  Files will remain on our servers for {remainingDays} days. Thereafter, files from the oldest will be deleted until only {num1}GB remains.";"您目前在福昕存储了超过{num1}GB的文件。文件将在我们的服务器上保留{remainingDays}天。 此后，最旧的文件将被删除，直到{num1}GB。";"";""
"EXTRACTED/222/0";"It is recommended that you back up the document before it is automatically deleted. Alternatively, you can also manually delete the files that exceed {num1}GB to keep them all.";"建议您在文档被自动删除之前对其进行备份。或者，您也可以手动删除超过 1GB 的文件以保留所有文件。";"";""
"EXTRACTED/223/0";"Important update: Changes to {productName} permissions";"重要更新：{productName}权限变更";"";""
"EXTRACTED/224/0";"Your licenses to {productName} have expired, please purchase a new license or contact an administrator to activate your account.";"您的{productName}许可证已过期，请购买新许可证或联系管理员激活您的账户。";"";""
"EXTRACTED/225/0";"Due to expiration of the license, you will not be able to access any files stored in Cloud Documents. In addition, we will also stop the file you are collaborating on, and if it cannot be stopped, we will automatically delete this file.";"由于授权到期，您将无法访问存储在云文档中的任何文件。此外，我们还将停止您正在协作的文件，如果无法停止，我们将自动删除此文件。";"";""
"EXTRACTED/226/0";"Files stored in Cloud Documents will remain on our servers for {remainingDays} days and we will automatically delete all files after {remainingDays} days.";"存储在云文档中的文件将在我们的服务器上保留{remainingDays}天，我们将在{remainingDays}天后自动删除所有文件。";"";""
"EXTRACTED/227/0";"Open in Foxit PDF Editor Cloud";"在福昕高级PDF编辑器-网页版中打开";"";""
"EXTRACTED/228/0";"{userName} sent you a document to review.";"{userName}向您发送了一份文档供您审阅。";"";""
"EXTRACTED/229/0";"Or open with";"或者打开";"";""
"EXTRACTED/230/0";"Foxit PDF Editor for Desktop";"福昕高级PDF编辑器桌面版";"";""
"EXTRACTED/231/0";"Foxit PDF Editor for Mobile";"福昕高级PDF编辑器移动版";"";""
"EXTRACTED/232/0";"Foxit PDF Reader for Desktop ";"福昕阅读器桌面版";"";""
"EXTRACTED/233/0";"{userName} has invited you to join a review of the document ""{fileName}"".";"{userName}邀请您参加文档“{fileName}”的审阅。";"";""
"EXTRACTED/234/0";"DO NOT SHARE THIS EMAIL:";"不要分享此电子邮件：";"";""
"EXTRACTED/235/0";"Foxit PDF Editor Cloud";"福昕高级PDF编辑器-网页版";"";""
"EXTRACTED/236/0";"Foxit PDF Editor Windows";"福昕高级PDF编辑器-Windows版";"";""
"EXTRACTED/237/0";"Foxit PDF Editor Mac";"福昕高级PDF编辑器-Mac版";"";""
"EXTRACTED/238/0";"Foxit PDF Editor Mobile";"福昕高级PDF编辑器-移动版";"";""
"EXTRACTED/239/0";"Foxit PDF Editor +";"福昕高级PDF编辑器 +";"";""
"EXTRACTED/240/0";"Your subscription of {productName} has expired, but the Foxit PDF Editor plan is available for you.";"您的{productName}订阅已过期，但您可以选择福昕高级PDF编辑器计划。";"";""
"EXTRACTED/241/0";"Your subscription to {productName} has expired, but your new subscription is now active.";"您对{productName}的订阅已过期，但您的新订阅现在已激活。";"";""
"EXTRACTED/242/0";"Your licenses to {productName} have expired, but your new license is now active.";"您的 {productName} 许可已过期，但您的新许可现已激活。";"";""
"EXTRACTED/243/0";"Due to the expiration of your {productName} license, we will restore your plan with {num1}GB Foxit PDF Editor Cloud Storage limit.";"由于您的{productName}授权已过期，我们将恢复您的计划，带有{num1}GB福昕高级PDF编辑器云存储限制。";"";""
"EXTRACTED/244/0";"Due to the expiration of your {productName} subscription, we will restore your plan with {num1}GB Foxit PDF Editor Cloud Storage limit.";"由于您的{productName}订阅已到期，我们将恢复您的计划，云存储限额为{num1}GB。";"";""
"EXTRACTED/245/0";"Foxit PDF Editor Pro+";"Foxit PDF Editor Pro+";"";""
"EXTRACTED/246/0";"From: Foxit Software Incorporated ({userAccount})";"来自：福建福昕软件开发股份有限公司 ({userAccount})";"";""
"EXTRACTED/247/0";"This email contains a secure link to access this document(s) envelope in Foxit Products. If you need assistance, please contact ({userAccount})";"此电子邮件包含一个安全链接，用于在福昕产品中访问该文档的信封。如果您需要帮助，请联系({userAccount})。";"";""
"EXTRACTED/248/0";"We respect your privacy and are committed to safeguarding your personal information. To learn more, please review our <a class=""goto"" href=""{privacyPolicyUrl}"" target=""_blank"" >Privacy Policy</a>.";"我们尊重您的隐私，并致力于保护您的个人信息。要了解更多信息，请查阅我们的<a class=""goto"" href=""{privacyPolicyUrl}"" target=""_blank"">隐私政策</a>。";"";""
"EXTRACTED/249/0";"If you access this file, your name and email may be visible to other collaborators. To continue, click the button to open the document.";"如果您访问此文件，您的姓名和电子邮件可能会对其他协作者可见。要继续，请点击按钮打开文档。";"";""
"EXTRACTED/250/0";"Alert: Failed Order Processing for {orderId}";"警报: 订单处理失败，订单号为 {orderId}";"";""
"EXTRACTED/251/0";"Hello Team,";"你好，团队，";"";""
"EXTRACTED/252/0";"An issue has occurred with the following order <span class=""attractive"">and requires immediate attention:</span>";"以下订单出现问题<span class=""attractive"">，需要立即处理:</span>";"";""
"EXTRACTED/253/0";"Order ID";"订单编号";"";""
"EXTRACTED/254/0";"Label";"标签";"";""
"EXTRACTED/255/0";"Customer Name";"客户名称";"";""
"EXTRACTED/256/0";"Error Details";"错误详情";"";""
"EXTRACTED/257/0";"Microsoft Subscription ID:";"Microsoft 订阅ID:";"";""
"EXTRACTED/258/0";"Product:";"产品:";"";""
"EXTRACTED/259/0";"Number of licenses added:";"添加的许可证数量:";"";""
"EXTRACTED/260/0";"MSP company name:";"MSP公司名称:";"";""
"EXTRACTED/261/0";"MSP contact name:";"MSP 联系人姓名:";"";""
"EXTRACTED/262/0";"MSP email address:";"MSP 电子邮件地址:";"";""
"EXTRACTED/263/0";"MSP Phone number:";"MSP电话号码:";"";""
"EXTRACTED/264/0";"MSP City:";"MSP 城市:";"";""
"EXTRACTED/265/0";"MSP State/Province:";"MSP 州/省:";"";""
"EXTRACTED/266/0";"MSP country/region:";"MSP 国家/地区:";"";""
"EXTRACTED/267/0";"Customer super admin email address:";"客户超级管理员电子邮件地址:";"";""
"EXTRACTED/268/0";"Customer City:";"客户城市:";"";""
"EXTRACTED/269/0";"Customer State/Province:";"客户州/省:";"";""
"EXTRACTED/270/0";"Customer country/region:";"客户国家/地区:";"";""
"EXTRACTED/271/0";"This failure may impact customer experience and undermine confidence in Foxit's ability to process orders reliably. Please investigate and resolve this issue immediately.";"此故障可能影响客户体验，并削弱对福昕可靠处理订单能力的信心。请立即调查并解决此问题。";"";""
"EXTRACTED/272/0";"About Me";"个人资料";"";""
"EXTRACTED/273/0";"Choose an avatar";"选择一个头像";"";""
"EXTRACTED/274/0";"Current Password";"当前密码";"";""
"EXTRACTED/275/0";"Current Password is incorrect.";"当前密码不正确。";"";""
"EXTRACTED/276/0";"Email Address";"邮件地址";"";""
"EXTRACTED/277/0";"Name";"用户名";"";""
"EXTRACTED/278/0";"New Password";"新密码";"";""
"EXTRACTED/279/0";"New Password cannot be blank.";"新密码不能为空。";"";""
"EXTRACTED/280/0";"Phone Country";"电话号码国家代码";"";""
"EXTRACTED/281/0";"Phone Number";"电话号码";"";""
"EXTRACTED/282/0";"The Two New Passwords are different.";"两次输入的新密码不同。";"";""
"EXTRACTED/283/0";"Timezone";"时区";"";""
"EXTRACTED/284/0";"Your Foxit Account Password";"您的福昕账户密码";"";""
"EXTRACTED/285/0";"copy";"复制";"";""
"EXTRACTED/286/0";"{userName}  ({userEmail})";"{userName}  ({userEmail})";"";""
"EXTRACTED/287/0";"Reset Your {org} Account Password";"重置您的{org}账户密码";"";""
"EXTRACTED/288/0";"Please verify your {org} account";"请验证您的{org}账户";"";""
"EXTRACTED/289/0";"ConnectedPDF - Personal Homepage";"互联PDF - 个人主页";"";""
"EXTRACTED/290/0";"Copyright";"版权";"";""
"EXTRACTED/291/0";"Forum";"论坛";"";""
"EXTRACTED/292/0";"Hi,";"嗨！";"";""
"EXTRACTED/293/0";"Just now";"刚刚";"";""
"EXTRACTED/294/0";"Last login about {time} day ago";"上次登录时间是{time}天前";"";""
"EXTRACTED/295/0";"Last login about {time} days ago";"上次登录时间是{time}天前";"";""
"EXTRACTED/296/0";"Last login about {time} month ago";"上次登录时间是{time}个月前";"";""
"EXTRACTED/297/0";"Last login about {time} months ago";"上次登录时间是{time}个月前";"";""
"EXTRACTED/298/0";"Last login about {time} week ago";"上次登录时间是{time}周前";"";""
"EXTRACTED/299/0";"Last login about {time} weeks ago";"上次登录时间是{time}周前";"";""
"EXTRACTED/300/0";"Last login about {time} year ago";"上次登录时间是{time}年前";"";""
"EXTRACTED/301/0";"Last login about {time} years ago";"上次登录时间是{time}年前";"";""
"EXTRACTED/302/0";"Last login {time} hour ago";"上次登录时间是{time}小时前";"";""
"EXTRACTED/303/0";"Last login {time} hours ago";"上次登录时间是{time}小时前";"";""
"EXTRACTED/304/0";"Last login {time} min ago";"上次登录时间是{time}分钟前";"";""
"EXTRACTED/305/0";"Last login {time} mins ago";"上次登录时间是{time}分钟前";"";""
"EXTRACTED/306/0";"Last login {time} sec ago";"上次登录时间是{time}秒前";"";""
"EXTRACTED/307/0";"Last login {time} secs ago";"上次登录时间是{time}秒前";"";""
"EXTRACTED/308/0";"My Home";"我的主页";"";""
"EXTRACTED/309/0";"My Profile";"个人资料";"";""
"EXTRACTED/310/0";"Privacy Policy";"隐私策略";"";""
"EXTRACTED/311/0";"days ago";"天前";"";""
"EXTRACTED/312/0";"hours ago";"小时前";"";""
"EXTRACTED/313/0";"mins ago";"分钟前";"";""
"EXTRACTED/314/0";"month ago";"月前";"";""
"EXTRACTED/315/0";"secs ago";"秒前";"";""
"EXTRACTED/316/0";"uploading";"正在上传";"";""
"EXTRACTED/317/0";"weeks ago";"周前";"";""
"EXTRACTED/318/0";"year ago";"年前";"";""
"EXTRACTED/319/0";"Sign out";"退出";"";""
"EXTRACTED/320/0";"Change";"更改";"";""
"EXTRACTED/321/0";"Change Password";"更改密码";"";""
"EXTRACTED/322/0";"Could not update password {message}.";"无法更新密码{message}。";"";""
"EXTRACTED/323/0";"Password successfully updated.";"密码更新成功。";"";""
"EXTRACTED/324/0";"Password:";"密码：";"";""
"EXTRACTED/325/0";"Personal Info";"个人信息";"";""
"EXTRACTED/326/0";"Re-type New Password";"重新输入新密码";"";""
"EXTRACTED/327/0";"Received by email";"通过邮件接收";"";""
"EXTRACTED/328/0";"Received by message tray";"通过消息托盘接收";"";""
"EXTRACTED/329/0";"Refresh";"刷新";"";""
"EXTRACTED/330/0";"Remove";"移除";"";""
"EXTRACTED/331/0";"Save Changes";"保存更改";"";""
"EXTRACTED/332/0";"Save change failed. Please try again.";"更改保存失败。请重试。";"";""
"EXTRACTED/333/0";"Select image";"选择图像";"";""
"EXTRACTED/334/0";"Support Numbers, upper and lower case and punctuation marks, no blank space please.";"支持数字，大小写和标点符号，请不要留有空格。";"";""
"EXTRACTED/335/0";"Yes";"是";"";""
"EXTRACTED/336/0";"Delete Account";"删除账户";"";""
"EXTRACTED/337/0";"Submitting an account deletion application will delete the Foxit account and all its data.";"提交账户删除申请将删除福昕账户及其所有数据。";"";""
"EXTRACTED/338/0";"Deleting an account has the following risks:";"删除账户存在以下风险：";"";""
"EXTRACTED/339/0";"Permanently delete, unable to log in to Foxit account";"永久删除，无法登录福昕";"";""
"EXTRACTED/340/0";"Once the account is deleted, you can't log in to all Foxit products, and the binding relationship with the third-party account will also be deleted.";"删除账户后，您将无法登录所有福昕产品，且与第三方账户的绑定关系也将被删除。";"";""
"EXTRACTED/341/0";"All product data can't be retrieved";"无法获取所有产品数据";"";""
"EXTRACTED/342/0";"After deletion, the account data in all Foxit products can't be retrieved, including the documents you uploaded, as well as the authorization and sharing records you set for the documents.";"删除后，将无法获取所有福昕产品中的账户数据，包括您上传的文档以及为这些文档设置的授权和共享记录。";"";""
"EXTRACTED/343/0";"Confirm to continue";"确认要继续";"";""
"EXTRACTED/344/0";"Verify that the current operation is your own operation, please enter the password of the current account";"验证当前是您自己的操作，请输入当前账户的密码";"";""
"EXTRACTED/345/0";"The system is deleting your account and data information.";"系统正在删除您的账户和数据信息。";"";""
"EXTRACTED/346/0";"We will send you the deletion result via email within 15 working days. Please be patient.";"我们将在15个工作日内通过电子邮件将删除结果发送给您。请耐心等待。";"";""
"EXTRACTED/347/0";"We will temporarily keep your email information, which will be deleted after sending the email.";"我们将暂时保留您的电子邮件信息，该信息将在发送电子邮件后删除。";"";""
"EXTRACTED/348/0";"Identity Verification";"身份验证";"";""
"EXTRACTED/349/0";"Risk Warning";"风险警告";"";""
"EXTRACTED/350/0";"Go to Homepage";"跳转至首页";"";""
"EXTRACTED/351/0";"Your current subscription service has not expired and you can't delete your account.";"您当前的订阅服务尚未过期，您无法删除自己的账户。";"";""
"EXTRACTED/352/0";"Delete account failed";"账户删除失败";"";""
"EXTRACTED/353/0";"View subscriptions";"查看订阅";"";""
"EXTRACTED/354/0";"You are still an enterprise super administrator and can't delete your account.";"您仍然是企业超级管理员，您的账户无法删除。";"";""
"EXTRACTED/355/0";"Go to the Admin Console";"跳转至管理控制台";"";""
"EXTRACTED/356/0";"Password cannot be empty";"密码不能为空";"";""
"EXTRACTED/357/0";"Password error";"密码错误";"";""
"EXTRACTED/358/0";"You can't delete the account at this time. Please contact your company's super administrator to remove your administrator privileges.";"您目前无法删除该账户。 请与您公司的超级管理员联系，以删除您的管理员权限。";"";""
"EXTRACTED/359/0";"You are the super administrator of the enterprise Foxit Admin Console, please cancel your enterprise administrator first.";"您是企业福昕管理控制台的超级管理员，请先取消您的企业管理员。";"";""
"EXTRACTED/360/0";"Successfully modified.";"修改成功。";"";""
"EXTRACTED/361/0";"Please restart the application and log in again.";"请重启应用程序后，重新登录。";"";""
"EXTRACTED/362/0";"Delete";"删除";"";""
"EXTRACTED/363/0";"Download";"下载";"";""
"EXTRACTED/364/0";"No online signature has been saved yet.";"还没有任何已保存的在线签名。";"";""
"EXTRACTED/365/0";"Signature";"签名";"";""
"EXTRACTED/366/0";"After resetting, please sign in from your application.";"重置后，请从您的应用程序进行登录。";"";""
"EXTRACTED/367/0";"Allow usage data to be used in ConnectedPDF features.*";"互联PDF功能总是允许共享使用数据。*";"";""
"EXTRACTED/368/0";"Back";"后退";"";""
"EXTRACTED/369/0";"By clicking ""Sign Up"", you agree that you have read and accepted the";"通过点击“注册”，代表您已经阅读过并接受";"";""
"EXTRACTED/370/0";"Previous accounts used";"以前使用的账户";"";""
"EXTRACTED/371/0";"Collapse";"折叠";"";""
"EXTRACTED/372/0";"Create an account";"创建一个账户";"";""
"EXTRACTED/373/0";"Due to security reasons, the link will expire after 24 hours.";"由于安全设置的原因，该链接将在24小时后过期。";"";""
"EXTRACTED/374/0";"Enter your account details below:";"在下边输入您的账户详细信息：";"";""
"EXTRACTED/375/0";"Enter your email address below. An email will be sent to you with instructions on how to reset your password.";"在下边输入您的邮件地址。将会有一封邮件发送给您，它将向您介绍如何重置密码。";"";""
"EXTRACTED/376/0";"Enter your personal details below:";"在下边输入您个人的详细信息：";"";""
"EXTRACTED/377/0";"Error";"错误";"";""
"EXTRACTED/378/0";"Forget";"忘记";"";""
"EXTRACTED/379/0";"Forgot Password?";"忘记密码？";"";""
"EXTRACTED/380/0";"Forgot your password?";"忘记密码？";"";""
"EXTRACTED/381/0";"Forgot your password? Click";"忘记密码？点击";"";""
"EXTRACTED/382/0";"Login failed";"登录失败";"";""
"EXTRACTED/383/0";"Registration Success";"注册成功";"";""
"EXTRACTED/384/0";"Remember me";"记住我";"";""
"EXTRACTED/385/0";"Resend";"重新发送";"";""
"EXTRACTED/386/0";"Resend Successfully.";"重新发送成功。";"";""
"EXTRACTED/387/0";"Reset";"重置";"";""
"EXTRACTED/388/0";"Reset password";"重置密码";"";""
"EXTRACTED/389/0";"RESET PASSWORD SUCCESSFULLY";"密码重置成功";"";""
"EXTRACTED/390/0";"Your password has been successfully reset, we are going to enter the sign in page in (<span></span>)";"您的密码已经重置成功，我们将进入登录页面(<span></span>)";"";""
"EXTRACTED/391/0";"Reset your password:";"重置您的密码：";"";""
"EXTRACTED/392/0";"Sign In";"登录";"";""
"EXTRACTED/393/0";"Sign Up";"注册";"";""
"EXTRACTED/394/0";"Sign Up to {displayName}";"注册 {displayName}";"";""
"EXTRACTED/395/0";"Sign in";"登录";"";""
"EXTRACTED/396/0";"Sign in to your account";"登录您的账户";"";""
"EXTRACTED/397/0";"Sign in with other account";"使用其他账户登录";"";""
"EXTRACTED/398/0";"Submit";"提交";"";""
"EXTRACTED/399/0";"Successful verification";"验证成功";"";""
"EXTRACTED/400/0";"Terms of Use";"使用条款";"";""
"EXTRACTED/401/0";"The verification link has been sent to your mailbox successfully, please click the link to activate your account. If you haven't received the verification email, please check your spam or bulk mail folders.";"证链接已经成功发送到您的邮箱中，请点击链接激活您的账户。如果您没有收到验证邮件，请检查您的垃圾邮件或者批量邮件文件夹。";"";""
"EXTRACTED/402/0";"Try it now";"现在进行试用";"";""
"EXTRACTED/403/0";"User has been registered.";"该用户已经注册过了。";"";""
"EXTRACTED/404/0";"Username";"用户名";"";""
"EXTRACTED/405/0";"Verification code";"验证码";"";""
"EXTRACTED/406/0";"View more";"查看更多";"";""
"EXTRACTED/407/0";"Your account is successfully verified, and we are going to the login interface.";"您的账户验证成功，我们将跳转到登录界面。";"";""
"EXTRACTED/408/0";"Your account is successfully verified.";"您的账户已验证成功。";"";""
"EXTRACTED/409/0";"You have not activated your email yet. Please activate your email first. If you have not received the activation email, please click {resendLink}.";"您的邮箱还没有激活。请先进行激活。如果您没有收到激活邮件，请点击{resendLink}。";"";""
"EXTRACTED/410/0";"Your verification code has expired. Please re-register and verify your account again.";"您的验证码已经过期。请重新注册并再次验证您的账户。";"";""
"EXTRACTED/411/0";"Your verification code has expired. Please re-receive activation email and verify your account again.";"您的验证码已经过期。请重新获取激活邮件并验证您的账户。";"";""
"EXTRACTED/412/0";"Your verification code has expired. Please re-receive activation email and verify your account again {resendLink}.";"您的验证码已经过期。请重新获取激活邮件并验证您的账户 {resendLink}。";"";""
"EXTRACTED/413/0";"and";"和";"";""
"EXTRACTED/414/0";"here";"这里";"";""
"EXTRACTED/415/0";"resend email";"重新发送邮件";"";""
"EXTRACTED/416/0";"to reset your password.";"重置您的密码。";"";""
"EXTRACTED/417/0";"{email} is not found. Please verify it and try again.";"{email}找不到。请确认后重试。";"";""
"EXTRACTED/418/0";"You do not have permission to access Foxit PDF Editor. Please contact your organization administrator for help.";"您没有访问福昕高级编辑器的权限。请与您的组织管理员联系寻求帮助。";"";""
"EXTRACTED/419/0";"Set successfully.";"设置成功。";"";""
"EXTRACTED/420/0";"This account exists in multiple organizations. Please select your organization below, and Foxit PDF Editor will be reactivated using the license of that organization.";"该账户存在于多个组织中。请在下面选择您所在的组织，福昕高级编辑器将使用该组织的授权重新激活。";"";""
"EXTRACTED/421/0";"Loading...";"正在加载...";"";""
"EXTRACTED/422/0";"You will receive an email from {org} within a few minutes with directions on how to reset your password.";"您将会在几分钟内接收到一封来自 {org} 的邮件，引导您如何重置密码。";"";""
"EXTRACTED/423/0";"Invalid invitation link. code: ";"无效的邀请链接。错误码： ";"";""
"EXTRACTED/424/0";"The link has expired.";"该链接已过期。";"";""
"EXTRACTED/425/0";"Organization Service";"组织服务";"";""
"EXTRACTED/426/0";"Individual Service";"个人服务";"";""
"EXTRACTED/427/0";"Your current account uses single sign-on, and you cannot change your password through the Admin Console.";"您当前的账户使用了单点登录，因此您无法通过管理控制台更改密码。";"";""
"EXTRACTED/428/0";"your company";"您的公司";"";""
"EXTRACTED/429/0";"Before you start using ConnectedPDF, please check the following settings.";"在您启用互联PDF之前，请检查如下设置。";"";""
"EXTRACTED/430/0";"ConnectedPDF Settings";"互联PDF设置";"";""
"EXTRACTED/431/0";"Automatically save PDF files in ConnectedPDF format (including those created from plugins) only when signed in.";"登录状态下自动将PDF文件保存为互联PDF格式（包括从插件中创建生成的文件）。";"";""
"EXTRACTED/432/0";"Automatically save PDF files in ConnectedPDF format (including those created from plugins)";"自动将PDF文件保存为互联PDF格式（包括从插件创建的那些文件）";"";""
"EXTRACTED/433/0";"For best results check both boxes.";"为了最佳效果，请勾选所有输入框。";"";""
"EXTRACTED/434/0";"We value your privacy and content security! By default, ConnectedPDF does NOT store your document content in the cloud, and we only store usage data if you consent above. If you ever sign up for cloud storage/backup services that do store your content, we will make it very obvious that you are doing so.";"我们重视您的隐私和内容安全！默认情况下，互联PDF并不在云中存储文档内容，我们只会在您同意的前提下存储使用数据。如果您曾经注册过云存储/备份服务，我们将在明显的位置告知您正在做这些事情。";"";""
"EXTRACTED/435/0";"For more information, visit";"如需更多信息，访问";"";""
"EXTRACTED/436/0";"connectedpdf.com";"connectedpdf.com";"";""
"EXTRACTED/437/0";"<a target=""_blank"" id=""privacy_href"">connectedpdf.com/privacy</a>.";"<a target=""_blank"" id=""privacy_href"">connectedpdf.com/privacy</a>.";"";""
"EXTRACTED/438/0";"Don't show this message again";"不再显示该消息";"";""
"EXTRACTED/439/0";"Apply Settings";"应用设置";"";""
"EXTRACTED/440/0";"Version";"版本";"";""
"EXTRACTED/441/0";"CPDF-reader-ad-proceed";"CPDF-reader-ad-proceed";"";""
"EXTRACTED/442/0";"Welcome to the world of ConnectedPDF.";"欢迎进入互联PDF世界。";"";""
"EXTRACTED/443/0";"Please sign in to unleash the full power of ConnectedPDF.";"请登录，释放完整的强大的互联PDF。";"";""
"EXTRACTED/444/0";"The PDF file you have just opened is actually a ConnectedPDF file. ConnectedPDF is a powerful, easy-to-use, free way to get more out of PDF and stay connected to your content. It's recommended that you sign in to a Foxit account to best use ConnectedPDF.";"您刚打开的PDF文件是一个互联PDF文件。互联PDF是一种功能强大，易于使用的免费方式，可以更好地使用PDF，并保持与您的内容的连接。我们推荐您登录福昕账户，以便更好的使用互联PDF。";"";""
"EXTRACTED/445/0";"Signing in to a Foxit account is required before converting a document to ConnectedPDF.";"将文档转换成互联PDF之前，需要先登录一个福昕账户。";"";""
"EXTRACTED/446/0";"You have set automatically save PDF file in ConnectedPDF format, including those created from plugins. However, if you're not signed in, you won't be able to take advantage of ConnectedPDF. Sign in to continue converting this file to a ConnectedPDF.";"您已经设置了自动将PDF文件保存为互联PDF格式（包括从插件创建的文件）。但是，如果您没有进行登录，您将不能使用互联PDF。登录后可继续将文件转换为互联PDF。";"";""
"EXTRACTED/447/0";"You have chosen to convert your PDF files to ConnectedPDFs during saving. (You can change this setting in Preferences) Sign in to a Foxit account to best use these ConnectedPDFs.";"您已经选定保存过程中将您的PDF文件转换为互联PDF（您可以在偏好设置中更改这项设置）。登录福昕账户可更好的使用互联PDF。";"";""
"EXTRACTED/448/0";"Set password";"设置密码";"";""
"EXTRACTED/449/0";"Set password for {email}";"为{email}设置密码";"";""
"EXTRACTED/450/0";"Set";"设置";"";""
"EXTRACTED/451/0";"The password cannot be less than {number} characters.";"密码不能少于{number}个字符。";"";""
"EXTRACTED/452/0";"The password cannot be more than {number} characters.";"密码不能超过{number}个字符。";"";""
"EXTRACTED/453/0";"The passwords do not match!";"密码不匹配！";"";""
"EXTRACTED/454/0";"Your account is successfully verified, and you are successfully invited to the ""{org}"" organization. You can wait for the administrator to assign you a license or actively contact your enterprise administrator to assign you a license.";"您的账户已成功验证，您已成功被邀请加入“{org}”组织。您可以等待管理员为您分配授权，或主动联系您的企业管理员为您分配授权。";"";""
"EXTRACTED/455/0";"You have accepted the invitation.";"您已经接受了邀请。";"";""
"EXTRACTED/456/0";"Warning";"警告";"";""
"EXTRACTED/457/0";"Password recovery";"找回密码";"";""
"EXTRACTED/458/0";"Retrieve Password";"找回密码";"";""
"EXTRACTED/459/0";"Name cannot be empty";"名称不能为空";"";""
"EXTRACTED/460/0";"This password is not complex enough.";"密码不够复杂。";"";""
"EXTRACTED/461/0";"Email format is incorrect.";"邮件地址格式不正确。";"";""
"EXTRACTED/462/0";"The First Name field is required.";"姓氏域是必需的。";"";""
"EXTRACTED/463/0";"The Last Name field is required.";"名字域是必需的。";"";""
"EXTRACTED/464/0";"The First Name cannot be more than {number} characters.";"姓氏不能少于{number}个字符。";"";""
"EXTRACTED/465/0";"The Last Name cannot be more than {number} characters.";"名字不能少于{number}个字符。";"";""
"EXTRACTED/466/0";"A strong password helps prevent unauthorized access to your account. For a strong password, it's recommended to use a hard to guess combination of text that is at least {min} characters long, includes both lowercase and uppercase characters, and includes at least one number and special character.";"强密码有助于防止未经授权人员的访问您的账户。对于强密码，建议使用难以猜测的文本组合，包含至少{min}个字符、包括小写和大写字符，以及至少一个数字和特殊字符。";"";""
"EXTRACTED/467/0";"Your account has been associated with Foxit {region} instance by your administrator, it only allows you to select a country or region supported by the {region} instance from the drop-down list.";"您的账户已被管理员关联到福昕{region}实例，只允许您从下拉列表中选择{region}实例支持的国家或地区。";"";""
"EXTRACTED/468/0";"Failure verification";"验证失败";"";""
"EXTRACTED/469/0";"The organization(s) belong to a different region from your account's geography and cannot be accessed. Please contact this organization's administrator.";"该组织所属地区与您的账户地理位置不同，无法访问。请联系该组织的管理员。";"";""
"EXTRACTED/470/0";"Your account is successfully verified, and you are successfully invited to the ""{org}"" organization. And you can use your organization account to access Foxit products ({product}) assigned to you.";"您的账户已成功验证，您已成功被邀请加入“{org}”组织。您可以使用您的组织账户访问分配给您的福昕产品（{product}）。";"";""
"EXTRACTED/471/0";"2025 © Foxit Software Incorporated. All rights reserved.";"福昕软件。保留所有权利。";"";""
"EXTRACTED/472/0";"Unsubscribed successfully. You will no longer receive the similar e-mails from Foxit Education Business Unit.";"退订成功。您将不再收到来自福昕教育事业部的类似电子邮件。";"";""
"EXTRACTED/473/0";"The service is currently unavailable. Please try again later.";"服务当前不可用，请稍后重试。";"";""
"EXTRACTED/474/0";"The disabled organization(s) belong to another region's instance, please contact the organization's administrator if need be.";"被禁用的组织属于其他地区的实例，如有需要请联系该组织的管理员。";"";""
"EXTRACTED/475/0";"Your account is successfully verified, and you are successfully invited to the ""{org}"" organization. And you can use your organization account to access Foxit eSign assigned to you. Click the link to go to Foxit eSign: {link}";"您的账户已成功验证，您已成功被邀请加入“{org}”组织。您可以使用您的组织账户访问分配给您的福昕电子签章。点击链接前往福昕电子签章: {link}";"";""
"EXTRACTED/476/0";"Unsubscribe";"取消订阅";"";""
"EXTRACTED/477/0";"Select an organization";"选择一个组织";"";""
"EXTRACTED/478/0";"Select the organization you'd like to use to activate Foxit PDF Editor or click on ""Sign in with your individual service"" to activate the software using your individual service.";"选择您想使用的组织来激活福昕高级PDF编辑器或点击“使用您的个人服务登录”来激活使用您的个人服务的软件。";"";""
"EXTRACTED/479/0";"Sign in with your individual service";"使用您的个人服务登录";"";""
"EXTRACTED/480/0";"Incorrect account.";"账户不正确。";"";""
"EXTRACTED/481/0";"Please enter a valid email address.";"请输入一个合法的邮件地址。";"";""
"EXTRACTED/482/0";"Please enter your email to continue";"请输入您的电子邮件以继续";"";""
"EXTRACTED/483/0";"The admin of {orgName} invite you to join your organization";"{orgName}的管理员邀请您加入组织";"";""
"EXTRACTED/484/0";"Continue";"继续";"";""
"EXTRACTED/485/0";"This information will only be shared with the administrator.";"此信息仅与管理员共享。";"";""
"EXTRACTED/486/0";"Your account has been associated with Foxit {region} instance by your administrator, it only allows you to select a country from drop-down list belonging to {region} datacenter.";"您的账户已被管理员关联到福昕 {region} 实例，您只能从属于{region} 数据中心的下拉列表中选择国家。";"";""
"EXTRACTED/487/0";"You are already an enterprise administrator of another data storage center and cannot modify the country or region.";"您已经是另一个数据存储中心的企业管理员，无法修改国家或地区。";"";""
"EXTRACTED/488/0";"You are already a directory user of the enterprise and cannot be invited.";"您已经是企业的目录用户，无法被邀请。";"";""
"EXTRACTED/489/0";"To join the organization, please modify your region information to align with our regional operations.";"要加入该组织，请将您的区域信息修改为与我们的区域运营相一致。";"";""
"EXTRACTED/490/0";"Please be aware that once you join, you will be disassociated from your original organization, and you will be unable to transfer or access any previous account data.";"请注意，一旦加入，您将与您原先的组织解除关联，将无法转移或访问任何先前的帐户数据。";"";""
"EXTRACTED/491/0";"Data Storage Center:";"数据存储中心：";"";""
"EXTRACTED/492/0";"US datacenter";"US数据中心";"";""
"EXTRACTED/493/0";"Europe datacenter";"Europe数据中心";"";""
"EXTRACTED/494/0";"Canada datacenter";"Canada数据中心";"";""
"EXTRACTED/495/0";"Australia datacenter";"Australia数据中心";"";""
"EXTRACTED/496/0";"Invalid link. code: ";"无效链接。code:";"";""
"EXTRACTED/497/0";"The current account does not exist.";"当前账户不存在。";"";""
"EXTRACTED/498/0";"The current account is not in the same region as the organization.";"当前账户不在与组织相同的地区。";"";""
"EXTRACTED/499/0";"Failed to change country.";"无法更改国家。";"";""
"EXTRACTED/500/0";"To join the new organization, please modify your region information to align with our regional operations.";"若要加入新组织，请修改您的地区信息以与我们的区域运营保持一致。";"";""
"EXTRACTED/501/0";"Your account is successfully verified. If you already have a license, you can log in to the client directly. Otherwise, you may wait for the administrator to assign you a license, or actively contact your enterprise administrator to request one.";"您的账户已成功验证。若您已有许可证，可直接登录客户端；否则，您可以等待管理员为您分配许可证，或主动联系企业管理员申请。";"";""
"EXTRACTED/502/0";"Please change your <span class=""chooseBold"">country or region</span>";"请更改您的<span class=""chooseBold"">国家或地区</span>";"";""
"EXTRACTED/503/0";"{year} © Foxit Software Incorporated. All rights reserved.";"{year} © 福昕软件公司。保留所有权利。";"";""
"EXTRACTED/504/0";"{year} © Fujian Foxit Software Development Joint Stock Co.,Ltd. All rights reserved.";"{year} © 福建福昕软件开发股份有限公司。保留所有权利。";"";""
"EXTRACTED/505/0";"You are already a directory user of the  enterprise and cannot be invited.";"您已经是该企业的目录用户，无法被邀请。";"";""
"EXTRACTED/506/0";"You have accepted the invitation of {OrganizationName}. Please wait for your administrator to assign licenses. Once it's ready, sign in to your Foxit account to start using Foxit products.";"您已接受了{OrganizationName}的邀请。请等待您的管理员分配许可证。准备就绪后，登录您的福昕账户以开始使用福昕产品。";"";""
"EXTRACTED/507/0";"Invitation Accepted";"邀请已接受";"";""
"EXTRACTED/508/0";"Link Expired";"链接已过期";"";""
"EXTRACTED/509/0";"This authorization link is no longer valid because a newer authorization link has been generated. Please use the most recent link to complete the authorization.";"此授权链接已失效，因为已生成了较新的授权链接。请使用最新的链接完成授权。";"";""
"EXTRACTED/510/0";"This authorization link has expired (24-hour validity). Please contact Foxit Support to initiate a new authorization request.";"此授权链接已过期（24小时有效期）。请联系 福昕支持以发起新的授权请求。";"";""
"EXTRACTED/511/0";"Authorization Already Completed";"授权已完成";"";""
"EXTRACTED/512/0";"This authorization link has already been used. Access has already been granted to the Foxit Support Team.";"此授权链接已被使用。访问权限已授予  福昕 支持团队。";"";""
"EXTRACTED/513/0";"Authorization Successful";"授权成功";"";""
"EXTRACTED/514/0";"You have successfully authorized the Foxit Support Team to access your Admin Console. Access is valid until {endTime} and will be automatically revoked upon expiration.";"您已成功授权福昕支持团队访问您的管理控制台。访问权限有效期至{endTime}，过期后将自动撤销。";"";""
"EXTRACTED/515/0";"You are joining an enterprise organization via an invitation. Your data center will be automatically aligned with your enterprise's datacenter ({datacenter}). This ensures unified management and compliance for your organization.";"您正在通过邀请加入企业组织。您的数据中心将自动与企业数据中心（{datacenter}）保持一致，以确保组织实现统一管理与合规管控。";"";""
"EXTRACTED/516/0";"Please choose your <span class=""chooseBold"">country</span>";"请选择您的 <span class=""chooseBold"">国家</span>";"";""
"EXTRACTED/517/0";"This account is not invited to this organization.";"此账户未被邀请加入此组织。";"";""
"EXTRACTED/518/0";"This account is already in this organization.";"该账户已在此组织中。";"";""
"EXTRACTED/519/0";"Server Name:";"服务器名称：";"";""
"EXTRACTED/520/0";"The verification code is incorrect.";"该验证码不正确。";"";""
"EXTRACTED/521/0";"Please sign in.";"请登录。";"";""
"EXTRACTED/522/0";"This user is not registered.";"该用户未注册。";"";""
"EXTRACTED/523/0";"Update frequency cannot be less than {day} days.";"更新频率不能少于{day}天。";"";""
"EXTRACTED/524/0";"The {parameter} is in the wrong format.";"{parameter}的格式错误。";"";""
"EXTRACTED/525/0";"{parameter} parameter is not complete.";"{parameter}参数不完整。";"";""
"EXTRACTED/526/0";"{parameter1} cannot be greater than {parameter2}.";"{parameter1}不能大于{parameter2}。";"";""
"EXTRACTED/527/0";"There are no records.";"没有记录。";"";""
"EXTRACTED/528/0";"This item already exists.";"该条目已经存在了。";"";""
"EXTRACTED/529/0";"Incorrect email or password.";"用户电子邮件或密码不正确。";"";""
"EXTRACTED/530/0";"This user has already been registered.";"该用户已被注册。";"";""
"EXTRACTED/531/0";"This link has expired.";"该链接已过期。";"";""
"EXTRACTED/532/0";"Incorrect password. Please try again.";"密码错误。请重试。";"";""
"EXTRACTED/533/0";"Admin Console license could not be found.";"找不到管理控制台授权。";"";""
"EXTRACTED/534/0";"You have reached your maximum number of users.";"您已达到最大用户数。";"";""
"EXTRACTED/535/0";"Key file could not be installed.";"无法安装密钥文件。";"";""
"EXTRACTED/536/0";"Your company has not been registered.";"您的公司尚未注册。";"";""
"EXTRACTED/537/0";"This user does not exist.";"用户不存在。";"";""
"EXTRACTED/538/0";"User could not be deleted.";"无法删除用户。";"";""
"EXTRACTED/539/0";"Incorrect license file";"授权文件不正确";"";""
"EXTRACTED/540/0";"Client authorization could not be deleted.";"客户端授权无法删除。";"";""
"EXTRACTED/541/0";"This user has not activated their email address.";"该用户尚未激活他们的邮件地址。";"";""
"EXTRACTED/542/0";"Parameter error";"参数错误";"";""
"EXTRACTED/543/0";"The start time you have entered is after the end time.";"您输入的开始时间晚于结束时间";"";""
"EXTRACTED/544/0";"Plugin storage configuration error.";"插件存储配置错误。";"";""
"EXTRACTED/545/0";"Plugin configuration could not be deleted.";"插件配置无法删除。";"";""
"EXTRACTED/546/0";"Plugin storage error.";"插件存储错误。";"";""
"EXTRACTED/547/0";"Plugin storage test error.";"插件存储测试错误。";"";""
"EXTRACTED/548/0";"This group already exists.";"该组已经存在。";"";""
"EXTRACTED/549/0";"This group name is too long.";"这个组名称太长。";"";""
"EXTRACTED/550/0";"This group does not exist.";"该组不存在。";"";""
"EXTRACTED/551/0";"This user is not authorized.";"该用户未获授权。";"";""
"EXTRACTED/552/0";"Mail server is not configured. Please add a mail server in ""Mail Server"".";"邮件服务器未配置。请在“邮件服务器”中添加一台邮件服务器。";"";""
"EXTRACTED/553/0";"Operation could not be performed.";"无法执行操作。";"";""
"EXTRACTED/554/0";"This user has not been invited.";"尚未邀请该用户。";"";""
"EXTRACTED/555/0";"Interface could not be requested.";"无法请求接口。";"";""
"EXTRACTED/556/0";"File could not be validated.";"无法验证文件。";"";""
"EXTRACTED/557/0";"No domain name resolution record detected.";"没有发现域名解析记录。";"";""
"EXTRACTED/558/0";"Batch user invitation failed.";"批量用户邀请失败。";"";""
"EXTRACTED/559/0";"You cannot invite yourself.";"您不能邀请您自己。";"";""
"EXTRACTED/560/0";"This user is not in your enterprise.";"该用户不在您的企业中。";"";""
"EXTRACTED/561/0";"Verification code was not entered correctly.";"验证码输入错误。";"";""
"EXTRACTED/562/0";"Could not remove user.";"无法移除用户。";"";""
"EXTRACTED/563/0";"Password confirmation did not match.";"确认密码不一致。";"";""
"EXTRACTED/564/0";"Only members of your enterprise are supported.";"仅支持企业成员。";"";""
"EXTRACTED/565/0";"This user has not accepted the invitation.";"该用户尚未接受邀请。";"";""
"EXTRACTED/566/0";"LDAP username and password were not found.";"找不到LDAP用户名和密码。";"";""
"EXTRACTED/567/0";"LDAP configuration name already exists.";"LDAP配置名称已存在。";"";""
"EXTRACTED/568/0";"LDAP authentication returned an error.";"LDAP授权返回错误。";"";""
"EXTRACTED/569/0";"No data to export.";"没有要导出的数据。";"";""
"EXTRACTED/570/0";"Could not revoke user access.";"无法撤销用户访问权限。";"";""
"EXTRACTED/571/0";"Could not enable user access.";"无法启用用户访问。";"";""
"EXTRACTED/572/0";"This function is only supported in on-premise mode.";"仅在本地模式下支持此功能。";"";""
"EXTRACTED/573/0";"LDAP users cannot be modified through the Admin Console.";"LDAP用户无法通过管理控制台进行修改。";"";""
"EXTRACTED/574/0";"Could not send email message";"无法发送电子邮件";"";""
"EXTRACTED/575/0";"This license is already enabled in the Admin Console.";"该授权已在管理控制台中启用。";"";""
"EXTRACTED/576/0";"We updated your license and if you don't see the update, please refresh the page.";"我们更新了您的授权，如果看不到更新，请刷新页面。";"";""
"EXTRACTED/577/0";"This domain name already exists.";"该域名已经存在。";"";""
"EXTRACTED/578/0";"You can't edit your own administrator account.";"您无法编辑自己的管理员账户。";"";""
"EXTRACTED/579/0";"Your account has been disabled.";"您的账户已禁用。";"";""
"EXTRACTED/580/0";"Sorry, we can't find any valid license associated with your account for Admin Console, please contact our support for help.";"抱歉，我们找不到与您的管理控制台账户相关联的有效授权，请联系我们的技术支持人员以获取帮助。";"";""
"EXTRACTED/581/0";"You are not an Admin Console administrator.";"您不是管理控制台管理员。";"";""
"EXTRACTED/582/0";"Error with AD configuration.";"AD配置错误。";"";""
"EXTRACTED/583/0";"Error saving AD configuration.";"保存AD配置时出错。";"";""
"EXTRACTED/584/0";"You cannot delete the Super Administrator.";"您无法删除超级管理员。";"";""
"EXTRACTED/585/0";"You cannot edit the Super Administrator's account.";"您无法编辑超级管理员账户。";"";""
"EXTRACTED/586/0";"You cannot change your password through the Admin Console. Please change it through your single sign-on system.";"您无法通过管理控制台更改密码。请通过您的单点登录系统进行更改。";"";""
"EXTRACTED/587/0";"Only the Super Administrator can delete administrator accounts.";"只有超级管理员可以删除管理员账户。";"";""
"EXTRACTED/588/0";"Only the Super Administrator can disable administrator accounts.";"只有超级管理员可以禁用管理员账户。";"";""
"EXTRACTED/589/0";"Only the Super Administrator can enable administrator accounts.";"只有超级管理员可以启用管理员账户。";"";""
"EXTRACTED/590/0";"Operation failed.";"操作失败。";"";""
"EXTRACTED/591/0";"LDAP configuration error.";"LDAP配置错误。";"";""
"EXTRACTED/592/0";"This group description is too long.";"这个组描述太长。";"";""
"EXTRACTED/593/0";"This user is already an administrator.";"该用户已经是管理员。";"";""
"EXTRACTED/594/0";"Your Foxit Admin Console license has expired.";"您的福昕管理控制台授权已过期。";"";""
"EXTRACTED/595/0";"User authorization could not be deleted.";"用户授权无法删除。";"";""
"EXTRACTED/596/0";"Your license has been updated.";"您的授权已更新。";"";""
"EXTRACTED/597/0";"Database error. Please contact Foxit support.";"数据库错误。请联系福昕技术支持。";"";""
"EXTRACTED/598/0";"The key version is incorrect.";"授权文件的版本不正确。";"";""
"EXTRACTED/599/0";"Failed to install the key file.";"无法安装密钥文件。";"";""
"EXTRACTED/600/0";"The server ID is inconsistent with the native.";"服务器ID与本机不一致。";"";""
"EXTRACTED/601/0";"The key file you imported is expired.";"您导入的密钥文件已过期。";"";""
"EXTRACTED/602/0";"The key file type was not recognized.";"无法识别密钥文件类型。";"";""
"EXTRACTED/603/0";"The hostname is not an IP address or URL.";"主机名不能是一个IP地址或者链接";"";""
"EXTRACTED/604/0";"Failed to delete package(s).";"软件包删除失败。";"";""
"EXTRACTED/605/0";"Package(s) successfully deleted.";"软件包删除成功。";"";""
"EXTRACTED/606/0";"Failed to delete record(s).";"记录删除失败。";"";""
"EXTRACTED/607/0";"Successfully deleted record(s).";"记录删除成功。";"";""
"EXTRACTED/608/0";"Failed to retry downloading the package";"无法重试下载软件包";"";""
"EXTRACTED/609/0";"Package download retrying.";"软件包下载正在重试。";"";""
"EXTRACTED/610/0";"Failed to push package(s)";"软件包推送失败。";"";""
"EXTRACTED/611/0";"Failed to cancel pushing package(s).";"取消软件包推送失败。";"";""
"EXTRACTED/612/0";"Failed to approve the package(s)";"无法批准软件包";"";""
"EXTRACTED/613/0";"Failed to approve client users to download";"无法批准客户端用户下载";"";""
"EXTRACTED/614/0";"Packages have been approved and pushed.";"软件包已被批准并进行了推送。";"";""
"EXTRACTED/615/0";"Package push has been cancelled";"安装包推送已被取消";"";""
"EXTRACTED/616/0";"Download directory does not exist";"下载目录不存在";"";""
"EXTRACTED/617/0";"Failed to create download directory";"创建下载目录失败";"";""
"EXTRACTED/618/0";"This package does not exist on the Foxit official website";"该软件包在福昕官方网站上不存在";"";""
"EXTRACTED/619/0";"Download failed";"下载失败";"";""
"EXTRACTED/620/0";"Network connection timed out";"网络连接超时";"";""
"EXTRACTED/621/0";"Failed to get downloaded file";"无法获取下载文件";"";""
"EXTRACTED/622/0";"The downloaded file was corrupted. Please try again.";"下载文件被破坏了。请重试。";"";""
"EXTRACTED/623/0";"The downloaded file size was incorrect. Please try again.";"下载的文件大小不正确。请重试。";"";""
"EXTRACTED/624/0";"The XML information of the package is corrupted. Please try again.";"软件包的XML信息被破坏。请重试。";"";""
"EXTRACTED/625/0";"Failure to synchronize users.";"用户同步失败。";"";""
"EXTRACTED/626/0";"The old password is incorrect. Please try again.";"旧密码错误。请重试。";"";""
"EXTRACTED/627/0";"Failed";"失败";"";""
"EXTRACTED/628/0";"(28) Operation too slow. Less than {number1} bytes/sec transferred the last {number2} seconds";"（28）操作太慢。在最近{number2}秒内传输的速度少于{number1}字节/秒";"";""
"EXTRACTED/629/0";"(28) Connection timed out after {number} milliseconds";"(28) {number}毫秒后连接超时";"";""
"EXTRACTED/630/0";"(6) Could not resolve host: {host}";"（6）无法解析主机：{host}";"";""
"EXTRACTED/631/0";"This user already exists.";"该用户已经存在了。";"";""
"EXTRACTED/632/0";"Email format incorrect";"邮件地址格式不正确";"";""
"EXTRACTED/633/0";"Only the Super Administrator can transfer ownership.";"只有超级管理员可以转移所有权。";"";""
"EXTRACTED/634/0";"Failure to transfer ownership.";"无法转移所有权关系。";"";""
"EXTRACTED/635/0";"This user already owns an Admin Console and cannot own more than one.";"该用户已经拥有一个管理控制台，不能拥有多个控制台。";"";""
"EXTRACTED/636/0";"You can't transfer ownership to yourself.";"您无法转移所有权关系给您自己。";"";""
"EXTRACTED/637/0";"This user is already a super administrator.";"该用户已经是超级管理员。";"";""
"EXTRACTED/638/0";"The department does not exist.";"该部门不存在。";"";""
"EXTRACTED/639/0";"Number of assigned licenses error.";"分配的授权数量错误。";"";""
"EXTRACTED/640/0";"This user is already a sub-administrator.";"该用户已经是二级管理员。";"";""
"EXTRACTED/641/0";"This user is not a sub-administrator.";"该用户已经是二级管理员。";"";""
"EXTRACTED/642/0";"The version you are rolling back to must be older than the current version.";"要回滚的版本必须比低于当前版本。";"";""
"EXTRACTED/643/0";"You need to configure a mail service to receive mail and set your password.";"您需要配置邮件服务来接收邮件并设置密码。";"";""
"EXTRACTED/644/0";"Incorrect file format.";"文件格式不正确。";"";""
"EXTRACTED/645/0";"Sub-administrator accounts cannot be disabled.";"二级管理员账户不能禁用。";"";""
"EXTRACTED/646/0";"Package verification error.";"软件包验证错误。";"";""
"EXTRACTED/647/0";"Admin Console services cannot be cancelled while you have an active subscription.";"当订阅处于激活状态时，不能取消管理控制台服务。";"";""
"EXTRACTED/648/0";"The verification code is incorrect, please try again.";"验证码不正确，请重试。";"";""
"EXTRACTED/649/0";"The verification code has expired.";"验证码已过期。";"";""
"EXTRACTED/650/0";"The verification code could not be sent. Please retry.";"验证码发送失败。请重试。";"";""
"EXTRACTED/651/0";"The number of days has exceeded the maximum allowed.";"天数已超过所允许的上限。";"";""
"EXTRACTED/652/0";"License date could not be verified.";"授权日期无法验证。";"";""
"EXTRACTED/653/0";"TPPK or TPPKSign is empty.";"TPPK或TPPKSign为空。";"";""
"EXTRACTED/654/0";"License info could not be verified.";"授权信息无法验证。";"";""
"EXTRACTED/655/0";"License check exception.";"授权检查异常。";"";""
"EXTRACTED/656/0";"This user cannot be assigned the same product again.";"不能再为该用户分配相同的产品。";"";""
"EXTRACTED/657/0";"The number of users exceeds the number of assigned authorizations.";"用户数量超过了分配的授权数量。";"";""
"EXTRACTED/658/0";"If you continue to update, to revoke the activated users first. You no longer purchase these current:";"如果继续更新，则必须先撤销已激活的用户。您确认不再购买当前这些：";"";""
"EXTRACTED/659/0";"Your license key file has expired. Please contact Foxit to update it.";"您的授权密钥文件已过期。请联系福昕进行更新。";"";""
"EXTRACTED/660/0";"After moving the user, you need to reassign their authorization.";"在迁移用户后，您需要重新分配他们的授权。";"";""
"EXTRACTED/661/0";"Please make sure the product has not already been assigned.";"请确认产品没有被分配。";"";""
"EXTRACTED/662/0";"This organization has no licenses.";"该组织没有授权。";"";""
"EXTRACTED/663/0";"This sub-organization does not have enough licenses.";"这个子组织没有足够的授权。";"";""
"EXTRACTED/664/0";"You have no envelopes remaining. Please purchase envelopes.";"您没有剩余的信封了。请购买信封。";"";""
"EXTRACTED/665/0";"Could not get a token from Foxit eSign.";"无法从福昕电子签章服务获取令牌。";"";""
"EXTRACTED/666/0";"Foxit eSign user not found.";"未找到福昕电子签章用户。";"";""
"EXTRACTED/667/0";"Foxit eSign organization not found.";"未找到福昕电子签章组织。";"";""
"EXTRACTED/668/0";"Could not add envelopes to Foxit eSign user.";"无法为福昕电子签章用户添加信封。";"";""
"EXTRACTED/669/0";"Could not add envelopes to Foxit eSign organization.";"无法为福昕电子签章组织添加信封。";"";""
"EXTRACTED/670/0";"Could not delete Foxit eSign user.";"无法删除福昕电子签章用户。";"";""
"EXTRACTED/671/0";"Could not create Foxit eSign user.";"无法创建福昕电子签章用户。";"";""
"EXTRACTED/672/0";"Failed to create organization of AssureSign.";"无法创建保证签名的组织。";"";""
"EXTRACTED/673/0";"Not enough licenses available. Please remove some existing licenses or purchase additional licenses.";"没有足够的授权。请删除一些现有的授权或购买额外的授权。";"";""
"EXTRACTED/674/0";"Could not authorize this account to use Foxit eSign.";"无法授权此账户使用福昕电子签章。";"";""
"EXTRACTED/675/0";"This account is already part of another organization.";"该账户已经是其他组织的成员了。";"";""
"EXTRACTED/676/0";"CSV file format incorrect.";"CSV文件格式不正确。";"";""
"EXTRACTED/677/0";"This department cannot be deleted because it contains administrator accounts. Please delete or move these accounts first.";"该部门包含管理员账户，无法删除。请先删除或者移动这些账户。";"";""
"EXTRACTED/678/0";"Configuration error, please check.";"配置失败，请重新检查。";"";""
"EXTRACTED/679/0";"If you continue to update, to remove or edit product administrator first. You no longer purchase these current:";"如果继续更新，则必须先移除或者编辑产品的管理员。您确认不再购买当前这些：";"";""
"EXTRACTED/680/0";"There is an administrator in the organization, please delete the administrator first.";"组织中有管理员，请先删除该管理员。";"";""
"EXTRACTED/681/0";"The account has been disabled.";"该账户已禁用。";"";""
"EXTRACTED/682/0";"Failure";"失败";"";""
"EXTRACTED/683/0";"You cannot invite the admin user.";"您不能邀请管理员。";"";""
"EXTRACTED/684/0";"You are acting too quickly, please wait a few seconds and try again.";"您的动作太快了，请等待几秒后重试。";"";""
"EXTRACTED/685/0";"This user needs to be enabled before you can authorize them.";"该用户需要先进行启用，然后才能为其授权。";"";""
"EXTRACTED/686/0";"The offline time should be within the validity period of the Admin Console.";"离线时间应在管理控制台的有效期内。";"";""
"EXTRACTED/687/0";"You cannot remove the Super Administrator's license.";"您无法移除超级管理员账户。";"";""
"EXTRACTED/688/0";"Update key file error, please try again.";"授权文件更新失败，请重试。";"";""
"EXTRACTED/689/0";"The number of authorizations you updated is less than the number of authorizations assigned to product administrator, so the system removes the excess product administrator, and you can reassign.";"您更新的授权数量少于分配给产品管理员的授权数量，因此系统会删除多余的产品管理员，您可以重新分配。";"";""
"EXTRACTED/690/0";"The task is processing now.";"该任务现在正在处理中。";"";""
"EXTRACTED/691/0";"The user in the third-party account system, cannot transfer the super administrator.";"第三方账号系统中的用户，无法转入超级管理员。";"";""
"EXTRACTED/692/0";"This license of argument don't exist Foxit PDF Editor Pro Windows and Foxit PDF Editor Windows";"此参数授权不存在福昕高级PDF编辑器专业版-Windows版和福昕高级PDF编辑器标准版-Windows版";"";""
"EXTRACTED/693/0";"This organization already exists.";"该组织已经存在了。";"";""
"EXTRACTED/694/0";"The product already has a product administrator, and it does not support multiple product administrators for the same product to manage the same personnel.";"此产品已有产品管理员，不支持同一产品的多个产品管理员是来自同一组。";"";""
"EXTRACTED/695/0";"""Group Members Attribute"" and ""User Membership Attribute"" must be empty or non-empty at the same time.";"“组成员属性”和“用户成员资格属性”必须同时为空或非空。";"";""
"EXTRACTED/696/0";"No permission to enable the licenses recycling function.";"无权限开启授权回收功能。";"";""
"EXTRACTED/697/0";"No permission to enable the automatically authorize.";"无权限开启自动授权。";"";""
"EXTRACTED/698/0";"User does not exist, please complete user information in CSV file.";"用户不存在，请在CSV文件中填写用户信息。";"";""
"EXTRACTED/699/0";"Country/Region of the enterprise do not match with the user.";"企业所在的国家/地区与用户不匹配。";"";""
"EXTRACTED/700/0";"You have not purchased this product license.";"您尚未购买此产品的授权。";"";""
"EXTRACTED/701/0";"Licenses of {Product} are not enough, please redistribute.";"{Product}的授权不足，请重新分发。";"";""
"EXTRACTED/702/0";"The value of quota must exceed License Users in {Product}.";"配额值必须超过{Product}中的授权用户。";"";""
"EXTRACTED/703/0";"Please confirm whether to change the organizational structure? If you change the organizational structure, the quota values of {OU1} and {OU2} will be cleared.";"请确认是否更改组织架构？如果更改组织结构，{OU1}和{OU2}的配额值将被清除。";"";""
"EXTRACTED/704/0";"Please confirm whether to change the organizational structure? If you change the organizational structure, the quota values of {OU1} will be cleared.";"请确认是否更改组织架构？如果更改组织结构，{OU1}的配额值将被清除。";"";""
"EXTRACTED/705/0";"You do not have permission for this.";"您对此没有权限。";"";""
"EXTRACTED/706/0";"Not enough licenses available. Please remove some existing licenses, reset license quota or purchase additional licenses.";"没有足够的授权。请删除一些现有的授权、重置授权配额或购买额外的授权。";"";""
"EXTRACTED/707/0";"The user's region is different from that of the enterprise and cannot be transferred.";"用户所在地区与企业所在地区不同，不能转移。";"";""
"EXTRACTED/708/0";"No admin console subscription information.";"没有管理控制台授权信息。";"";""
"EXTRACTED/709/0";"The email to be transferred is a third-party account, please confirm whether it has the password of Foxit system. If not, please use the ""Forgot Password"" function to set Foxit password.";"需要转移的邮件是第三方账号，请确认其是否有福昕系统的密码。如果没有，请使用“忘记密码”功能设置福昕密码。";"";""
"EXTRACTED/710/0";"Email subject must not exceed 255 characters.";"电子邮件主题不得超过255个字符。";"";""
"EXTRACTED/711/0";"Your organization(s) has not set a country or region. Please call Foxit Technical Support at +1-866-MYFOXIT or +1-866-693-6948 (24/7 service) to set it.";"您的组织尚未设置国家或地区。请致电0591-38509808联系福昕技术支持进行设置。";"";""
"EXTRACTED/712/0";"The user's region is different from that of the enterprise and cannot be added as an administrator.";"用户所在地区与企业所在地区不同，不能添加其为管理员。";"";""
"EXTRACTED/713/0";"Synchronizing..., could not cancel the current operation.";"正在同步...，不能取消当前操作。";"";""
"EXTRACTED/714/0";"Removing..., could not cancel the current operation.";"正在移除...，不能取消当前操作。";"";""
"EXTRACTED/715/0";"Can not delete this directory. To delete this directory, please transfer admin privileges in Privacy and Security.";"无法删除此目录。要删除此目录，请在“隐私和安全”中转移管理员权限。";"";""
"EXTRACTED/716/0";"Can not delete the Single-Sign-On (SAML 2.0) configuration. To delete the configuration, please transfer admin privileges in Privacy and Security.";"不能删除单点登录(SAML 2.0)配置。要删除配置，请在“隐私和安全”中转移管理员权限。";"";""
"EXTRACTED/717/0";"SAML synchronize cancel failed.";"SAML同步取消失败。";"";""
"EXTRACTED/718/0";"Please add no more than 200 users.";"请添加不超过200个的用户。";"";""
"EXTRACTED/719/0";"Insufficient number of specified license. Please select other available license, remove some existing licenses, reset license quota or purchase additional licenses.";"指定授权的数量不足。请选择其他可用授权、删除一些现有授权、重置授权配额或购买额外授权。";"";""
"EXTRACTED/720/0";"Unknown error. Please try again.";"未知错误。请重试。";"";""
"EXTRACTED/721/0";"Could not authorize this account to use Foxit eSign China External. Please try again later.";"无法授权此账户使用福昕电子签章对外签署服务，请稍后重试。";"";""
"EXTRACTED/722/0";"Super administrator is assigned the licenses of Foxit eSign related products by default and cannot be removed.";"超级管理员默认被分配福昕电子签名相关产品的授权不可删除。";"";""
"EXTRACTED/723/0";"Activations more than allowed devices.";"激活数目多于允许设备数。";"";""
"EXTRACTED/724/0";"No Domains.";"没有域。";"";""
"EXTRACTED/725/0";"You can refer to the configuration instruction in the provision settings to resolve the problem.";"您可以参考预配设置中的说明来解决问题。";"";""
"EXTRACTED/726/0";"Directory name is exist.";"目录名称已存在。";"";""
"EXTRACTED/727/0";"No valid domain is available. Please add and verify domain first.";"没有可用的有效域。 请先添加并验证域。";"";""
"EXTRACTED/728/0";"DNS changes can take up to 72 hours to update depending on your DNS host. Please try again later.";"根据您的DNS主机，DNS更改可能需要72个小时才能更新。请稍后再试。";"";""
"EXTRACTED/729/0";"No users found.";"未找到相应的用户。";"";""
"EXTRACTED/730/0";"This user is already in the Admin Console.";"该用户已经在管理控制台中。";"";""
"EXTRACTED/731/0";"The mailbox does not exist.";"邮箱不存在。";"";""
"EXTRACTED/732/0";"The mailbox is undeliverable.";"邮箱无法投递。";"";""
"EXTRACTED/733/0";"This Domain is being used, please try again later.";"此域正在使用中，请稍后重试。";"";""
"EXTRACTED/734/0";"Failure to transfer ownership because of the eSign subscription conflict. Please remove the user's eSign subscription before transferring admin privileges.";"由于电子签章订阅冲突，无法转移所有权。请在转移管理员权限之前删除用户的电子签章订阅。";"";""
"EXTRACTED/735/0";"The directory configuration is incomplete. Please complete the SAML configuration in Directory Settings before adding a Domain.";"目录配置不完整。 请在添加域之前完成目录设置中的SAML配置。";"";""
"EXTRACTED/736/0";"{userNum} user(s) applied to join your organization";"{userNum} 位用户申请加入您的组织";"";""
"EXTRACTED/737/0";"request(s) to join your organization and gain access to {product}. You can click Approve Now to approve immediately.";"请求加入您的组织并获得对{product}的访问权限。您可以点击“立即批准”立即批准.";"";""
"EXTRACTED/738/0";"Data acquisition failed. Please choose a correct date range.";"数据获取失败。请选择正确的日期范围。";"";""
"EXTRACTED/739/0";"The automatic deactivation time must be greater than or equal to the offline activation time.";"自动取消授权的时间必须大于或者等于离线激活时间";"";""
"EXTRACTED/740/0";"This user has been restricted by the administrator from accessing the product.";"该用户被管理员限制访问产品。";"";""
"EXTRACTED/741/0";"Application record not found.";"未找到应用记录。";"";""
"EXTRACTED/742/0";"The status does not support this operation.";"该状态下不支持此操作。";"";""
"EXTRACTED/743/0";"The message has been read.";"该消息已被阅读。";"";""
"EXTRACTED/744/0";"The user has joined the enterprise.";"该用户已加入企业。";"";""
"EXTRACTED/745/0";"Failed to add user in enterprise.";"无法在企业中添加用户。";"";""
"EXTRACTED/746/0";"Reject to assign license to the user.";"拒绝分配权限给该用户。";"";""
"EXTRACTED/747/0";"The record has been deleted.";"该记录已删除。";"";""
"EXTRACTED/748/0";"The request has been processed.";"该请求已处理。";"";""
"EXTRACTED/749/0";"Exporting the report too frequently. Please try again later.";"导出报告过于频繁。请稍后再试。";"";""
"EXTRACTED/750/0";"Special characters are not allowed for security reasons.";"出于安全原因，不允许使用特殊字符。";"";""
"EXTRACTED/751/0";"Failed to Assign Smart Redact license.";"无法分配智能密文授权。";"";""
"EXTRACTED/752/0";"This user cannot be assigned Smart Redact license again.";"无法再次向该用户分配智能密文授权。";"";""
"EXTRACTED/753/0";"This user cannot be assigned the same product again. If you want to change the plugin license, please modify it on the User Detail page.";"无法再次向该用户分配相同的产品。如果您想更改插件授权，请在用户详细信息页面进行修改。";"";""
"EXTRACTED/754/0";"Failure to transfer ownership. The transferred account has both individual and enterprise online subscriptions.";"无法转让所有权。转移的账户既有个人在线订阅，也有企业在线订阅。";"";""
"EXTRACTED/755/0";"Failure to transfer ownership. Both the super admin and the transferred account have already been registered with Stripe or PayPal.";"无法转让所有权。超级管理员和转移账户均已在Stripe或PayPal注册。";"";""
"EXTRACTED/756/0";"eSign-related products cannot be licensed to you.";"电子签名相关产品无法授权给您。";"";""
"EXTRACTED/757/0";"Setup Admins cannot assign the licenses to themselves. Please contact the Super Admin for the licenses.";"设置管理员无法将授权分配给自己。请联系超级管理员获取授权。";"";""
"EXTRACTED/758/0";"The user already exists in the current or other departments.";"用户已存在于当前或其他部门中。";"";""
"EXTRACTED/759/0";"User license removed due to insufficient quota.";"由于配额不足，用户授权已被移除。";"";""
"EXTRACTED/760/0";"It is not possible to move this organization as it is associated with the organization of Foxit eSign. If you need to move it, please delete the current organization and create a new one.";"这个组织无法移动，因为它与福昕电子签章的组织相关联。如果您需要移动它，请删除当前的组织并创建一个新的组织。";"";""
"EXTRACTED/761/0";"Deletion failed as the administrator is assigned to manage an eSign sub-organization.";"删除失败，因为管理员被指派管理一个电子签章子组织。";"";""
"EXTRACTED/762/0";"Successfully synchronized Foxit eSign users";"成功同步了福昕电子签章用户";"";""
"EXTRACTED/763/0";"You have successfully synchronized the organization and user information with Foxit eSign.";"您已成功将组织和用户信息与福昕电子签章同步。";"";""
"EXTRACTED/764/0";"Failed to synchronize Foxit eSign users";"同步福昕电子签章用户失败";"";""
"EXTRACTED/765/0";"We're sorry, the synchronization of organization and user information with Foxit eSign has failed. You can try to sync again.";"对不起，与福昕电子签章的组织和用户信息同步失败。您可以尝试再次同步。";"";""
"EXTRACTED/766/0";"The system failed to upgrade. Please try again later.";"系统升级失败。请稍后重试。";"";""
"EXTRACTED/767/0";"The user is an enterprise administrator from a different data storage center and cannot be invited.";"该用户是来自不同数据存储中心的企业管理员，无法被邀请。";"";""
"EXTRACTED/768/0";"Directory user cannot be invited.";"目录用户无法被邀请。";"";""
"EXTRACTED/769/0";"The user's region information has already been modified, so it cannot be restored. It will be necessary to send a new invitation to the user if you wish to restore them to the enterprise";"用户的区域信息已经被修改，因此无法恢复。如果您希望将其恢复到企业中，需要向用户发送新的邀请。";"";""
"EXTRACTED/770/0";"Your request has been sent.";"您的请求已发送。";"";""
"EXTRACTED/771/0";"{organization} requests access to your domain or directory";"{organization} 请求访问您的域或目录";"";""
"EXTRACTED/772/0";"Enterprise {organization} is requesting access to your verified domain {domain}. Please note that if the domain has linked to a directory,  the trustee will be able to access all domains within the directory. The information for the trustee is as follows:<br/> Name: {userName}<br/> Email: {email}<br/> Enterprise Name: {organization}<br/> Technical contact: {technicalContact}<br/> Data center: {region}";"企业 {organization} 请求访问您验证的域 {domain}。请注意，如果该域已链接到目录，受托人将能够访问目录中的所有域。受托人的信息如下:<br/> 姓名: {userName}<br/> 电子邮件: {email}<br/> 企业名称: {organization}<br/> 技术联系人: {technicalContact}<br/> 数据中心: {region}";"";""
"EXTRACTED/773/0";"Domain {domain1} and Domain {domain2} have been shared with different enterprises and cannot be added to the same directory.";"域{domain1}和域{domain2}已经与不同企业共享，不能添加到同一目录中。";"";""
"EXTRACTED/774/0";"The user already has a created enterprise and cannot switch regions.";"用户已经创建了一个企业，无法切换区域。";"";""
"EXTRACTED/775/0";"The enterprise super administrator cannot modify the region.";"企业超级管理员无法修改区域。";"";""
"EXTRACTED/776/0";"There is no enterprise sharing this domain in this data center {region}.";"在这个数据中心中，没有企业共享这个域 {region}。";"";""
"EXTRACTED/777/0";"Access to this domain is prohibited by the owner.";"访问此域名已被所有者禁止。";"";""
"EXTRACTED/778/0";"Your request has been processed. Please refresh the page.";"您的请求已处理完毕。请刷新页面。";"";""
"EXTRACTED/779/0";"Email cannot be empty.";"邮箱不能为空。";"";""
"EXTRACTED/780/0";"The email format is incorrect.";"邮箱格式不正确。";"";""
"EXTRACTED/781/0";"The license name is incorrect.";"授权名称不正确。";"";""
"EXTRACTED/782/0";"License cannot be empty.";"授权不能为空。";"";""
"EXTRACTED/783/0";"This product were not found.";"未找到此产品。";"";""
"EXTRACTED/784/0";"There's a task in progress.";"有一个任务正在进行中。";"";""
"EXTRACTED/785/0";"There's a task in progress initiated by another admin. Please try again later.";"另一位管理员发起的任务正在进行中。请稍后重试。";"";""
"EXTRACTED/786/0";"This user is not allowed to be invited into the Admin Console.";"该用户不允许被邀请进入管理控制台。";"";""
"EXTRACTED/787/0";"Data center cannot be empty.";"数据中心不能为空。";"";""
"EXTRACTED/788/0";"The user already exists in the data center.";"用户已经存在于数据中心。";"";""
"EXTRACTED/789/0";"The request does not exist.";"请求不存在。";"";""
"EXTRACTED/790/0";"{email} canceled the access request to your domain or directory.";"{email}取消了对您域或目录的访问请求。";"";""
"EXTRACTED/791/0";"{email} canceled the access request to the domain {domain}.";"{email}取消了对域{domain}的访问请求。";"";""
"EXTRACTED/792/0";"Processing";"处理中";"";""
"EXTRACTED/793/0";"Please get the Order ID first.";"请先获取订单号。";"";""
"EXTRACTED/794/0";"The phone number must be numeric.";"电话号码必须是数字。";"";""
"EXTRACTED/795/0";"An unavailable domain is present.";"存在一个不可用的域名。";"";""
"EXTRACTED/796/0";"Updating in progress, please do not click repeatedly.";"更新中，请勿重复点击。";"";""
"EXTRACTED/797/0";"The user {email} does not exist in the group.";"用户{email}不存在于该组中。";"";""
"EXTRACTED/798/0";"Check url format failed.";"检查url格式失败。";"";""
"EXTRACTED/799/0";"Check url response failed.";"检查url响应失败。";"";""
"EXTRACTED/800/0";"{emails} failed to restore.";"{emails} 未能恢复。";"";""
"EXTRACTED/801/0";"This user is a super administrator of another enterprise and cannot transfer permissions.";"这个用户是另一个企业的超级管理员，无法转移权限。";"";""
"EXTRACTED/802/0";"Authorization failed. The user's region does not match the enterprise.";"授权失败。 用户的地区与企业不匹配。";"";""
"EXTRACTED/803/0";"The user has been removed by the identity provider.";"用户已被身份提供者移除。";"";""
"EXTRACTED/804/0";"Admin Console subscriptions across different regions do not support transfer.";"不同区域的管理控制台订阅不支持转移。";"";""
"EXTRACTED/805/0";"Accounts with active subscriptions cannot be deleted.";"拥有有效订阅的账户无法被删除。";"";""
"EXTRACTED/806/0";"Enterprise super administrator cannot be deleted.";"企业超级管理员不能被删除。";"";""
"EXTRACTED/807/0";"Enterprise administrator cannot be deleted.";"企业管理员无法被删除。";"";""
"EXTRACTED/808/0";"Resellers of Foxit partners cannot delete their accounts.";"福昕合作伙伴的经销商无法删除他们的账户。";"";""
"EXTRACTED/809/0";"Administrator in Foxit partner Order System cannot be deleted.";"在福昕合作伙伴订单系统中，管理员无法被删除。";"";""
"EXTRACTED/810/0";"Image file format incorrect.";"图像文件格式不正确。";"";""
"EXTRACTED/811/0";"Oops! Image too large. Max size allowed: {number} MB.";"哎呀！图像太大了。允许的最大尺寸为: {number} MB。";"";""
"EXTRACTED/812/0";"An administrator role has already been assigned to this organization. Please delete the original configuration and re-add it.";"该组织已分配了管理员角色。请删除原始配置后重新添加。";"";""
"EXTRACTED/813/0";"The user's region does not match the enterprise.";"用户的地区与企业不匹配。";"";""
"EXTRACTED/814/0";"Insufficient licenses available. Please try the following: 1) Select a different license; 2) Remove existing assignments; 3) Adjust the license quota; 4) Purchase additional licenses; 5) Sign in to eSign and verify if any licenses are in use but not yet synced to the Admin Console.";"可用许可证不足。请尝试以下操作: 1) 选择不同的许可证；2) 移除现有分配；3) 调整许可证配额；4) 购买额外许可证；5) 登录eSign并核实是否有许可证正在使用但尚未同步到管理控制台。";"";""
"EXTRACTED/815/0";"This account does not support transfer.";"此账户不支持转移。";"";""
"EXTRACTED/816/0";"The user is an enterprise administrator from a different data storage center, so the region cannot be modified.";"用户是来自不同数据存储中心的企业管理员，因此区域无法修改。";"";""
"EXTRACTED/817/0";"User Name";"用户名";"";""
"EXTRACTED/818/0";"Assigned Time";"分配时间";"";""
"EXTRACTED/819/0";"Activation Status";"激活状态";"";""
"EXTRACTED/820/0";"Group Name";"组名";"";""
"EXTRACTED/821/0";"Activation Time";"激活时间";"";""
"EXTRACTED/822/0";"Last Connection Time";"最后一次连接时间";"";""
"EXTRACTED/823/0";"IP Address";"IP地址";"";""
"EXTRACTED/824/0";"PC Name";"PC名称";"";""
"EXTRACTED/825/0";"MAC Address";"MAC地址";"";""
"EXTRACTED/826/0";"License";"授权";"";""
"EXTRACTED/827/0";"date";"日期";"";""
"EXTRACTED/828/0";"Number of total licenses";"总授权数量";"";""
"EXTRACTED/829/0";"Number of assigned licenses";"分配授权数量";"";""
"EXTRACTED/830/0";"Excess";"超额";"";""
"EXTRACTED/831/0";"Licenses";"授权";"";""
"EXTRACTED/832/0";"Login Time";"登录时间";"";""
"EXTRACTED/833/0";"Status";"状态";"";""
"EXTRACTED/834/0";"Multi-language version";"多语言版本";"";""
"EXTRACTED/835/0";"Multi-language version, including Brazilian Portuguese, Danish, Dutch, English, Finnish, French, German, Italian, Japanese, Korean, Norwegian, Polish, Russian, Spanish, Swedish, Simplified Chinese, and Traditional Chinese. Larger size than English version.";"多语言版本，包括巴西葡萄牙语，丹麦语，荷兰语，英语，芬兰语，法语，德语，意大利语，日语，韩语，挪威语，波兰语，俄语，西班牙语，瑞典语，简体中文和繁体中文。体积比英文版本大。";"";""
"EXTRACTED/836/0";"Japanese version";"日文版本";"";""
"EXTRACTED/837/0";"Can support Japanese and English.";"支持日语和英语。";"";""
"EXTRACTED/838/0";"Simplified Chinese version";"简体中文版本";"";""
"EXTRACTED/839/0";"Can support Simplified Chinese and English.";"可以支持简体中文和英语。";"";""
"EXTRACTED/840/0";"English version";"英文版本";"";""
"EXTRACTED/841/0";"Can only support English. Smaller size than multi-language version.";"仅支持英语。体积比多语言版本小。";"";""
"EXTRACTED/842/0";"Korean version";"韩文版本";"";""
"EXTRACTED/843/0";"Can support Korean and English.";"可以支持韩语和英语。";"";""
"EXTRACTED/844/0";"Invited";"已受邀";"";""
"EXTRACTED/845/0";"Accept Invitation";"接受邀请";"";""
"EXTRACTED/846/0";"Deactivated";"未激活";"";""
"EXTRACTED/847/0";"Available access";"有效访问";"";""
"EXTRACTED/848/0";"Revoked";"已吊销";"";""
"EXTRACTED/849/0";"Deleted";"已删除";"";""
"EXTRACTED/850/0";"Foxit PDF Editor CN";"福昕高级PDF编辑器";"";""
"EXTRACTED/851/0";"subscription";"订阅";"";""
"EXTRACTED/852/0";"perpetual";"永久授权";"";""
"EXTRACTED/853/0";"User License";"用户授权";"";""
"EXTRACTED/854/0";"Date";"日期";"";""
"EXTRACTED/855/0";"User";"用户";"";""
"EXTRACTED/856/0";"Event Type";"事件类型";"";""
"EXTRACTED/857/0";"Source";"来源";"";""
"EXTRACTED/858/0";"Action";"操作";"";""
"EXTRACTED/859/0";"Reports";"报告";"";""
"EXTRACTED/860/0";"Operator";"操作员";"";""
"EXTRACTED/861/0";"Time";"时间";"";""
"EXTRACTED/862/0";"Number of active users";"活跃用户数量";"";""
"EXTRACTED/863/0";"Number of activated licenses";"激活的授权数量";"";""
"EXTRACTED/864/0";"PhantomPDF License";"福昕高级PDF编辑器授权";"";""
"EXTRACTED/865/0";"GroupUserData";"组用户数据";"";""
"EXTRACTED/866/0";"UserData";"用户数据";"";""
"EXTRACTED/867/0";"Admin Operation Logs";"管理员操作日志";"";""
"EXTRACTED/868/0";"Internal Update Operation Logs";"内部更新操作日志";"";""
"EXTRACTED/869/0";"Login Logs";"登录日志";"";""
"EXTRACTED/870/0";"Password cannot be less than {number} characters";"密码不能少于{number}个字符";"";""
"EXTRACTED/871/0";"Activated";"已激活";"";""
"EXTRACTED/872/0";"Count";"计数";"";""
"EXTRACTED/873/0";"Product";"产品";"";""
"EXTRACTED/874/0";"Rollback Data";"回滚数据";"";""
"EXTRACTED/875/0";"IP";"IP";"";""
"EXTRACTED/876/0";"Rolled back Version";"回滚版本";"";""
"EXTRACTED/877/0";"Number of allowed devices";"允许的设备数量";"";""
"EXTRACTED/878/0";"Foxit PDF Editor Pro Windows";"福昕高级PDF编辑器专业版-Windows版";"";""
"EXTRACTED/879/0";"Foxit eSign";"福昕电子签章";"";""
"EXTRACTED/880/0";"Log Type";"日志类型";"";""
"EXTRACTED/881/0";"Suborganization";"子组织";"";""
"EXTRACTED/882/0";"Company/Department";"公司/部门";"";""
"EXTRACTED/883/0";"Envelope Used";"已用信封";"";""
"EXTRACTED/884/0";"Remark Name";"备注名称";"";""
"EXTRACTED/885/0";"System Administrator";"系统管理员";"";""
"EXTRACTED/886/0";"Product Administrator";"产品管理员";"";""
"EXTRACTED/887/0";"User&Group Administrator";"用户&组管理员";"";""
"EXTRACTED/888/0";"Deployment Administrator";"部署管理员";"";""
"EXTRACTED/889/0";"Configuration Administrator";"配置管理员";"";""
"EXTRACTED/890/0";"The number of licenses has been updated and is less than the number of licenses assigned to the product administrator, so the system removes the excess product administrators, and you can reassign";"授权数量已更新，且少于分配给产品管理员的授权数量，因此系统会删除多余的产品管理员，您可以重新分配。";"";""
"EXTRACTED/891/0";"Size parameter is not complete.";"大小参数不完整。";"";""
"EXTRACTED/892/0";"The size is in the wrong format.";"大小格式错误。";"";""
"EXTRACTED/893/0";"MinSize cannot be greater than maxSize.";"最小尺寸不能大于最大尺寸";"";""
"EXTRACTED/894/0";"Time parameter is not complete.";"时间参数不完整。";"";""
"EXTRACTED/895/0";"StartTime cannot be greater than endTime.";"开始时间不能大于结束时间";"";""
"EXTRACTED/896/0";"{PRODUCT_NAME} does not have enough available licenses. Please remove some existing licenses or purchase additional licenses.";"{PRODUCT_NAME} 没有足够的授权。请移除一些已存在的授权或者购买额外的授权。";"";""
"EXTRACTED/897/0";"No permission to assign the license to users of {OU_NAME}";"无权将授权分配给 {OU_NAME} 的用户";"";""
"EXTRACTED/898/0";"You cannot assign license to this user.";"您不能分配授权给此用户。";"";""
"EXTRACTED/899/0";"Number of activated devices";"激活的设备数量";"";""
"EXTRACTED/900/0";"Active";"活跃";"";""
"EXTRACTED/901/0";"Update";"更新";"";""
"EXTRACTED/902/0";"Department Information";"部门信息";"";""
"EXTRACTED/903/0";"Object Name";"对象名称";"";""
"EXTRACTED/904/0";"Affected User";"受影响的用户";"";""
"EXTRACTED/905/0";"Enabled";"启用";"";""
"EXTRACTED/906/0";"Organization";"组织";"";""
"EXTRACTED/907/0";"The number of licenses has been updated and the quota of licenses distributed to the organization has been changed, so the system removes the quota of licenses, and you can reset it in License Management";"授权数量已更新，且分配给组织的授权配额已更改，因此系统会删除授权配额，您可以在“授权管理”中重新设置。";"";""
"EXTRACTED/908/0";"All Users";"全部用户";"";""
"EXTRACTED/909/0";"Authorization failed. Licenses of {ou} are not enough.";"授权失败。{ou}的授权不足。";"";""
"EXTRACTED/910/0";"Invited users";"受邀用户";"";""
"EXTRACTED/911/0";"No permission to assign the license to users of organization {OU_NAME}.";"无权将授权分配给{OU_NAME}组织的用户";"";""
"EXTRACTED/912/0";"Allowed Devices:";"允许的设备：";"";""
"EXTRACTED/913/0";"Client Logs";"客户端日志";"";""
"EXTRACTED/914/0";"Foxit eSign China Internal";"福昕电子签章对内签署服务";"";""
"EXTRACTED/915/0";"Number of Users";"用户数";"";""
"EXTRACTED/916/0";"Synchronization Enabled";"同步已启用";"";""
"EXTRACTED/917/0";"Synchronization Disabled";"同步已禁用";"";""
"EXTRACTED/918/0";"GroupData";"组数据";"";""
"EXTRACTED/919/0";"Foxit PDF Editor Pro +";"Foxit PDF Editor Pro +";"";""
"EXTRACTED/920/0";"Number of activated Windows devices";"已激活的Windows设备数";"";""
"EXTRACTED/921/0";"Number of activated Mac devices";"已激活的Mac设备数";"";""
"EXTRACTED/922/0";"Number of activated Mobile devices";"已激活的移动设备数";"";""
"EXTRACTED/923/0";"Awaiting Acceptance";"等待接受";"";""
"EXTRACTED/924/0";"Foxit PDF Editor Education Bundle";"福昕高级PDF编辑器教育版";"";""
"EXTRACTED/925/0";"Foxit eSign China External";"福昕电子签章对外签署服务";"";""
"EXTRACTED/926/0";"License Status";"授权状态";"";""
"EXTRACTED/927/0";"Unauthorized";"未授权";"";""
"EXTRACTED/928/0";"Authorized";"已授权";"";""
"EXTRACTED/929/0";"Document Used";"已使用的文档";"";""
"EXTRACTED/930/0";"Foxit eSign Enterprise";"福昕电子签章企业版";"";""
"EXTRACTED/931/0";"Foxit eSign Pro";"福昕电子签名专业版";"";""
"EXTRACTED/932/0";"Number of documents used";"已使用的文档数量";"";""
"EXTRACTED/933/0";"Total number of documents";"文档总数";"";""
"EXTRACTED/934/0";"Number of envelope used";"已使用的信封数量";"";""
"EXTRACTED/935/0";"User Email";"邮件地址";"";""
"EXTRACTED/936/0";"User Statistics";"用户统计";"";""
"EXTRACTED/937/0";"Envelope Name";"信封名称";"";""
"EXTRACTED/938/0";"Documents";"文档";"";""
"EXTRACTED/939/0";"Creation Time";"创建时间";"";""
"EXTRACTED/940/0";"Expiration Date";"过期日期";"";""
"EXTRACTED/941/0";"Perpetual";"永久";"";""
"EXTRACTED/942/0";"Unlimited";"无限";"";""
"EXTRACTED/943/0";"Operation";"操作";"";""
"EXTRACTED/944/0";"Authorization";"授权";"";""
"EXTRACTED/945/0";"Please check and reconfigure the SAML configuration content in Admin Console.";"请检查并重新配置管理控制台中的SAML内容。";"";""
"EXTRACTED/946/0";"An unidentified error has occurred. Please try again.";"发生了未识别的错误。请再试一次。";"";""
"EXTRACTED/947/0";"Failed to obtain AAD/Okta authorization, please check the SAML configuration.";"获取AAD/Okta授权失败，请检查SAML配置。";"";""
"EXTRACTED/948/0";"Restricted permissions on access data. Please log in to the connected service and check the permissions.";"限制访问数据的权限，请登录连接的服务并检查权限。";"";""
"EXTRACTED/949/0";"Please reconfigure Scope Setting and ensure that the groups and users of the connected service are not deleted during synchronization.";"请重新配置范围，并确保在同步过程中不删除已连接服务的组和用户。";"";""
"EXTRACTED/950/0";"Number of devices connected to cloud service";"连接到云服务的设备数量";"";""
"EXTRACTED/951/0";"The connected service is temporarily unavailable, please try again later.";"连接的服务暂时不可用，请稍后重试。";"";""
"EXTRACTED/952/0";"Go to Azure AD to check the synchronization result.";"转到Azure AD检查同步结果。";"";""
"EXTRACTED/953/0";"eSign quota used";"福昕电子签章已使用配额";"";""
"EXTRACTED/954/0";"Last Connection Time:";"最后一次连接时间：";"";""
"EXTRACTED/955/0";"Run";"运行";"";""
"EXTRACTED/956/0";"Activate";"激活";"";""
"EXTRACTED/957/0";"Quota:";"配额：";"";""
"EXTRACTED/958/0";"Organization Name:";"组织名称：";"";""
"EXTRACTED/959/0";"Allow users to use Foxit PDF Editor when offline for: {days} days";"允许用户离线后使用福昕高级PDF编辑器：{days}天";"";""
"EXTRACTED/960/0";"Not allow users to use Foxit PDF Editor when offline";"不允许用户离线后使用福昕高级PDF编辑器";"";""
"EXTRACTED/961/0";"Foxit PDF Editor licenses don't automatically authorize";"福昕高级PDF编辑器授权不会自动授权";"";""
"EXTRACTED/962/0";"Foxit PDF Editor licenses will be revoked from users who haven't used them for more than: {days} days";"一定时间不使用福昕高级PDF编辑器的用户授权将被吊销：{days} 天";"";""
"EXTRACTED/963/0";"PDF Editor Suite for Teams";"PDF Editor Suite for Teams";"";""
"EXTRACTED/964/0";"PDF Editor Suite Pro for Teams";"PDF Editor Suite Pro for Teams";"";""
"EXTRACTED/965/0";"PDF Editor Suite Windows for Teams";"PDF Editor Suite Windows for Teams";"";""
"EXTRACTED/966/0";"PDF Editor Suite Mac for Teams";"PDF Editor Suite Mac for Teams";"";""
"EXTRACTED/967/0";"Foxit PDF Editor Pro Windows for Teams";"Foxit PDF Editor Pro Windows for Teams";"";""
"EXTRACTED/968/0";"Foxit PDF Editor Windows for Teams";"福昕高级PDF编辑器";"";""
"EXTRACTED/969/0";"Foxit PDF Editor Mac for Teams";"Foxit PDF Editor Mac for Teams";"";""
"EXTRACTED/970/0";"Foxit PDF Editor eSign China Bundle";"福昕高级PDF编辑器签章版";"";""
"EXTRACTED/971/0";"Pooling allowed";"已允许的池";"";""
"EXTRACTED/972/0";"Pooling disallowed";"未允许的池";"";""
"EXTRACTED/973/0";"(Pooling allowed)";"（已允许的池）";"";""
"EXTRACTED/974/0";"(Pooling disallowed)";"（未允许的池）";"";""
"EXTRACTED/975/0";"Envelopes pooling allowed";"已允许的信封池";"";""
"EXTRACTED/976/0";"Envelopes pooling disallowed";"未允许的信封池";"";""
"EXTRACTED/977/0";"Shared envelope pooling";"共享信封池";"";""
"EXTRACTED/978/0";"Unshared envelope pooling";"不共享信封池";"";""
"EXTRACTED/979/0";"PDF Editor";"PDF编辑器";"";""
"EXTRACTED/980/0";"eSign";"电子签章";"";""
"EXTRACTED/981/0";"Number of envelopes used";"已使用的信封数量";"";""
"EXTRACTED/982/0";"Number of user accounts used";"已使用的用户账户数量";"";""
"EXTRACTED/983/0";"Number of total envelopes";"信封总数";"";""
"EXTRACTED/984/0";"Group";"组";"";""
"EXTRACTED/985/0";"Organization Name";"组织名称";"";""
"EXTRACTED/986/0";"Envelopes Used";"已用信封";"";""
"EXTRACTED/987/0";"Number of used eSign quota";"已使用的电子签章配额数";"";""
"EXTRACTED/988/0";"Department";"部门";"";""
"EXTRACTED/989/0";"Operation failed. The user may be a super administrator or has been blocked.";"操作失败。该用户可能是超级管理员或者已被阻止。";"";""
"EXTRACTED/990/0";"Smart Redact Standard";"智能密文标准版";"";""
"EXTRACTED/991/0";"Smart Redact Pro";"智能密文专业版";"";""
"EXTRACTED/992/0";"Smart Redact Enterprise";"智能密文企业版";"";""
"EXTRACTED/993/0";"PDF Editor Suite Pro for Education";"PDF Editor Suite Pro for Education";"";""
"EXTRACTED/994/0";"Number of activated licenses on Windows";"已激活的Windows版授权数目";"";""
"EXTRACTED/995/0";"Number of activated licenses on Mac";"已激活的Mac版授权数目";"";""
"EXTRACTED/996/0";"Number of activated licenses on Cloud";"已激活的网页版授权数目";"";""
"EXTRACTED/997/0";"Number of activated licenses on Mobile";"已激活的移动版授权数目";"";""
"EXTRACTED/998/0";"Total licenses for the organization";"组织的授权总数";"";""
"EXTRACTED/999/0";"Available licenses for the organization";"组织的可用授权";"";""
"EXTRACTED/1000/0";"Operation failed. The user has been blocked.";"操作失败。该用户已被屏蔽。";"";""
"EXTRACTED/1001/0";"Provisioning of different versions of eSign products is supported. Please ensure the provisioning group name is correct in third-party applications such as Azure AD.";"支持配置不同版本的电子签章产品。请确保第三方应用程序（例如 Azure AD）中的预配组名称正确。";"";""
"EXTRACTED/1002/0";"Exceeds the quota that can be actually allocated for the order ({ORDER}).";"超出了实际可分配给订单的配额 ({ORDER})。";"";""
"EXTRACTED/1003/0";"Order Expiration Date:";"订单到期日期：";"";""
"EXTRACTED/1004/0";"Envelope Quota:";"信封配额：";"";""
"EXTRACTED/1005/0";"The value of quota must exceed License Users.";"配额的值必须超过授权的用户数。";"";""
"EXTRACTED/1006/0";"The value of quota must exceed Envelope Used.";"配额的值必须超过使用的信封数。";"";""
"EXTRACTED/1007/0";"The number exceeds the total number of envelopes, please redistribute.";"数字超过了总信封数，请重新分配。";"";""
"EXTRACTED/1008/0";"The number exceeds the total number of licenses, please redistribute.";"数字超过了授权的总数，请重新分配。";"";""
"EXTRACTED/1009/0";"Go to {saml} to check the synchronization result.";"请前往 {saml} 查看同步结果。";"";""
"EXTRACTED/1010/0";"The user cannot be the setup administrator and product administrator of a suborganization at the same time.";"用户不能同时成为子组织的设置管理员和产品管理员。";"";""
"EXTRACTED/1011/0";"Sync failed. Please check the sync settings.";"同步失败。请检查同步设置。";"";""
"EXTRACTED/1012/0";"Product administrator not assigned yet.";"产品管理员尚未分配。";"";""
"EXTRACTED/1013/0";"Operation failed. Please visit Foxit eSign to enable department settings.";"操作失败。请访问 福昕电子签章 以启用部门设置。";"";""
"EXTRACTED/1014/0";"Super admin/System admin/Setup admin cannot be associated with the eSign product.";"超级管理员/系统管理员/设置管理员不能与电子签章产品关联。";"";""
"EXTRACTED/1015/0";"License Quota:";"授权配额：";"";""
"EXTRACTED/1016/0";"Upgrade your licenses to Suite Products for FREE!";"升级您的授权到套件产品，完全免费！";"";""
"EXTRACTED/1017/0";"Automatically authorize";"自动授权";"";""
"EXTRACTED/1018/0";"Manual authorization";"手动授权";"";""
"EXTRACTED/1019/0";"Operation failed. The organization has been removed by another administrator.";"操作失败。该组织已被另一个管理员移除。";"";""
"EXTRACTED/1020/0";"Foxit PDF Editor+";"Foxit PDF Editor+";"";""
"EXTRACTED/1021/0";"Foxit eSign Business";"Foxit eSign Business";"";""
"EXTRACTED/1022/0";"Foxit AI Assistant";"福昕AI助手";"";""
"EXTRACTED/1023/0";"Credits Used";"使用的配额";"";""
"EXTRACTED/1024/0";"Contact foxit website or sale to experience AI Assistant now and unlock limitless possibilities!";"联系福昕网站或销售部门立即体验 AI 助手，释放无限可能性！";"";""
"EXTRACTED/1025/0";"Licensing failed. To assign the license to the current user, the license must first be removed from user ""{USER}"".";"授权失败。要将授权分配给当前用户，必须先从用户""{USER}""中移除授权。";"";""
"EXTRACTED/1026/0";"Purchase AI assistant to unlock limitless possibilities!";"购买AI助手，解锁无限的可能性！";"";""
"EXTRACTED/1027/0";"Number of activated licenses on Linux";"已激活的Linux版授权数目";"";""
"EXTRACTED/1028/0";"Foxit Translate Assistant";"福昕翻译助手";"";""
"EXTRACTED/1029/0";"Text translation quota used (character-based)";"已使用的翻译字符数";"";""
"EXTRACTED/1030/0";"Document translation quota used (page-based)";"已使用的翻译页数";"";""
"EXTRACTED/1031/0";"Number of activated Linux devices";"已激活的Linux设备数量";"";""
"EXTRACTED/1032/0";"Windows";"Windows";"";""
"EXTRACTED/1033/0";"Mac";"Mac";"";""
"EXTRACTED/1034/0";"Linux";"Linux";"";""
"EXTRACTED/1035/0";"Contact us to try Foxit AI Assistant to unlock limitless possibilities!";"联系我们，尝试使用福昕AI助手，释放无限可能性！";"";""
"EXTRACTED/1036/0";"Approved shared domain {domain}";"批准共享域 {domain}";"";""
"EXTRACTED/1037/0";"Rejected shared domain {domain}";"拒绝共享域 {domain}";"";""
"EXTRACTED/1038/0";"{domain}: Approved";"{domain}: 已批准";"";""
"EXTRACTED/1039/0";"{domain}: Rejected";"{domain}: 已拒绝";"";""
"EXTRACTED/1040/0";"Email: {email}";"邮件: {email}";"";""
"EXTRACTED/1041/0";"Enterprise Name: {name}";"企业名称: {name}";"";""
"EXTRACTED/1042/0";"Technical contact: {contact}";"技术联系人: {contact}";"";""
"EXTRACTED/1043/0";"Data Center: {region}";"数据中心: {region}";"";""
"EXTRACTED/1044/0";"Foxit eSign Essentials";"Foxit eSign Essentials";"";""
"EXTRACTED/1045/0";"Foxit PDF Editor Premium";"Foxit PDF Editor Premium";"";""
"EXTRACTED/1046/0";"Sync users in directory";"同步目录中的用户";"";""
"EXTRACTED/1047/0";"Interface access failed, please try again later.";"接口访问失败，请稍后重试。";"";""
"EXTRACTED/1048/0";"Automatic synchronization";"自动同步";"";""
"EXTRACTED/1049/0";"Number of Licenses:";"授权数量为:";"";""
"EXTRACTED/1050/0";"Adding domain(s) to directory.";"将域名添加到目录中。";"";""
"EXTRACTED/1051/0";"Removing the domain(s) of the directory.";"删除目录的域名。";"";""
"EXTRACTED/1052/0";"Domain(s) {domains} has been binded.";"域名 {domains} 已经绑定。";"";""
"EXTRACTED/1053/0";"Domain(s) {domains} has been removed.";"域名 {domains} 已被移除。";"";""
"EXTRACTED/1054/0";"No data received yet.";"还未收到数据。";"";""
"EXTRACTED/1055/0";"No domain.";"没有域名。";"";""
"EXTRACTED/1056/0";"Active.";"活跃。";"";""
"EXTRACTED/1057/0";"Synchronizing users/groups.";"同步用户/组。";"";""
"EXTRACTED/1058/0";"Not set up.";"未设置。";"";""
"EXTRACTED/1059/0";"Failed to obtain authorization from identity provider, please check the configuration.";"无法从身份提供者获取授权，请检查配置。";"";""
"EXTRACTED/1060/0";"Cannot move the organization to a synchronized organization.";"无法将组织移至已同步的组织。";"";""
"EXTRACTED/1061/0";"The synchronized organization cannot be moved.";"同步组不能移动。";"";""
"EXTRACTED/1062/0";"AI PPT Credits Used";"AI PPT已使用次数";"";""
"EXTRACTED/1063/0";"Foxit AI PPT";"福昕AI PPT";"";""
"EXTRACTED/1064/0";"Foxit Online Office";"福昕在线Office";"";""
"EXTRACTED/1065/0";"Used Credit";"已使用的额度";"";""
"EXTRACTED/1066/0";"AI Assistant Credits Used";"AI助手已使用额度";"";""
"EXTRACTED/1067/0";"AI PPT Usage credit";"AI PPT使用次数";"";""
"EXTRACTED/1068/0";"Total Seats";"席位总数";"";""
"EXTRACTED/1069/0";"Used Seats";"已使用席位";"";""
"EXTRACTED/1070/0";"Total credits of AI PPT";"AI PPT总次数";"";""
"EXTRACTED/1071/0";"AI PPT credits used";"AI PPT已使用次数";"";""
"EXTRACTED/1072/0";"Activated Windows Devices";"已激活的Windows设备";"";""
"EXTRACTED/1073/0";"Activated Mac Devices";"已激活的Mac设备";"";""
"EXTRACTED/1074/0";"Activated Mobile Devices";"已激活的移动设备";"";""
"EXTRACTED/1075/0";"Activated Cloud Devices";"已激活的云设备";"";""
"EXTRACTED/1076/0";"Activated Linux Devices";"已激活的Linux设备";"";""
"EXTRACTED/1077/0";"Allowed Devices";"允许的设备";"";""
"EXTRACTED/1078/0";"Activated Devices";"已激活设备";"";""
"EXTRACTED/1079/0";"Activated Devices (Win&Mac)";"已激活设备 (Win&Mac)";"";""
"EXTRACTED/1080/0";"Allowed Devices (Win&Mac)";"允许的设备 (Win&Mac)";"";""
"EXTRACTED/1081/0";"Activated Devices (Win&Mac&Linux)";"已激活设备 (Win&Mac&Linux)";"";""
"EXTRACTED/1082/0";"Allowed Devices (Win&Mac&Linux)";"允许的设备 (Win&Mac&Linux)";"";""
"EXTRACTED/1083/0";"v11 and v12 reach End-of-Support on 2025-08-13. Migrate to v13+ to maintain security compliance.";"v11和v12将于2025-08-13终止支持。请迁移至 v13 及以上版本，以保持安全合规性。";"";""
"EXTRACTED/1084/0";"Domain: {domain}";"域: {domain}";"";""
"EXTRACTED/1085/0";"Auto-Provision Sync";"Provision同步";"";""
"EXTRACTED/1086/0";"Manual SSO Sync";"手动 SSO 同步";"";""
"EXTRACTED/1087/0";"Remind users to use Foxit PDF Editor {remindDays} days before deactivation.";"提醒用户在停用前{remindDays} 天使用福昕高级PDF编辑器。";"";""
"EXTRACTED/1088/0";"Turn off the reminder to send to the user before Foxit PDF Editor deactivation.";"在福昕高级PDF编辑器停用前，关闭向用户发送的提醒。";"";""
"EXTRACTED/1089/0";"Enable notifications to the super admin, system admin, and setup admin after the user license is revoked.";"在用户许可被吊销后，向超级管理员、系统管理员和设置管理员发送通知。";"";""
"EXTRACTED/1090/0";"Disable notifications to the super admin, system admin, and setup admin after the user license is revoked.";"用户许可被撤销后，禁用对超级管理员、系统管理员和设置管理员的通知。";"";""
"EXTRACTED/1091/0";"US";"US";"";""
"EXTRACTED/1092/0";"Europe";"Europe";"";""
"EXTRACTED/1093/0";"Canada";"Canada";"";""
"EXTRACTED/1094/0";"Australia";"Australia";"";""
"EXTRACTED/1095/0";"Data Center";"数据中心";"";""
"EXTRACTED/1096/0";"Automation Logs";"自动化日志";"";""
"EXTRACTED/1097/0";"Logs";"日志";"";""
"EXTRACTED/1098/0";"Disable automatic deactivation";"禁用自动停用";"";""
"EXTRACTED/1099/0";"Enable automatic deactivation: {days} Days";"启用自动停用: {days} 天";"";""
"EXTRACTED/1100/0";"Enable pre-deactivation notifications: {remindDays} Days";"启用预停用通知: {remindDays} 天";"";""
"EXTRACTED/1101/0";"Disable pre-deactivation notifications";"禁用预停用通知";"";""
"EXTRACTED/1102/0";"Enable admin notifications";"启用管理员通知";"";""
"EXTRACTED/1103/0";"Disable admin notifications";"禁用管理员通知";"";""
"EXTRACTED/1104/0";"Enable offline available time: {days} Days";"启用离线可用时间: {days} 天";"";""
"EXTRACTED/1105/0";"Disable offline available time";"禁用离线可用时间";"";""
"EXTRACTED/1106/0";"Region changed from {fromRegion} to {toRegion}";"区域已从{fromRegion}更改为{toRegion}";"";""
"EXTRACTED/1107/0";"Region changed to {toRegion}";"地区更改为{toRegion}";"";""
"EXTRACTED/1108/0";"Foxit PDF Editor - Windows";"福昕高级PDF编辑器 - Windows";"";""
"EXTRACTED/1109/0";"Foxit PDF Editor - Windows Standard";"福昕高级PDF编辑器 - Windows 标准版";"";""
"EXTRACTED/1110/0";"Foxit PDF Editor - Mac";"福昕高级PDF编辑器 - Mac";"";""
"EXTRACTED/1111/0";"Foxit PDF Editor - <i>Windows</i>";"福昕高级PDF编辑器 - <i>Windows</i>";"";""
"EXTRACTED/1112/0";"Foxit PDF Editor - <i>Windows Standard</i>";"福昕高级PDF编辑器 - <i>Windows 标准版</i>";"";""
"EXTRACTED/1113/0";"Foxit PDF Editor - <i>Mac</i>";"福昕高级PDF编辑器 - <i>Mac</i>";"";""
"EXTRACTED/1114/0";"Tag";"标签";"";""
"EXTRACTED/1115/0";"The perpetual edition of Foxit PDF Editor now has a simpler name-just ""Foxit PDF Editor"". All your features and functionality remain exactly the same.";"福昕高级PDF编辑器永久版本现在有了一个更简单的名字——仅为 ""福昕高级PDF编辑器""。您的所有功能和特性保持完全不变。";"";""
"EXTRACTED/1116/0";"Foxit PDF Editor for Windows";"福昕高级PDF编辑器 Windows版";"";""
"EXTRACTED/1117/0";"Foxit PDF Editor for Mac";"福昕高级PDF编辑器 Mac版";"";""
"EXTRACTED/1118/0";"Foxit PDF Editor for Cloud";"福昕高级PDF编辑器 网页版";"";""
"EXTRACTED/1119/0";"(Unshared envelope pooling)";"（未共享信封池化）";"";""
"EXTRACTED/1120/0";"(Shared envelope pooling)";"（共享信封池）";"";""
"EXTRACTED/1121/0";"Enable automatic export";"启用自动导出";"";""
"EXTRACTED/1122/0";"Disable automatic export";"禁用自动导出";"";""
"EXTRACTED/1123/0";"Products: {products}";"产品: {products}";"";""
"EXTRACTED/1124/0";"Automatic export settings";"自动导出设置";"";""
"EXTRACTED/1125/0";"Directory";"目录";"";""
"EXTRACTED/1126/0";"Created Time";"创建时间";"";""
"EXTRACTED/1127/0";"Activated Time";"激活时间";"";""
"EXTRACTED/1128/0";"Last Active at";"最后活跃于";"";""
"EXTRACTED/1129/0";"Days Since Active";"活跃天数";"";""
"EXTRACTED/1130/0";"Last Login Time";"最后登录时间";"";""
"EXTRACTED/1131/0";"Never logged in";"从未登录";"";""
"EXTRACTED/1132/0";"Inactive";"未激活";"";""
"EXTRACTED/1133/0";"UserActivity";"用户活动";"";""
"EXTRACTED/1134/0";"Custom Date";"自定义日期";"";""
"EXTRACTED/1135/0";"License custom date expiration";"授权自定义到期日期";"";""
"EXTRACTED/1136/0";"Account not in enterprise";"账户不属于企业";"";""
"EXTRACTED/1137/0";"Trigger Reason:";"触发原因:";"";""
"EXTRACTED/1138/0";"To improve clarity, we've simplified the names of Foxit PDF Editor products to ""Foxit PDF Editor"". All features and functionality remain exactly the same.";"为了提高清晰度，我们已将福昕高级PDF编辑器产品的名称简化为“福昕高级PDF编辑器”。所有功能和特性保持完全不变。";"";""
"EXTRACTED/1139/0";"Foxit PDF Editor - Win";"福昕高级PDF编辑器 - Win";"";""
"EXTRACTED/1140/0";"Foxit PDF Editor - Win Standard";"福昕高级PDF编辑器 - Win 标准版";"";""
"EXTRACTED/1141/0";"Foxit PDF Editor - macOS";"福昕高级PDF编辑器 - macOS";"";""
"EXTRACTED/1142/0";"Foxit PDF Editor - <i>Win</i>";"福昕高级PDF编辑器 - <i>Win</i>";"";""
"EXTRACTED/1143/0";"Foxit PDF Editor - <i>Win Standard</i>";"福昕高级PDF编辑器 - <i>Win 标准版</i>";"";""
"EXTRACTED/1144/0";"Foxit PDF Editor - <i>macOS</i>";"福昕高级PDF编辑器 - <i>macOS</i>";"";""
"EXTRACTED/1145/0";"Disable Alerts";"禁用提醒";"";""
"EXTRACTED/1146/0";"Enable Alerts";"启用提醒";"";""
"EXTRACTED/1147/0";"Email Recipients: ";"电子邮件收件人:";"";""
"EXTRACTED/1148/0";"Cloud Documents has been upgraded to Foxit DMS! Enjoy free unlimited storage with Foxit's secure document hub to store, organize, and share files.";"云文档已升级至福昕 DMS！使用福昕的安全文档中心，免费畅享无限存储空间，轻松存储、整理与共享文件。";"";""
"EXTRACTED/1149/0";"Setup Administrator";"设置管理员";"";""
"EXTRACTED/1150/0";"Read-Only Administrator";"只读管理员";"";""
"EXTRACTED/1151/0";"Domain name customized";"域名定制";"";""
"EXTRACTED/1152/0";"IP range modified";"IP范围更改";"";""
"EXTRACTED/1153/0";"User list columns customized";"自定义用户列表";"";""
"EXTRACTED/1154/0";"Single sign-on protocol modified";"单点登录协议更改";"";""
"EXTRACTED/1155/0";"set custom phantom online page";"设置自定义福昕高级PDF编辑器网页版页面";"";""
"EXTRACTED/1156/0";"Update network-drives configuration";"更新网络驱动器配置";"";""
"EXTRACTED/1157/0";"Logs exported";"日志导出";"";""
"EXTRACTED/1158/0";"License key file installed";"已安装授权密钥文件";"";""
"EXTRACTED/1159/0";"License key file updated";"已更新授权密钥文件";"";""
"EXTRACTED/1160/0";"Logged in using Admin Console account";"使用管理控制台账户登录";"";""
"EXTRACTED/1161/0";"Create super administrator";"创建超级管理员";"";""
"EXTRACTED/1162/0";"Administrator password updated";"管理员密码已更新";"";""
"EXTRACTED/1163/0";"User license(s) assigned";"用户授权已分配";"";""
"EXTRACTED/1164/0";"User licenses added using CSV file";"使用CSV文件添加用户授权";"";""
"EXTRACTED/1165/0";"User licenses added using CSV file in Foxit PDF Editor Cloud";"在福昕高级PDF编辑器网页版中使用CSV文件添加的用户授权";"";""
"EXTRACTED/1166/0";"User license(s) assigned in Foxit PDF Editor Cloud";"在福昕高级PDF编辑器网页版中分配的用户授权";"";""
"EXTRACTED/1167/0";"Remove users license";"移除用户授权";"";""
"EXTRACTED/1168/0";"Remove users license via CSV";"通过 CSV 移除用户授权";"";""
"EXTRACTED/1169/0";"User licenses removed using CSV file";"用户授权已使用CSV文件移除";"";""
"EXTRACTED/1170/0";"User licenses removed using CSV file in Foxit PDF Editor Cloud";"在福昕高级PDF编辑器网页版中使用CSV文件移除的用户授权";"";""
"EXTRACTED/1171/0";"User license(s) removed in Foxit PDF Editor Cloud";"在福昕高级PDF编辑器网页版中移除用户授权";"";""
"EXTRACTED/1172/0";"User authorization removed";"用户授权已移除";"";""
"EXTRACTED/1173/0";"User activation(s) revoked";"用户激活已吊销";"";""
"EXTRACTED/1174/0";"User licenses added to group members";"用户授权已添加给组成员";"";""
"EXTRACTED/1175/0";"LDAP configuration added";"LDAP配置已添加";"";""
"EXTRACTED/1176/0";"LDAP configuration updated";"LDAP配置已更新";"";""
"EXTRACTED/1177/0";"LDAP configuration deleted";"LDAP配置已删除";"";""
"EXTRACTED/1178/0";"LDAP configuration disabled";"LDAP配置已禁用";"";""
"EXTRACTED/1179/0";"LDAP priority lowered";"LDAP优先级降低";"";""
"EXTRACTED/1180/0";"LDAP priority raised";"LDAP优先级提高";"";""
"EXTRACTED/1181/0";"LDAP users synchronized";"LDAP用户已同步";"";""
"EXTRACTED/1182/0";"User list exported";"用户列表已导出";"";""
"EXTRACTED/1183/0";"User info edited";"用户信息已编辑";"";""
"EXTRACTED/1184/0";"User access revoked";"用户访问权限已吊销";"";""
"EXTRACTED/1185/0";"User access enabled";"用户访问权限已启用";"";""
"EXTRACTED/1186/0";"User(s) deleted";"用户已删除";"";""
"EXTRACTED/1187/0";"New mail server configured";"新邮件服务器已配置";"";""
"EXTRACTED/1188/0";"Mail server removed";"邮件服务器已移除";"";""
"EXTRACTED/1189/0";"Mail server configuration edited";"邮件服务器配置已编辑";"";""
"EXTRACTED/1190/0";"Test email sent";"测试电子邮件已发送";"";""
"EXTRACTED/1191/0";"User(s) invited";"用户已被邀请";"";""
"EXTRACTED/1192/0";"User(s) removed";"用户已移除";"";""
"EXTRACTED/1193/0";"User data exported";"用户数据已导出";"";""
"EXTRACTED/1194/0";"Group added";"组已添加";"";""
"EXTRACTED/1195/0";"Group edited";"组已编辑";"";""
"EXTRACTED/1196/0";"Group deleted";"组已删除";"";""
"EXTRACTED/1197/0";"User(s) added";"用户已添加";"";""
"EXTRACTED/1198/0";"User(s) added to a group";"已将用户加入组";"";""
"EXTRACTED/1199/0";"Group users exported";"组用户已导出";"";""
"EXTRACTED/1200/0";"User password reset";"用户密码已重置";"";""
"EXTRACTED/1201/0";"Domain deleted";"域已删除";"";""
"EXTRACTED/1202/0";"New domain added";"新域已添加";"";""
"EXTRACTED/1203/0";"Domain verified";"域已验证";"";""
"EXTRACTED/1204/0";"Domain verification file downloaded";"域验证文件已下载";"";""
"EXTRACTED/1205/0";"Downloaded package(s) deleted";"已下载的软件包已删除";"";""
"EXTRACTED/1206/0";"Download failure records deleted";"下载失败记录已删除";"";""
"EXTRACTED/1207/0";"Package download retrying";"软件包下载重试";"";""
"EXTRACTED/1208/0";"Package approved/unapproved";"软件包已批准/取消批准";"";""
"EXTRACTED/1209/0";"SAML configuration deleted";"SAML配置已删除";"";""
"EXTRACTED/1210/0";"SAML configuration added";"SAML配置已添加";"";""
"EXTRACTED/1211/0";"SAML sync configuration set";"SAML同步配置集";"";""
"EXTRACTED/1212/0";"SAML users synced";"SAML用户已同步";"";""
"EXTRACTED/1213/0";"Logged in using Foxit account";"使用福昕账户登录";"";""
"EXTRACTED/1214/0";"Reset administrator password";"重置管理员密码";"";""
"EXTRACTED/1215/0";"Internal update settings changed";"内部更新设置已更改";"";""
"EXTRACTED/1216/0";"Authorization model modified";"授权模式已更改";"";""
"EXTRACTED/1217/0";"Administrator added";"管理员已添加";"";""
"EXTRACTED/1218/0";"Administrator deleted";"管理员已删除";"";""
"EXTRACTED/1219/0";"Users added using CSV file";"使用CSV文件添加用户";"";""
"EXTRACTED/1220/0";"Licensed user list exported";"授权用户列表已导出";"";""
"EXTRACTED/1221/0";"Transfer Admin Privilege";"转移管理员权限";"";""
"EXTRACTED/1222/0";"Import user licenses by CSV file";"使用CSV文件导入用户授权";"";""
"EXTRACTED/1223/0";"User(s) re-invited";"重新邀请的用户";"";""
"EXTRACTED/1224/0";"Delete user authorizations in bulk";"批量删除用户收钱";"";""
"EXTRACTED/1225/0";"Automatically reclaim expired authorizations";"自动回收过期的授权";"";""
"EXTRACTED/1226/0";"Deactivate expired authorization";"退订过期的授权";"";""
"EXTRACTED/1227/0";"User(s) added by CSV";"由 CSV 添加的用户";"";""
"EXTRACTED/1228/0";"Delete organization members";"删除组织成员";"";""
"EXTRACTED/1229/0";"Add users to the group";"将用户添加到组";"";""
"EXTRACTED/1230/0";"User license(s) assigned via csv";"通过csv分配的用户授权";"";""
"EXTRACTED/1231/0";"Add the organization";"添加组织";"";""
"EXTRACTED/1232/0";"Add members to the organization";"将成员添加到组织";"";""
"EXTRACTED/1233/0";"Delete the organization";"删除组织";"";""
"EXTRACTED/1234/0";"Modify the organization";"修改组织";"";""
"EXTRACTED/1235/0";"Move the organization";"移动组织";"";""
"EXTRACTED/1236/0";"Move members to department";"将成员移动到部门";"";""
"EXTRACTED/1237/0";"Remove users from group";"从组中删除用户";"";""
"EXTRACTED/1238/0";"Restore user's activation";"重置用户的激活";"";""
"EXTRACTED/1239/0";"Update user info";"更新用户信息";"";""
"EXTRACTED/1240/0";"Recycling authorization";"回收授权";"";""
"EXTRACTED/1241/0";"Recyclable automatic authorization";"可回收自动授权";"";""
"EXTRACTED/1242/0";"License quota";"授权配额";"";""
"EXTRACTED/1243/0";"Set license quota";"设置授权配额";"";""
"EXTRACTED/1244/0";"Assign licenses automatically";"自动分配授权";"";""
"EXTRACTED/1245/0";"Recycle licenses automatically";"自动回收授权";"";""
"EXTRACTED/1246/0";"AAD configuration added";"AAD配置已添加";"";""
"EXTRACTED/1247/0";"AAD configuration deleted";"AAD配置已删除";"";""
"EXTRACTED/1248/0";"AAD users synced";"AAD用户已同步";"";""
"EXTRACTED/1249/0";"AAD users deleted";"AAD用户已删除";"";""
"EXTRACTED/1250/0";"AAD user licenses assigned";"AAD用户授权已分配";"";""
"EXTRACTED/1251/0";"AAD removed user licenses";"AAD移除了用户授权";"";""
"EXTRACTED/1252/0";"Directory users removed";"目录用户已移除";"";""
"EXTRACTED/1253/0";"Directory users restored";"目录用户已恢复";"";""
"EXTRACTED/1254/0";"SAML group scope set";"SAML组范围设置";"";""
"EXTRACTED/1255/0";"SAML group removed";"已移除SAML组";"";""
"EXTRACTED/1256/0";"Set license assignment";"设置授权分配";"";""
"EXTRACTED/1257/0";"OKTA configuration added";"OKTA配置已添加";"";""
"EXTRACTED/1258/0";"OKTA configuration deleted";"OKTA配置已删除";"";""
"EXTRACTED/1259/0";"OKTA users synced";"OKTA用户已同步";"";""
"EXTRACTED/1260/0";"OKTA users deleted";"OKTA用户已删除";"";""
"EXTRACTED/1261/0";"OKTA user licenses assigned";"OKTA用户授权已分配";"";""
"EXTRACTED/1262/0";"OKTA removed user licenses";"OKTA移除了用户授权";"";""
"EXTRACTED/1263/0";"JumpCloud configuration added";"JumpCloud配置已添加";"";""
"EXTRACTED/1264/0";"JumpCloud users synced";"JumpCloud用户已同步";"";""
"EXTRACTED/1265/0";"JumpCloud users deleted";"JumpCloud用户已删除";"";""
"EXTRACTED/1266/0";"JumpCloud user licenses assigned";"JumpCloud用户授权已分配";"";""
"EXTRACTED/1267/0";"JumpCloud removed user licenses";"JumpCloud已移除用户授权";"";""
"EXTRACTED/1268/0";"Approved users";"批准的用户";"";""
"EXTRACTED/1269/0";"Rejected users";"拒绝的用户";"";""
"EXTRACTED/1270/0";"Removed approval";"删除批准";"";""
"EXTRACTED/1271/0";"Disable SSO auto-login";"禁用 SSO 自动登录";"";""
"EXTRACTED/1272/0";"Restore SSO auto-login";"恢复 SSO 自动登录";"";""
"EXTRACTED/1273/0";"Logs exported by group or organization";"按组或组织导出的日志";"";""
"EXTRACTED/1274/0";"Access policies changed";"访问策略已更改";"";""
"EXTRACTED/1275/0";"User access blocked";"用户访问已阻止";"";""
"EXTRACTED/1276/0";"User access restored";"用户访问已恢复";"";""
"EXTRACTED/1277/0";"Block specific user(s) access";"阻止选定的用户访问";"";""
"EXTRACTED/1278/0";"Allow all users access";"允许所有用户访问";"";""
"EXTRACTED/1279/0";"Block all users access";"阻止所有用户访问";"";""
"EXTRACTED/1280/0";"Logs exported by license management";"按授权管理导出的日志";"";""
"EXTRACTED/1281/0";"Modify email notifications";"修改电子邮件通知";"";""
"EXTRACTED/1282/0";"Enable email notifications of assigning/updating licenses";"启用分配/更新授权的电子邮件通知";"";""
"EXTRACTED/1283/0";"Disable email notifications of assigning/updating licenses";"禁用分配/更新授权的电子邮件通知";"";""
"EXTRACTED/1284/0";"Enable email notifications of removing licenses";"启用删除授权的电子邮件通知";"";""
"EXTRACTED/1285/0";"Disable email notifications of removing licenses";"禁用删除授权的电子邮件通知";"";""
"EXTRACTED/1286/0";"Group connections created";"组连接已创建";"";""
"EXTRACTED/1287/0";"Group connections deleted";"组连接已删除";"";""
"EXTRACTED/1288/0";"Remove licenses from auto-deactivation";"从自动停用中删除许可证";"";""
"EXTRACTED/1289/0";"SAML sync configuration update";"SAML同步配置更新";"";""
"EXTRACTED/1290/0";"SSO configuration deleted";"SSO配置已删除";"";""
"EXTRACTED/1291/0";"JumpCloud configuration deleted";"已删除JumpCloud配置";"";""
"EXTRACTED/1292/0";"Teams products upgraded";"团队产品升级完成";"";""
"EXTRACTED/1293/0";"Feature access limitations removed";"取消了功能访问限制";"";""
"EXTRACTED/1294/0";"Export ou users";"导出组织用户";"";""
"EXTRACTED/1295/0";"SAML sync configuration added";"已添加SAML同步配置";"";""
"EXTRACTED/1296/0";"SAML configuration edited";"SAML配置已编辑";"";""
"EXTRACTED/1297/0";"Feature access limitations added";"添加了功能访问限制";"";""
"EXTRACTED/1298/0";"Automatically deactivate unused licenses";"自动停用未使用的授权。";"";""
"EXTRACTED/1299/0";"Offline available time edited";"离线可用时间已编辑";"";""
"EXTRACTED/1300/0";"Add members to organization by CSV";"通过 CSV 将成员添加到组织中";"";""
"EXTRACTED/1301/0";"Remove user(s) license";"删除用户授权";"";""
"EXTRACTED/1302/0";"Request Reviewed";"请求已审核";"";""
"EXTRACTED/1303/0";"Domain revoke";"域名撤销";"";""
"EXTRACTED/1304/0";"Domain updated";"域名已更新";"";""
"EXTRACTED/1305/0";"SAML bind domains";"SAML绑定域";"";""
"EXTRACTED/1306/0";"Change user's region";"更改用户的区域";"";""
"EXTRACTED/1307/0";"Change user's region by csv";"通过 CSV 文件更改用户的区域";"";""
"EXTRACTED/1308/0";"OneLogin configuration added";"OneLogin配置已添加";"";""
"EXTRACTED/1309/0";"OneLogin configuration deleted";"OneLogin配置已删除";"";""
"EXTRACTED/1310/0";"OneLogin users synced";"OneLogin用户已同步";"";""
"EXTRACTED/1311/0";"OneLogin users deleted";"OneLogin 用户已删除";"";""
"EXTRACTED/1312/0";"OneLogin user licenses assigned";"OneLogin用户授权已分配";"";""
"EXTRACTED/1313/0";"OneLogin removed user licenses";"OneLogin移除了用户授权";"";""
"EXTRACTED/1314/0";"Enable automatic user sync settings";"启用自动同步用户设置";"";""
"EXTRACTED/1315/0";"Disable automatic user sync settings";"禁用自动同步用户设置";"";""
"EXTRACTED/1316/0";"User region changed using CSV file";"用户地区已使用CSV文件更改";"";""
"EXTRACTED/1317/0";"Foxit AI";"福昕AI";"";""
"EXTRACTED/1318/0";"Renew licenses";"更新授权";"";""
"EXTRACTED/1319/0";"Request a quote";"请求报价";"";""
"EXTRACTED/1320/0";"Request more licenses";"请求更多授权";"";""
"EXTRACTED/1321/0";"Your organization has not purchased this product license.";"您的组织尚未购买此产品授权。";"";""
"EXTRACTED/1322/0";"Not enough licenses available.";"授权不足。";"";""
"EXTRACTED/1323/0";"Operation failed, please contact Foxit support team.";"操作失败，请联系福昕支持团队。";"";""
"EXTRACTED/1324/0";"Sync valid licenses from eSign to AC";"同步eSign有效授权到AC";"";""
"EXTRACTED/1325/0";"AAD group added";"已添加AAD组";"";""
"EXTRACTED/1326/0";"AAD group edited";"AAD 组已编辑";"";""
"EXTRACTED/1327/0";"AAD group deleted";"AAD 组已删除";"";""
"EXTRACTED/1328/0";"OKTA group added";"OKTA 组已添加";"";""
"EXTRACTED/1329/0";"OKTA group edited";"OKTA 组编辑";"";""
"EXTRACTED/1330/0";"OKTA group deleted";"OKTA 组已删除";"";""
"EXTRACTED/1331/0";"JumpCloud group added";"JumpCloud 组已添加";"";""
"EXTRACTED/1332/0";"JumpCloud group edited";"JumpCloud 组已编辑";"";""
"EXTRACTED/1333/0";"JumpCloud group deleted";"JumpCloud 组已删除";"";""
"EXTRACTED/1334/0";"OneLogin group added";"OneLogin 组已添加";"";""
"EXTRACTED/1335/0";"OneLogin group edited";"OneLogin 组已编辑";"";""
"EXTRACTED/1336/0";"OneLogin group deleted";"OneLogin 组已删除";"";""
"EXTRACTED/1337/0";"Disable SSO auto-login by users";"禁用用户的SSO自动登录";"";""
"EXTRACTED/1338/0";"Restore SSO auto-login by users";"恢复用户的SSO自动登录";"";""
"EXTRACTED/1339/0";"Disable SSO auto-login by groups";"按组禁用SSO自动登录";"";""
"EXTRACTED/1340/0";"Restore SSO auto-login by groups";"按组恢复SSO自动登录";"";""
"EXTRACTED/1341/0";"Remove licenses in bulk";"批量移除授权";"";""
"EXTRACTED/1342/0";"Provisioning Sync Scope Updated";"配置同步范围已更新";"";""
"EXTRACTED/1343/0";"License Shortage Alerts";"许可证短缺警报";"";""
"EXTRACTED/1344/0";"AAD admin added";"AAD 管理员已添加";"";""
"EXTRACTED/1345/0";"AAD admin deleted";"AAD 管理员已删除";"";""
"EXTRACTED/1346/0";"OKTA admin added";"OKTA 管理员已添加";"";""
"EXTRACTED/1347/0";"OKTA admin deleted";"OKTA 管理员已删除";"";""
"EXTRACTED/1348/0";"JumpCloud admin added";"JumpCloud 管理员已添加";"";""
"EXTRACTED/1349/0";"JumpCloud admin deleted";"JumpCloud 管理员已删除";"";""
"EXTRACTED/1350/0";"Group role deleted";"组角色已删除";"";""
"EXTRACTED/1351/0";"Group role created";"组角色已创建";"";""
"EXTRACTED/1352/0";"Microsoft Entra ID configuration added";"Microsoft Entra ID 配置已添加";"";""
"EXTRACTED/1353/0";"Microsoft Entra ID configuration deleted";"Microsoft Entra ID 配置已删除";"";""
"EXTRACTED/1354/0";"Microsoft Entra ID users synced";"Microsoft Entra ID 用户已同步";"";""
"EXTRACTED/1355/0";"Microsoft Entra ID users deleted";"Microsoft Entra ID 用户已删除";"";""
"EXTRACTED/1356/0";"Microsoft Entra ID user licenses assigned";"Microsoft Entra ID 用户许可证已分配";"";""
"EXTRACTED/1357/0";"Microsoft Entra ID removed user licenses";"Microsoft Entra ID 用户许可证已移除";"";""
"EXTRACTED/1358/0";"Microsoft Entra ID group added";"Microsoft Entra ID 组已添加";"";""
"EXTRACTED/1359/0";"Microsoft Entra ID group edited";"Microsoft Entra ID 组已编辑";"";""
"EXTRACTED/1360/0";"Microsoft Entra ID group deleted";"Microsoft Entra ID 组已删除";"";""
"EXTRACTED/1361/0";"Microsoft Entra ID admin added";"Microsoft Entra ID 管理员已添加";"";""
"EXTRACTED/1362/0";"Microsoft Entra ID admin deleted";"Microsoft Entra ID 管理员已删除";"";""
"EXTRACTED/1363/0";"Directory users permanently removed";"目录用户已永久删除";"";""
"EXTRACTED/1364/0";"Dear {userEmail},";"亲爱的 {userEmail}，";"";""
"EXTRACTED/1365/0";"Hello";"您好";"";""
"EXTRACTED/1366/0";"Click here to get started!";"点击这里开启！";"";""
"EXTRACTED/1367/0";"If you have any questions or need any assistance, please contact your organization's administrator";"如果您有任何问题或者需要帮助，请联系您的组织管理员。";"";""
"EXTRACTED/1368/0";"The admin of your organization {org} has added you into the Group {groupName}.";"您的组织 {org} 的管理员已经将您加入 {groupName} 组。";"";""
"EXTRACTED/1369/0";"Join me and the rest of the team on {org}!";"加入我和 {org} 中的其他团队！";"";""
"EXTRACTED/1370/0";"Your organization's administrator has already created an account for you, and your username is";"您的组织管理员已经为您创建了一个账户，您的用户名是";"";""
"EXTRACTED/1371/0";"Your admin in {org} reset the password for your account:";"{org}的管理员重置了您的账户密码：";"";""
"EXTRACTED/1372/0";"Reset my password";"重置我的密码";"";""
"EXTRACTED/1373/0";"The admin of your organization ({org}) has removed you from the Group ({groupName}) for {org} products.";"您的组织（{org}）的管理员已将您从{org}产品的组（{groupName}）中删除。";"";""
"EXTRACTED/1374/0";"Your licenses for all Foxit products have been revoked by your organization's administrator. All products will be automatically deactivated.";"您的所有福昕产品的授权已被您的组织管理员吊销。所有产品将自动停用。";"";""
"EXTRACTED/1375/0";"Your licenses for Foxit PDF Editor Cloud have been revoked by your organization's administrator.";"您的组织管理员已经吊销了您的福昕高级PDF编辑器网页版的授权。";"";""
"EXTRACTED/1376/0";"Phone number: {number1} or {number2}";"电话号码： {number1}或{number2}";"";""
"EXTRACTED/1377/0";"Phone number: {number1}";"电话号码： {number1}";"";""
"EXTRACTED/1378/0";"The activation status/report CSV file is ready to download.";"激活状态/报告CSV文件已准备好下载。";"";""
"EXTRACTED/1379/0";"Download data";"下载数据";"";""
"EXTRACTED/1380/0";"Your exported data is ready to download.";"您要导出的数据可以下载了。";"";""
"EXTRACTED/1381/0";"{org}'s account data is ready to be downloaded as a .csv file. The download link will expire in 24 hours.";"{org}的账户数据已准备好作为.csv文件格式下载。下载链接将在24小时后失效。";"";""
"EXTRACTED/1382/0";"Otherwise, please click on this link or copy and paste it into your browser reset password:";"否则，请点击链接或者复制并粘贴到您的浏览器中重置密码：";"";""
"EXTRACTED/1383/0";"The admin of {org} and your team are waiting for you to join your {org} team.";"{org}的管理员和您的团队正在等待您加入{org}团队。";"";""
"EXTRACTED/1384/0";"Work with them on your organization's documents at {org}.";"与他们一起在{org}上处理您组织的文档。";"";""
"EXTRACTED/1385/0";"Your Foxit licenses have been updated by your organization's administrator.";"您的福昕授权已由组织的管理员更新。";"";""
"EXTRACTED/1386/0";"Currently, you have licenses for the product(s) below:";"目前，您拥有以下产品的授权：";"";""
"EXTRACTED/1387/0";"To activate these product(s), simply launch them and log in with your organizational account.";"要激活这些产品，只需启动他们并使用您的组织账户登录即可。";"";""
"EXTRACTED/1388/0";"Welcome back to {org}!";"欢迎回到{org}！";"";""
"EXTRACTED/1389/0";"The admin of {org} reactivated your {org} account for {email}. You can access {org} services again.";"{org}的管理员重新激活了{email}的{org}账户。您可以再次访问{org}服务。";"";""
"EXTRACTED/1390/0";"Your administrator, {name}({email}), has requested for you to change the password of your {org} account:";"您的管理员{name}（{email}）已要求您更改{org}账户的密码：";"";""
"EXTRACTED/1391/0";"Change my password";"更改我的密码";"";""
"EXTRACTED/1392/0";"Join now!";"立即加入！";"";""
"EXTRACTED/1393/0";"To update your password, click on the button below.";"要更新密码，请点击下面的按钮。";"";""
"EXTRACTED/1394/0";"The admin of {org} and your team are waiting for you to join your team to access Foxit products.";"{org}的管理员和您的团队正在等待您加入团队来访问福昕产品。";"";""
"EXTRACTED/1395/0";"Work with them on your organization's documents.";"与他们一起处理您的组织的文档。";"";""
"EXTRACTED/1396/0";"{userName} has invited you to join your team for Foxit products";"{userName}邀请您加入福昕产品团队";"";""
"EXTRACTED/1397/0";"Admin Console";"管理控制台";"";""
"EXTRACTED/1398/0";"If you have any questions, please contact your organization's administrator ({adminEmail}).";"如有任何疑问，请联系您的组织管理员（{adminEmail}）。";"";""
"EXTRACTED/1399/0";"If you have any questions, please contact your organization's technical support ({techEmail}).";"如有任何疑问，请联系您所在组织的技术支持({techEmail})。";"";""
"EXTRACTED/1400/0";"Dear";"亲爱的";"";""
"EXTRACTED/1401/0";"If you have any questions or need any assistance, please contact your organization's administrator, {userName}({userEmail}).";"如果您有任何问题或者需要帮助，请联系您的组织管理员，{userName}({userEmail})。";"";""
"EXTRACTED/1402/0";"{userName}({userEmail}) has added you into the Group {groupName}";"{userName}（{userEmail}）已将您添加到{groupName}组中";"";""
"EXTRACTED/1403/0";"Your organization's administrator has already created an account for you, and your username is {userName}.";"您的组织的管理员已经为您创建了一个账户，您的用户名是{userName}。";"";""
"EXTRACTED/1404/0";"Your {org} account has been created";"您的{org}账户已创建";"";""
"EXTRACTED/1405/0";"New Password:";"新密码：";"";""
"EXTRACTED/1406/0";"If you have any questions, please contact your organization's administrator, {userName}({userEmail}).";"如有任何疑问，请与您的组织的管理员{userName}（{userEmail}）联系。";"";""
"EXTRACTED/1407/0";"{userName}({userEmail}) has removed you from the Group ({groupName})";"{userName}（{userEmail}）已将您从组（{groupName}）中删除";"";""
"EXTRACTED/1408/0";"Change your Foxit account password";"更改您的福昕账户密码";"";""
"EXTRACTED/1409/0";"Your administrator, {userName}({userEmail}), has requested for you to change the password of your Foxit account:";"您的管理员, {userName}({userEmail})，要求您更改福昕账户的密码：";"";""
"EXTRACTED/1410/0";"Your exported data is ready to download";"您要导出的数据已准备好下载";"";""
"EXTRACTED/1411/0";"Your {org} data is ready to download";"您的{org}数据已准备好下载";"";""
"EXTRACTED/1412/0";"If you did not make this request, please notify us at support@foxit.com. The security of your account is, and will continue to be, important to us.";"如果您没有提出过该请求，请通过support@foxitsoftware.cn通知我们。您的账户安全对我们来说是非常重要的，而且将一直如此。";"";""
"EXTRACTED/1413/0";"Otherwise, please click on this link or copy and paste it into your browser to reset your password:";"否则，请点击该链接或将其复制并粘贴到浏览器中以便重置密码：";"";""
"EXTRACTED/1414/0";"The admin of {org} and your team are waiting for you to join your team to access {org} products.";"{org}的管理员和您的团队正在等待您加入团队以访问{org}产品。";"";""
"EXTRACTED/1415/0";"{admin} has invited you to join your team for {org} products";"{admin}邀请您加入{org}产品团队";"";""
"EXTRACTED/1416/0";"Reset your {org} password";"重置您的{org} 密码";"";""
"EXTRACTED/1417/0";"Reset your Foxit password";"重置您的福昕密码";"";""
"EXTRACTED/1418/0";"Hello {email},";"您好 {email}，";"";""
"EXTRACTED/1419/0";"The activation status report CSV file you requested {org} is ready to download.";"您请求的{org}的激活状态报告CSV文件已准备好下载。";"";""
"EXTRACTED/1420/0";"Welcome back to Foxit!";"欢迎回到福昕！";"";""
"EXTRACTED/1421/0";"The admin of Foxit reactivated your Foxit account for {userEmail}. You can access Foxit services again.";"福昕的管理员重新激活了{userEmail}的福昕账户。您可以再次访问福昕服务。";"";""
"EXTRACTED/1422/0";"Log in to your account";"登录您的账户";"";""
"EXTRACTED/1423/0";"Your Foxit account has been reactivated";"您的福昕账户已创建";"";""
"EXTRACTED/1424/0";"Your organization administrator has updated your Foxit licenses";"您的组织管理员已更新您的福昕授权";"";""
"EXTRACTED/1425/0";"Users will receive email notifications from Foxit Admin Console when their licenses has been updated.";"当用户的授权更新后，用户将收到来自福昕管理控制台的邮件通知。";"";""
"EXTRACTED/1426/0";"Users will receive email notifications from Foxit Admin Console when their licenses has been revoked.";"当用户的授权被吊销时，用户将收到来自福昕管理控制台的邮件通知。";"";""
"EXTRACTED/1427/0";"Your {org} activation status report is ready to download";"您的{org}激活状态报告已准备就绪，可以下载";"";""
"EXTRACTED/1428/0";"Administrator transferred successfully";"管理员成功转移";"";""
"EXTRACTED/1429/0";"You can activate these product(s) on {NUMBLE_OF_ACTIVATED_DEVICDS} devices.";"您可以在{NUMBLE_OF_ACTIVATED_DEVICDS}个设备上激活这些产品。";"";""
"EXTRACTED/1430/0";"Your company {ORGANIZATION} has set you as a super administrator, you can log in to the <a href=""{ADMIN_CONSOLE_URL}"">Admin Console</a> website to manage your company.";"您的公司{ORGANIZATION}已将您设置为超级管理员，您可以登录<a href=""{ADMIN_CONSOLE_URL}"">管理控制台</a>网站来管理您的公司。";"";""
"EXTRACTED/1431/0";"Please report your issues at <a href=""http://tickets.foxitsoftware.com/create.php"">http://tickets.foxitsoftware.com/create.php</a>. Make sure to indicate the product name (""Foxit Admin Console"") and the version number. If possible, please indicate your organization name also for prompt response.";"请在<a href=""http://tickets.foxitsoftware.com/create.php""> http://tickets.foxitsoftware.com/create.php </a>中报告您的问题。请确认指出产品名称（“ Foxit管理控制台”）和版本号。如果可能的话，请同时注明您的组织名称，以便及时回复。";"";""
"EXTRACTED/1432/0";"Your company {ORGANIZATION} has set you as a super administrator, you can log in to the <a href=""{ADMIN_CONSOLE_URL}"">Admin Console website</a> to manage your company. And you can log in to the <a href=""{APPSTORE_URL}"">App Store</a> with your account to view or renew your order.";"您的公司{ORGANIZATION}已将您设置为超级管理员，您可以登录<a href=""{ADMIN_CONSOLE_URL}"">管理控制台网站</a>来管理您的公司。您也可以使用您的账户登录<a href=""{APPSTORE_URL}"">应用商店</a>来查看或续订订单。";"";""
"EXTRACTED/1433/0";"We have received a request to delete the cloud service purchased in Foxit and its data.";"我们已收到您要求删除在福昕购买的云服务及其数据的请求。";"";""
"EXTRACTED/1434/0";"Otherwise, please copy the confirmation code and paste it into the confirmation box popped up by Foxit Admin Console.";"否则请复制验证码并将其粘贴到福昕管理控制台弹出的确认框中。";"";""
"EXTRACTED/1435/0";"Confirmation code: {CODE} ";"验证码：{CODE} ";"";""
"EXTRACTED/1436/0";"This code expires after 24 hours.";"该验证码将在24小时后失效。";"";""
"EXTRACTED/1437/0";"Data deleted successfully";"数据删除成功。";"";""
"EXTRACTED/1438/0";"Your data in Foxit Admin Console has been deleted successfully.";"您在福昕管理控制台中的数据已经成功删除了。";"";""
"EXTRACTED/1439/0";"Work with them on your organization.";"在您的组织中与他们合作。";"";""
"EXTRACTED/1440/0";"After you click to agree to join the organization, you can wait for the administrator to assign you a license or actively contact your enterprise administrator to assign you a license.";"点击同意加入组织后，可以等待管理员为您分配授权，也可以主动联系企业管理员为您分配授权。";"";""
"EXTRACTED/1441/0";"Change your username";"更改您的用户名";"";""
"EXTRACTED/1442/0";"Your Foxit Cloud admin, {adminEmail}, changed your display name: {beforeName} -> {afterName}";"您的福昕云管理员， {adminEmail}，更改了您的显示名称：{beforeName} -> {afterName}";"";""
"EXTRACTED/1443/0";"If you have any questions, please contact your organization's administrator.";"如有任何疑问，请联系您的组织管理员。";"";""
"EXTRACTED/1444/0";"Time to renew your licenses";"是时候续订您的授权了";"";""
"EXTRACTED/1445/0";"Time to renew your {product} licenses, the {number} licenses of this product will expire in {day} days. ";"是时候续订您的{product}授权了，该产品的 {number} 个授权将在{day}天过期。 ";"";""
"EXTRACTED/1446/0";"Your administrator rights for Foxit Admin Console";"您对福昕管理控制台的管理员权限";"";""
"EXTRACTED/1447/0";"You are now a configuration administrator within the Foxit Admin Console.";"您现在是福昕管理控制台的配置管理员。";"";""
"EXTRACTED/1448/0";"In your role as Configuration Administrator, you have the administrator rights to configure enterprise customization settings through the Foxit Admin Console for {org}.";"作为配置管理员，您拥有通过 {org} 的福昕管理控制台配置企业自定义设置的管理员权限。";"";""
"EXTRACTED/1449/0";"To get started, sign in to <a href=""{acUrl}"">Foxit Admin Console</a>. (If on-cloud use <a href=""{onCloudUrl}"">{onCloudUrl}</a>, if on-premise, please use on-premise AC link)";"首先，请登录<a href=""{acUrl}"">福昕管理控制台</a>。（如果在云端，请使用<a href=""{onCloudUrl}"">{onCloudUrl}</a>，如果本地部署，请使用本地部署的 AC 链接）";"";""
"EXTRACTED/1450/0";"You are now a deployment administrator for {org} within the Foxit Admin Console.";"您现在是福昕控制管理台中 {org} 的部署管理员。";"";""
"EXTRACTED/1451/0";"In your role as Deployment Administrator, you have the administrator rights to perform the following actions through the Foxit Admin Console for {org}.";"作为部署管理员，您拥有通过 {org} 的福昕管理控制台执行以下操作的管理员权限。";"";""
"EXTRACTED/1452/0";"Set or edit the product to be updated, version type, and language";"设置或编辑要更新的产品、版本类型和语言";"";""
"EXTRACTED/1453/0";"Set or edit the person who needs to be updated and its time";"设置或编辑需要更新的人员及其时间";"";""
"EXTRACTED/1454/0";"Set or edit the product and its version to be rolled back";"设置或编辑要回滚的产品及其版本";"";""
"EXTRACTED/1455/0";"You are now a product administrator for {org} within the Foxit Admin Console. The management permissions of the products, groups, and the number of user licenses that you can currently manage are as follows:";"您现在是福昕管理控制台中 {org} 的产品管理员。产品、组的管理权限以及您当前可管理的用户授权数如下：";"";""
"EXTRACTED/1456/0";"PRODUCT NAME";"产品名称";"";""
"EXTRACTED/1457/0";"GROUP NAME";"组名";"";""
"EXTRACTED/1458/0";"USER LICENSES";"用户授权";"";""
"EXTRACTED/1459/0";"All users";"所有用户";"";""
"EXTRACTED/1460/0";"You now have administrator rights to manage Foxit software and services for your organization.";"您现在拥有为您的组织管理福昕软件和服务的管理员权限。";"";""
"EXTRACTED/1461/0";"In your role as System Administrator you will have full administrator rights to manage Foxit software and services through the Foxit Admin Console for {org}.";"作为系统管理员，您将拥有通过 {org} 的福昕管理控制台管理福昕软件和服务的完全管理员权限。";"";""
"EXTRACTED/1462/0";"You are now a User&Group administrator for {org} within the Foxit Admin Console.";"您现在是福昕控制管理台中 {org} 的用户&组管理员。";"";""
"EXTRACTED/1463/0";"In your role as User&Group administrator, you have the rights necessary to add and remove the members of the user group through the Foxit Admin Console.";"作为用户&组管理员，您拥有通过福昕管理控制台添加和删除用户组成员的权限。";"";""
"EXTRACTED/1464/0";"Your enterprise administrator has updated your product administrator authority. The latest management permissions of the products, groups, and the number of user licenses that you can currently manage are as follows:";"您的企业管理员已更新您的产品管理员权限。产品、组的最新管理权限以及您当前可管理的用户授权数如下：";"";""
"EXTRACTED/1465/0";"If you think this was done in error, contact your administrator.";"如果您认为这样存在问题，请联系您的管理员。";"";""
"EXTRACTED/1466/0";"You no longer have {roleName} rights to Foxit Admin Console.";"您不再拥有福昕管理控制台的  {roleName}  权限。";"";""
"EXTRACTED/1467/0";"The administrators of {org} have revoked your {roleName} rights. You will no longer be able to access Foxit Admin Console as an administrator.";"{org} 的管理员已撤销您的 {roleName} 权限。您将无法再以管理员身份访问福昕管理控制台。";"";""
"EXTRACTED/1468/0";"verify code";"验证码";"";""
"EXTRACTED/1469/0";"The administrator has assigned you the license(s) of the following Foxit product(s) :";"管理员已为您分配了以下福昕产品的授权：";"";""
"EXTRACTED/1470/0";"After clicking the link above to join the organization, you can use your organization account to access Foxit products assigned to you.";"点击上面的链接加入组织后，您可以使用您的组织账户访问分配给您的福昕产品。";"";""
"EXTRACTED/1471/0";"You can activate {product} on {limit} devices.";"您可以在{limit}台设备上激活{product}。";"";""
"EXTRACTED/1472/0";"The management permissions of the groups that you can currently manage are as follows:";"您当前可管理的组的管理权限如下：";"";""
"EXTRACTED/1473/0";"Your enterprise administrator has updated your User&Group administrator authority. The latest management permissions of the groups that you can currently manage are as follows:";"您的企业管理员已更新您的用户&组管理员权限。您当前可管理的组的最新管理权限如下：";"";""
"EXTRACTED/1474/0";"ORGANIZATION NAME";"组织名称";"";""
"EXTRACTED/1475/0";"The admin of {org} and your team are waiting for you to join your team to access Foxit eSign.";"{org}的管理员和您的团队正在等待您加入团队来访问福昕电子签章。";"";""
"EXTRACTED/1476/0";"{userEmail} has invited you to join your team for Foxit eSign.";"{userEmail}邀请您加入福昕电子签章团队。";"";""
"EXTRACTED/1477/0";"After clicking the link above to join the organization, you can use your organization account to access Foxit eSign assigned to you.";"点击上面的链接加入组织后，您可以使用您的组织账户访问分配给您的福昕电子签章。";"";""
"EXTRACTED/1478/0";"The Foxit Support team has been given temporary access to your account";"福昕技术支持团队已获得对您账户的临时访问权限";"";""
"EXTRACTED/1479/0";"The Allow account assumption feature is enabled.";"允许福昕支持团队账号授权功能已启用。";"";""
"EXTRACTED/1480/0";"The Foxit Support team can access your account to help troubleshoot issues from {startDateTime} to {endDateTime}.";"福昕技术支持团队可以访问您的账户以帮助解决从{startDateTime}到{endDateTime}的问题。";"";""
"EXTRACTED/1481/0";"To change this setting, go to My Profile > Privacy and Security > Account assumption.";"要更改此设置，请转到个人资料 > 隐私和安全 > 福昕支持团队账号授权。";"";""
"EXTRACTED/1482/0";"Time to renew your {product} licenses.";"是时候续订您的{product}授权了。";"";""
"EXTRACTED/1483/0";"The {NUMBER} licenses of {product} will expire in {N} day(s).";"{product}的{NUMBER}个授权将在{N}天后过期。";"";""
"EXTRACTED/1484/0";"Email address of user";"用户的邮件地址";"";""
"EXTRACTED/1485/0";"Product name assigned to users";"分配给用户的产品名称";"";""
"EXTRACTED/1486/0";"Email address of administrator";"管理员的邮件地址";"";""
"EXTRACTED/1487/0";"The maximum number of devices allowed to activate";"允许激活的最大设备数目";"";""
"EXTRACTED/1488/0";"Your enterprise administrator has updated your product administrator authority. The latest management permissions of the products and groups that you can currently manage are as follows:";"您的企业管理员已更新您的产品管理员权限。当前可管理的产品和组的最新管理权限如下：";"";""
"EXTRACTED/1489/0";"You are now a product administrator for {org} within the Foxit Admin Console. The latest management permissions of the products and groups that you can currently manage are as follows:";"您现在是福昕管理控制台中{org}的产品管理员。当前可管理的产品和组的最新管理权限如下：";"";""
"EXTRACTED/1490/0";"Click here to join now!";"点击这里加入！";"";""
"EXTRACTED/1491/0";"The administrator and your team are waiting for you to join {org} to access products.";"管理员和您的团队正在等待您加入{org}以访问产品。";"";""
"EXTRACTED/1492/0";"{admin} has invited you to join {org}";"{admin}已邀请您加入{org}";"";""
"EXTRACTED/1493/0";"You are added as an administrator of the Foxit Admin Console";"您被添加为福昕管理控制台的管理员";"";""
"EXTRACTED/1494/0";"Your administrator rights for Foxit Admin Console have been updated";"您对福昕管理控制台的管理员权限已更新";"";""
"EXTRACTED/1495/0";"Your administrator rights for Foxit Admin Console have been removed";"您对福昕管理控制台的管理员权限已被删除";"";""
"EXTRACTED/1496/0";"(The link expires in <span style=""color: #F06E1A;"">72 hours</span>)";"（链接将在<span style=""color: #F06E1A;"">72小时</span>后过期）";"";""
"EXTRACTED/1497/0";"HERE";"这里";"";""
"EXTRACTED/1498/0";"You can download {license} from {here}.";"您可以从{here}下载{license}。";"";""
"EXTRACTED/1499/0";"To activate this product, please open {license}, click the ""Activate"" button in the activation wizard or click ""Help/Home>Activate"" in the ribbon, then click the ""Sign In"" button and follow the onscreen steps to enjoy your product license.";"要激活此产品，请打开{license}，点击激活向导中的“激活”按钮或点击功能区中的“帮助/主页>激活”，然后点击“登录”按钮，按照屏幕上的步骤即可享受您的产品授权。";"";""
"EXTRACTED/1500/0";"You can activate this product on {limit} devices.";"您可以在{limit}台设备上激活该产品。";"";""
"EXTRACTED/1501/0";"Expiration Time: {expire}";"过期时间：{expire}";"";""
"EXTRACTED/1502/0";"Please visit {here}, and log in with your email and password on the upper right corner of the page to enjoy your product license.";"请访问{here}，并在页面右上角使用您的电子邮件和密码登录以享受您的产品授权。";"";""
"EXTRACTED/1503/0";"Please open {license} on your mobile device, and tap the user account icon on the top left corner (for tablets) or on the top right corner in the Discover view (for phones) to sign in with your Foxit account and enjoy your product license.";"请在您的移动设备上打开{license}，然后点击左上角（平板电脑）或右上角的“发现”视图（手机）用户账户图标以登录您的福昕账户并享受您的产品授权。";"";""
"EXTRACTED/1504/0";"Please visit {here}, and log in with your email and password to enjoy your product license.";"请访问{here}，并使用您的电子邮件和密码登录以享受您的产品授权。";"";""
"EXTRACTED/1505/0";"This product bundle includes {licenses}.";"该产品捆绑包包括{licenses}。";"";""
"EXTRACTED/1506/0";"You can download {licenses} from {here}.";"您可以从{here}下载{licenses}。";"";""
"EXTRACTED/1507/0";"And you can activate these products on {limit} devices.";"您可以在{limit}台设备上激活这些产品。";"";""
"EXTRACTED/1508/0";"You can activate {licenses}.";"您可以激活{licenses}。";"";""
"EXTRACTED/1509/0";"You can download the app from {license} for {iOS} or {license} for {Android} and install the app on your iOS or Android device.";"您可以从适用于{iOS}的{license}或适用于{Android}的{license}下载该应用程序，并将该应用程序安装到您的iOS或Android设备上。";"";""
"EXTRACTED/1510/0";"You can download {license} by clicking the version below. And you can activate these products on {limit} devices.";"您可以通过单击以下版本下载{license}。 您可以在{limit}台设备上激活这些产品。";"";""
"EXTRACTED/1511/0";"Set up two-step verification for your account";"为您的账户设置两步验证";"";""
"EXTRACTED/1512/0";"To keep your account secure, your administrator at {org} is now requiring that you use two-step verification when you sign in to use Foxit services.";"为了确保您的账户安全，您在{org}的管理员现在要求您在登录使用福昕服务时进行两步验证。";"";""
"EXTRACTED/1513/0";"The next time you sign in, you will be asked for a sign-in code.";"下次登录时，系统会要求您输入验证码。";"";""
"EXTRACTED/1514/0";"Cancel two-step verification for your organization";"为您的组织取消两步验证";"";""
"EXTRACTED/1515/0";"You have canceled two-step verification for your organization. Next time members of your organization sign in, they will need to use their password but not be asked for a sign-in code.";"已为您的组织取消两步验证。下次您组织的成员登录时，他们将需要使用密码，但不会要求他们提供验证码。";"";""
"EXTRACTED/1516/0";"You can login to Foxit Admin Console to change your settings.";"您可以登录福昕管理控制台更改您的设置。";"";""
"EXTRACTED/1517/0";"Product Name: ";"产品名称： ";"";""
"EXTRACTED/1518/0";"Time to contact Foxit to renew your {product} license.";"是时候联系福昕续订您的{product}授权啦。";"";""
"EXTRACTED/1519/0";"Your {product} will expire in {day} day(s).";"您的{product}产品将在{day}天后过期。";"";""
"EXTRACTED/1520/0";"QUOTA";"配额";"";""
"EXTRACTED/1521/0";"You have successfully upgraded the subscription from PDF Editor Suite for Teams to PDF Editor Suite Pro for Teams.";"您已经成功将订阅从PDF Editor Suite for Teams升级为PDF Editor Suite Pro for Teams。";"";""
"EXTRACTED/1522/0";"In order to ensure that the users in your enterprise can access Foxit's services smoothly, we have automatically upgraded the licenses of your enterprise users. However, if you do not wish to upgrade the user licenses, you can click on <a style=""text-decoration: none; background; color: rgb(255, 167, 78); word-break: break-all; word-wrap: break-word;"" href=""{link}"">""License Management""</a> to remove the user license.";"为了确保您企业中的用户顺利访问福昕服务，我们自动升级了您企业用户的授权。但是，如果您不想要升级用户授权，您可以点击 <a style=""text-decoration: none; background; color: rgb(255, 167, 78); word-break: break-all; word-wrap: break-word;"" href=""{link}"">“授权管理”</a> 移除用户授权。";"";""
"EXTRACTED/1523/0";"You can download {license} by clicking the product name below. And you can activate these products on {limit} devices.";"您可以通过点击以下产品名下载{license}。 您可以在{limit}台设备上激活这些产品。";"";""
"EXTRACTED/1524/0";"License Upgrade Reminder";"授权升级提醒";"";""
"EXTRACTED/1525/0";"Dear {userName},";"亲爱的{userName}，";"";""
"EXTRACTED/1526/0";"Click the following link to review this application:";"点击以下链接查看此应用程序：";"";""
"EXTRACTED/1527/0";"Click on the following link to re-apply to join in {product}:";"点击以下链接重新申请加入{product}：";"";""
"EXTRACTED/1528/0";"You have no available quota for the following products:";"您没有以下产品的可用配额：";"";""
"EXTRACTED/1529/0";"To ensure all users can access Foxit service, please contact your super administrator for more quotas.";"为了确保所有用户都可以访问福昕服务，请联系您的超级管理员获取更多配额。";"";""
"EXTRACTED/1530/0";"Reminder of your Foxit licenses allocation";"您的福昕授权配额提醒";"";""
"EXTRACTED/1531/0";"No set";"未设置";"";""
"EXTRACTED/1532/0";"To ensure all users can access Foxit service, please contact our sales team.";"为确保所有用户都能使用福昕服务，请联系我们的销售团队。";"";""
"EXTRACTED/1533/0";"Tel:";"电话:";"";""
"EXTRACTED/1534/0";"Sales:";"销售:";"";""
"EXTRACTED/1535/0";"A user has applied to join the organization";"已有用户申请加入组织";"";""
"EXTRACTED/1536/0";"The administrator has approved your request to join the organization";"管理员批准了您加入组织的请求";"";""
"EXTRACTED/1537/0";"The user {applicatEmail} has requested to join {enterpriseName} in order to access resources within {product}.";"用户{applicatEmail}请求加入{enterpriseName}以访问{product}中的资源。";"";""
"EXTRACTED/1538/0";"The administrator has approved your request to join {enterpriseName}.";"管理员已批准您加入{enterpriseName}的请求。";"";""
"EXTRACTED/1539/0";"After joining the organization, you will be able to access the resources within the organization or use the product licenses that have been assigned to you by the administrator.";"加入组织后，您可以访问组织内的资源，或者使用管理员分配给您的产品权限.";"";""
"EXTRACTED/1540/0";"If you have any questions, you can contact the administrator of the organization at {approverEmail}.";"如果您有任何疑问，您可以通过{approverEmail}联系该组织的管理员。";"";""
"EXTRACTED/1541/0";"This product bundle includes the following products:";"该产品套餐包含如下产品：";"";""
"EXTRACTED/1542/0";"You can activate the product on {limit} device(s).";"您可以在{limit}台设备上激活该产品。";"";""
"EXTRACTED/1543/0";"The administrator has rejected your request to join the organization";"管理员已拒绝您加入组织";"";""
"EXTRACTED/1544/0";"The administrator has rejected your request to join {enterpriseName}.";"管理员拒绝了您加入{enterpriseName}的请求。";"";""
"EXTRACTED/1545/0";"The reason for the rejection was: {reason}.";"拒绝的原因是： {reason}。";"";""
"EXTRACTED/1546/0";"Your {org} license usage report is ready to download";"您的{org}授权使用报告已准备就绪，可供下载";"";""
"EXTRACTED/1547/0";"Your {org} license management report is ready to download";"您的{org}授权管理报告已准备就绪，可供下载";"";""
"EXTRACTED/1548/0";"The license usage report Excel file you requested is ready to download.";"您请求的授权使用报告Excel文件已准备就绪，可供下载。";"";""
"EXTRACTED/1549/0";"The license management report Excel file you requested is ready to download.";"您请求的授权管理报告Excel文件已准备就绪，可供下载。";"";""
"EXTRACTED/1550/0";"Please launch Foxit PDF Editor Pro and log in with your Foxit ID to enjoy auto-redaction feature powered by Foxit AI technology.";"请启动福昕高级PDF编辑器专业版并使用您的福昕账户登录，以享受由福昕AI技术支持的自动密文功能。";"";""
"EXTRACTED/1551/0";"{userName} has invited you to join your team to use Foxit products";"{userName}邀请您加入您的团队使用福昕产品";"";""
"EXTRACTED/1552/0";"{userName} has invited you to join your team to use Foxit eSign";"{userEmail}邀请您加入您的团队使用福昕电子签章";"";""
"EXTRACTED/1553/0";"Users can join the organization by clicking the link";"用户可以通过点击链接加入组织";"";""
"EXTRACTED/1554/0";"In your role as Setup Administrator you will have full administrator rights to manage Foxit software and services through the Foxit Admin Console for {org}.";"作为设置管理员，您将拥有通过{org}的福昕管理控制台管理福昕软件和服务的完全管理员权限.";"";""
"EXTRACTED/1555/0";"Adding and verifying your phone number in the ""ACCOUNT DETAILS"" section of the <a href=""{accountUrl}"">Profile page</a>. Next time, you can logging in with your phone number and one-time verification code.";"在<a href=""{accountUrl}"">个人资料页面</a>的“账户详细信息”位置添加并验证您的电话号码。下次您可以使用手机号码和验证码登录。";"";""
"EXTRACTED/1556/0";"LICENSE QUOTA";"授权配额";"";""
"EXTRACTED/1557/0";"ENVELOPE QUOTA";"信封配额";"";""
"EXTRACTED/1558/0";"Organization name";"组织名称";"";""
"EXTRACTED/1559/0";"To successfully join the organization, we kindly request you to modify the region information of your current account. This is necessary as our organization operates within specific regions and requires all members' account information to align with the organization's requirements.";"为了成功加入我们的组织，我们恳请您修改当前账户的地区信息。这是必要的，因为我们的组织在特定地区运营，并要求所有成员的账户信息与组织的要求保持一致。";"";""
"EXTRACTED/1560/0";"Kindly confirm if you are willing to join our organization and proceed with modifying your account's region information.";"请确认您是否愿意加入我们的组织，并继续修改您账户的地区信息。";"";""
"EXTRACTED/1561/0";"We regret to inform you that your PDF Editor Suite {year} license upgrade has failed. We value your experience and will do our best to resolve this issue.";"很遗憾地通知您，您的PDF编辑套件{year}授权升级失败。我们重视您的体验，并将尽力解决此问题。";"";""
"EXTRACTED/1562/0";"Don't worry, you can still access Foxit services normally now and you can reapply for the upgrade. Please ensure that your network environment is good.";"不用担心，您现在仍然可以正常访问福昕服务，并且可以重新申请升级。请确保您的网络环境良好。";"";""
"EXTRACTED/1563/0";"If you need any help or have any questions, please feel free to contact our support team. We will provide support and assistance as soon as possible.";"如果您需要任何帮助或有任何问题，请随时联系我们的支持团队。我们将尽快提供支持和帮助。";"";""
"EXTRACTED/1564/0";"Thank you for choosing our product!";"谢谢您选择我们的产品！";"";""
"EXTRACTED/1565/0";"We are pleased to inform you that your license upgrade to PDF Editor Suite 2023 has been successfully completed. You can now enjoy the full range of features and benefits provided by PDF Editor Suite {year}.";"我们很高兴地通知您，您的PDF编辑套件2023的授权升级已成功完成。您现在可以享受由PDF编辑套件 {year} 提供的全部功能和服务。";"";""
"EXTRACTED/1566/0";"To manage your license, please log in to the Admin Console. From there, you can view detailed license information, configure features, and access other management tools.";"要管理您的授权，请登录到管理员控制台。从那里，您可以查看详细的授权信息，配置功能，并访问其他管理工具。";"";""
"EXTRACTED/1567/0";"If you encounter any technical issues or need further assistance, please feel free to contact our support team, and we will be happy to assist you as soon as possible.";"如果您遇到任何技术问题或需要进一步帮助，请随时联系我们的支持团队，我们很乐意尽快为您提供帮助。";"";""
"EXTRACTED/1568/0";"{license} includes the following products.";"{license} 包括以下产品。";"";""
"EXTRACTED/1569/0";"Access Foxit Products Now";"立即访问福昕产品";"";""
"EXTRACTED/1570/0";"You can explore Foxit product by clicking the button below now.";"您现在可以通过点击下方按钮来探索福昕产品。";"";""
"EXTRACTED/1571/0";"Foxit Admin Console is ready for your subscription plan upgrade";"福昕管理控制台已准备好您的订阅计划升级";"";""
"EXTRACTED/1572/0";"We are pleased to inform you that Foxit Admin Console is ready for your subscription plan upgrade. You can now manage your license through {link}. From there, you can view detailed license information, configure features, and access other management tools.";"我们很高兴地通知您， 福昕管理控制台已准备好供您进行订阅计划升级。您现在可以通过 {link} 管理您的授权。从那里，您可以查看详细的授权信息，配置功能，并访问其他管理工具。";"";""
"EXTRACTED/1573/0";"Foxit Admin Console";"福昕管理控制台";"";""
"EXTRACTED/1574/0";"If you encounter any technical issues or need further assistance, please feel free to contact our support team ({tel}), and we will be happy to assist you as soon as possible.";"如果您遇到任何技术问题或需要进一步帮助，请随时联系我们的支持团队({tel})，我们将很乐意尽快帮助您。";"";""
"EXTRACTED/1575/0";"You can access AI Assistant service directly after logging into the Foxit PDF Editor Cloud, iOS, Android, Mac, Windows, and Reader Product.";"您可以在登录福昕高级PDF编辑器网页版后，直接访问AI助手服务，支持iOS、Android、Mac、Windows和Reader产品。";"";""
"EXTRACTED/1576/0";"Get your apps";"获取您的应用程序";"";""
"EXTRACTED/1577/0";"Foxit offers a centralized platform, namely Foxit App Launcher, for your quick and easy access to all the applications and services available in your subscription plan. Please click the ""Foxit App Launcher"" button below to visit Foxit App Launcher, and get your apps and services after logging in to your Foxit Account.";"福昕提供了一个集中的平台，即福昕应用启动器，让您可以快速轻松地访问您订阅计划中提供的所有应用程序和服务。请点击下面的""福昕应用启动器""按钮访问福昕应用启动器，在登录您的福昕账户后获取您的应用程序和服务。";"";""
"EXTRACTED/1578/0";"Foxit App Launcher";"福昕应用启动器";"";""
"EXTRACTED/1579/0";"Enterprise {org} is requesting access to your verified domain {domain}. Please note that  if the domain has linked to a directory,  the trustee will be able to access all domains within the directory. The information for the trustee is as follows:";"企业{org}正在请求访问您验证的域{domain}。请注意，如果该域已链接到一个目录，受托人将能够访问目录中的所有域。受托人的信息如下:。";"";""
"EXTRACTED/1580/0";"Name: {name}";"姓名: {name}";"";""
"EXTRACTED/1581/0";"Review the request now";"现在查看请求";"";""
"EXTRACTED/1582/0";"Domain owner has revoked your access to domain";"域名所有者已撤销您对域名的访问权限。";"";""
"EXTRACTED/1583/0";"Domain owner has revoked your access to domain {domain}.";"域名所有者已撤销您对域名{domain}的访问权限。";"";""
"EXTRACTED/1584/0";"Please note that after revocation, you will no longer be able to access the directory associated with this domain. Users who have been synchronized to the organization will be deleted and cannot continue using the licenses assigned to them.";"请注意，撤销后，您将无法再访问与该域关联的目录。已同步到组织的用户将被删除，并且无法继续使用分配给他们的许可证。";"";""
"EXTRACTED/1585/0";"Domain owner has approved your request to access domain {domain}.";"域所有者已批准您访问域 {domain} 的请求。";"";""
"EXTRACTED/1586/0";"Other organization requests access to your domain or directory";"其他组织请求访问您的域或目录";"";""
"EXTRACTED/1587/0";"Domain owner has approved your request";"域名所有者已经批准了您的请求。";"";""
"EXTRACTED/1588/0";"Domain owner has rejected your request";"域名所有者已拒绝您的请求。";"";""
"EXTRACTED/1589/0";"Domain owner has rejected your request to access domain {domain}.";"域名所有者已拒绝您访问域 {domain} 的请求。";"";""
"EXTRACTED/1590/0";"The reason for rejection was: {reason}.";"拒绝的原因是: {reason}。";"";""
"EXTRACTED/1591/0";"You can activate the above products ({products}) on total of {limit} devices.";"您可以在{limit}台设备上激活上述产品({products})。";"";""
"EXTRACTED/1592/0";"Please log in with your organization account in the Foxit PDF Editor Pro Windows (Version >= 2024.3) to enjoy Foxit Translate Assistant.";"请使用您的组织账户在福昕高级PDF编辑器专业版Windows版 (版本 >= 2024.3) 中登录，以体验福昕翻译助手。";"";""
"EXTRACTED/1593/0";"{adminEmail} has updated your data storage center";"{adminEmail}已更新您的数据存储中心";"";""
"EXTRACTED/1594/0";"Your administrator has updated your data storage center.";"您的管理员已经更新了您的数据存储中心。";"";""
"EXTRACTED/1595/0";"Please note that once you join the organization, the relevant document data associated with your previous account will not be transferred and accessible.";"请注意，一旦您加入该组织，与您之前账户相关的文件数据将不会被转移和访问。";"";""
"EXTRACTED/1596/0";"Please log in with your organization account in Foxit Advanced PDF Editor Professional for Windows (version>=2024.3) to experience Foxit AI Assistant.";"请使用您的组织账号登录福昕高级PDF编辑专业版Windows版本（版本 >= 2024.3），体验福昕AI助手。";"";""
"EXTRACTED/1597/0";"You can access the AI Assistant service directly after logging into the Foxit PDF Editor Cloud, Mac, Windows, and Reader Product.";"您可以在登录到福昕高级PDF编辑器Cloud端、Mac、Windows和Reader产品后直接访问AI助手服务。";"";""
"EXTRACTED/1598/0";"Note: If you don't have a password for your Foxit account, please click '<a href=""{FORGET_PASSWORD_URL}"">Forgot Password</a>' to reset it.";"注意:：如果您的福昕账户没有密码，请点击\";"";""
"EXTRACTED/1599/0";"Access Request for {Product} from {EMAIL_User}";"从{EMAIL_User}请求对{Product}的访问";"";""
"EXTRACTED/1600/0";"{EMAIL_User} requests more credits to access {Product} in your organization.";"{EMAIL_User} 请求更多额度以访问您组织中的 {Product}。";"";""
"EXTRACTED/1601/0";"Please click the button below to log in to the Admin Console and assign a license to this user.";"请点击下面的按钮登录到Admin Console并为该用户分配许可证。";"";""
"EXTRACTED/1602/0";"Assign License";"分配许可证";"";""
"EXTRACTED/1603/0";"Visit <a href=""http://kb.foxit.com"">kb.foxit.com</a> to try our new AI Chatbot for instant solutions and explore helpful Knowledge base articles. Alternatively, you can submit a case directly. Make sure to indicate the product name (""Foxit Admin Console"") and the version. If possible, please indicate your organization name also for prompt response.";"访问<a href=""http://kb.foxit.com"">kb.foxit.com</a>，尝试我们的新AI聊天机器人，获得即时解决方案，并浏览有用的知识库文章。或者，您也可以直接提交案例。请确保注明产品名称（"" 福昕管理控制台""）和版本。如有可能，请同时注明您的组织名称，以便快速响应。";"";""
"EXTRACTED/1604/0";"Fujian Foxit Software Development Joint Stock Co.,Ltd.";"福建福昕软件开发股份有限公司";"";""
"EXTRACTED/1605/0";"Fujian Foxit Software Development Joint Stock Co.,Ltd. All rights reserved.";"福建福昕软件开发股份有限公司。保留所有权利。";"";""
"EXTRACTED/1606/0";"Your licenses for Foxit products have been modified";"您的福昕产品许可证已被修改";"";""
"EXTRACTED/1607/0";"We are writing to notify you that your license for the following Foxit product(s) has been withdrawn by your organization's administrator:<br/>{products}";"我们写信通知您，您的组织管理员已撤销以下福昕产品的许可证:<br/>{products}";"";""
"EXTRACTED/1608/0";"As a result, access to these product(s) will no longer be available.";"因此，将不再提供对这些产品的访问。";"";""
"EXTRACTED/1609/0";"All rights reserved.";"保留所有权利。";"";""
"EXTRACTED/1610/0";"Welcome! You Now Have Full Access to Foxit's AI Package";"欢迎！您现在可以完全访问福昕AI套件";"";""
"EXTRACTED/1611/0";"Your admin has granted you access to <b>Foxit's AI Package</b>, which includes:";"您的管理员已授予您访问<b> 福昕AI套件</b>的权限，其中包括:。";"";""
"EXTRACTED/1612/0";"<b>Foxit AI Assistant</b> in our PDF Reader and Editor products.";"<b> 福昕 AI助手</b>在我们的PDF阅读器和编辑器产品中。";"";""
"EXTRACTED/1613/0";"A web-based <b>Foxit AI</b> platform, accessible from any browser.";"一个基于网络的<b> 福昕AI</b>平台，可从任何浏览器访问。";"";""
"EXTRACTED/1614/0";"With 2,000 monthly credits across the two, you can unlock smarter ways to work with your documents!";"拥有每月 2,000 个额度，您可以解锁与您的文档更智能的工作方式！";"";""
"EXTRACTED/1615/0";"What Can You Do with Foxit AI Assistant?";"您可以使用福昕AI助手做些什么？";"";""
"EXTRACTED/1616/0";"<b>Extract Insights</b>: Get accurate answers linked to sources within your document.";"<b>提取见解</b>: 获取与您的文档内部来源相关的准确答案。";"";""
"EXTRACTED/1617/0";"<b>One-Click Summaries & Translations</b>: Summarize content or translate documents into 16 languages instantly.";"<b>一键摘要和翻译</b> : 立即将内容进行摘要或将文档翻译成16种语言。";"";""
"EXTRACTED/1618/0";"<b>Automate PDF Tasks</b>: Let AI execute tasks like adding pages, watermarks, or Bates numbering, etc. for you (exclusive to AI Assistant).";"<b>自动化PDF任务</b>: 让人工智能为您执行诸如添加页面、水印或贝茨编号等任务（AI助手专属）。";"";""
"EXTRACTED/1619/0";"How to Get Started";"如何开始";"";""
"EXTRACTED/1620/0";"Use Foxit AI Assistant in Foxit PDF Editor (if licensed)";"在 福昕高级PDF编辑器 中使用福昕AI助手（如果有许可）";"";""
"EXTRACTED/1621/0";"For subscribers of Foxit PDF Editor/Editor+, log in to the desktop, cloud, or mobile app (Editor+ only). Ensure your desktop Editor is updated to version <b>2024.3 or above</b> to access AI Assistant from the ribbon.";"对于福昕高级PDF编辑器/Editor+的订阅用户，请登录到桌面、云端或移动应用程序（仅限Editor+）。确保您的桌面编辑器已更新到<b>2024.3或更高版本</b>，以从功能区访问AI助手。";"";""
"EXTRACTED/1622/0";"Use Foxit AI on the Web";"在Web上使用福昕AI";"";""
"EXTRACTED/1623/0";"To access our standalone web-based AI service go to <a href=""https://ai.foxit.com"">ai.foxit.com</a> and login with your Foxit account.";"要访问我们的独立基于Web的AI服务，请转到<a href=""https://ai.foxit.com"">ai.foxit.com</a>并使用您的福昕账户登录。";"";""
"EXTRACTED/1624/0";"Visit the Online Help Center";"访问在线帮助中心";"";""
"EXTRACTED/1625/0";"Access User Manuals";"访问用户手册";"";""
"EXTRACTED/1626/0";"Report an Issue";"报告问题";"";""
"EXTRACTED/1627/0";"(The link expires in <span style=""color: #F06E1A;"">{NUM} day(s)</span>)";"(链接将在 <span style=""color: #F06E1A;"">{NUM} 天</span>后过期)";"";""
"EXTRACTED/1628/0";"Please log in with your organization account in Foxit PDF Editor Pro Windows (version>=2025.2) to experience Foxit AI PPT.";"请使用您的组织账户在福昕高级PDF编辑器专业版-Windows版（版本>=2025.2）中登录，体验福昕AI PPT。";"";""
"EXTRACTED/1629/0";"Please log in with your organization account in Foxit PDF Editor Pro Windows (version>=2025.2) to experience Foxit Online Office.";"请使用您的组织账户在福昕高级PDF编辑器专业版-Windows版（版本>=2025.2）中登录，体验福昕在线Office。";"";""
"EXTRACTED/1630/0";"Please log in with your organization account in Foxit PDF Editor Pro Windows (version>=2024.3) to experience Foxit AI Assistant.";"请使用您的组织账户在福昕高级PDF编辑器专业版-Windows版（版本>=2024.3）中登录，体验福昕AI助手。";"";""
"EXTRACTED/1631/0";"The admin of {org} has updated your data storage center of your account.";"{org}的管理员已更新了您账户的数据存储中心。";"";""
"EXTRACTED/1632/0";"If you want to change the data storage center of your account, we kindly request you to modify the region information of your current account. This is necessary as our organization operates within specific regions and requires all members' account information to align with the organization's requirements.";"如果您想要更改您账户的数据存储中心，我们请求您修改当前账户的区域信息。这是必要的，因为我们的组织在特定区域运营，并要求所有成员的账户信息与组织的要求保持一致。";"";""
"EXTRACTED/1633/0";"Please note that once you change the region of your account, the relevant document data associated with your previous account will not be transferred and accessible.";"请注意，一旦您更改了账户的地区，与您之前账户相关的文件数据将不会被转移和访问。";"";""
"EXTRACTED/1634/0";"Click here to modify!";"点击这里进行修改！";"";""
"EXTRACTED/1635/0";"Kindly confirm if you are willing to join the new organization and proceed with modifying your account's region information.";"请确认您是否愿意加入新组织，并继续修改您账户的地区信息。";"";""
"EXTRACTED/1636/0";"In accordance with the deactivation settings enabled by your enterprise, we have reclaimed the relevant licenses for the following users in accordance with the rules, as they have not used Foxit PDF Editor for <strong>{days}</strong> consecutive days.";"根据您企业启用的停用设置，根据规定，我们已经收回了以下用户的相关许可证，因为他们已经连续 {days} 天未使用福昕高级PDF编辑器。";"";""
"EXTRACTED/1637/0";"The specific information is as follows:";"具体信息如下:";"";""
"EXTRACTED/1638/0";"If you need to reassign these licenses or view more details, please log in to the <a style=""text-decoration: none; background; color: #2fb4f5; word-break: break-all; word-wrap: break-word;"" href=""{link}"">Admin Console</a> to operate.";"如果您需要重新分配这些许可证或查看更多详细信息，请登录到<a style=""text-decoration: none; background; color: #2fb4f5; word-break: break-all; word-wrap: break-word;"" href=""{link}"">Admin Console</a> 进行操作。";"";""
"EXTRACTED/1639/0";"Your Foxit PDF Editor License Will Be Automatically Revoked in {days} Days";"您的福昕高级PDF编辑器许可证将在{days}天内自动被吊销";"";""
"EXTRACTED/1640/0";"Notice on Reclaiming Licenses for Some Users of Foxit PDF Editor";"关于为部分福昕高级PDF编辑器用户恢复许可证的通知。";"";""
"EXTRACTED/1641/0";"You can download {license} from the following links. For 32-bit systems, please click {link1}. For 64-bit systems, please click {link2}.";"您可以从以下链接下载{license}。下载32位系统，请点击{link1}。下载64位系统，请点击{link2}。";"";""
"EXTRACTED/1642/0";"32-bit download link";"32位下载链接";"";""
"EXTRACTED/1643/0";"64-bit download link";"64位下载链接";"";""
"EXTRACTED/1644/0";"Your data storage center's region doesn't match the enterprise's location. We kindly request you to modify the region information of your current account. This is necessary as our organization operates within specific regions and requires all members' account information to align with the organization's requirements.";"您的数据存储中心的区域与企业所在地不符。我们恳请您修改当前账户的区域信息。由于我们的组织在特定区域内运营，要求所有成员的账户信息与组织的要求保持一致，因此此操作是必要的。";"";""
"EXTRACTED/1645/0";"Your data storage center's region doesn't match the enterprise's location";"您的数据存储中心的区域与企业所在地不匹配";"";""
"EXTRACTED/1646/0";"After you click to agree to join the new organization, you can wait for the new administrator to assign you a license or actively contact your enterprise administrator to assign you a license.";"点击同意加入新组织后，您可以等待新管理员为您分配许可证，或者主动联系您的企业管理员分配许可证。";"";""
"EXTRACTED/1647/0";"Data Storage Center Update Confirmation";"数据存储中心更新确认";"";""
"EXTRACTED/1648/0";"You can download {license} from the following links. For 32-bit systems, download the {link1}, {link2}, or {link3} package. For 64-bit systems, download the {link4}, {link5}, or {link6} package.";"您可以从以下链接下载{license}。对于32位系统，请下载{link1}，{link2}或{link3}包。对于64位系统，请下载{link4}，{link5}或{link6}包。";"";""
"EXTRACTED/1649/0";"As <span style=""font-weight: bold;"">System Admin</span>, you will have full administrator rights to manage Foxit software and services through the Foxit Admin Console for <span style=""font-weight: bold;"">{org}.</span>";"作为<span style=""font-weight: bold;"">系统管理员</span>，您将拥有完整的管理员权限，通过{org}的<span style=""font-weight: bold;""> 福昕</span>软件和服务进行管理。";"";""
"EXTRACTED/1650/0";"To get started, sign in to the Foxit Admin Console:";"开始使用，登录到福昕管理控制台:";"";""
"EXTRACTED/1651/0";"<span style=""font-weight: bold; line-height: 2;"">On-Cloud Admin Console:</span> Use {link}";"<span style=""font-weight: bold; line-height: 2;"">云端管理控制台:</span> 请使用{link}";"";""
"EXTRACTED/1652/0";"<span style=""font-weight: bold; line-height: 2;"">On-Premise Admin Console:</span> Use your organization's custom link";"<span style=""font-weight: bold; line-height: 2;"">本地部署管理控制台:</span> 请使用您组织的自定义链接";"";""
"EXTRACTED/1653/0";"Technical Support";"技术支持";"";""
"EXTRACTED/1654/0";"Foxit provides online and telephone support for current product versions.";"福昕为当前产品版本提供在线和电话支持。";"";""
"EXTRACTED/1655/0";"Online Support:";"在线支持:";"";""
"EXTRACTED/1656/0";"Please report your issues at {link}";"请在{link}处报告您的问题。";"";""
"EXTRACTED/1657/0";"For a faster response, include the product name (""Foxit Admin Console""), version number, and—if possible—your organization name, Super Admin email, and Microsoft Subscription ID.";"为了获得更快的响应，请包括产品名称（"" 福昕管理控制台""）、版本号，如果可能的话还包括您的组织名称、超级管理员电子邮件和Microsoft订阅ID。";"";""
"EXTRACTED/1658/0";"Phone Support:";"电话支持:";"";""
"EXTRACTED/1659/0";"Please call Foxit Technical Support at {number1} or {number2} (available 24/7).";"请致电福昕技术支持，电话号码为{number1}或{number2}（全天候提供服务）。";"";""
"EXTRACTED/1660/0";"MSP Sales Support:";"MSP销售支持:";"";""
"EXTRACTED/1661/0";"Please send email to {email}";"请发送电子邮件至{email}。";"";""
"EXTRACTED/1662/0";"You no longer have {roleName} rights in the Foxit Admin Console. The administrators of {org} have revoked your {roleName} rights.";"你在福昕管理控制台中不再拥有{roleName}权限。{org}的管理员已经撤销了你的{roleName}权限。";"";""
"EXTRACTED/1663/0";"If you believe this change was made in error, please contact your Foxit IT administrator.";"如果您认为这个更改是错误的，请联系您的福昕 IT管理员。";"";""
"EXTRACTED/1664/0";"The user activity report CSV file you requested is ready to download.";"您请求的用户活动报告CSV文件已准备就绪好可供下载。";"";""
"EXTRACTED/1665/0";"Your {org} user activity report is ready to download";"您的{org}用户活动报告已准备就绪好可供下载";"";""
"EXTRACTED/1666/0";"Support & General:";"支持与通用:";"";""
"EXTRACTED/1667/0";"License Assignment Failed - No Available Licenses for {lic}";"许可分配失败 - {lic} 无可用许可证";"";""
"EXTRACTED/1668/0";"Hi";"嗨";"";""
"EXTRACTED/1669/0";"This is an automated alert to notify you that an automated provisioning attempt has failed because there are no available licenses remaining for {lic} in your organization {org}.";"这是一个自动提醒，通知您由于您的组织 {org} 中 {lic} 没有剩余可用许可证，自动预配尝试失败。";"";""
"EXTRACTED/1670/0";"Time:";"时间:";"";""
"EXTRACTED/1671/0";"Your free trial of <strong>{productName}</strong>, arranged through your organization's administrator, is now active.";"您通过贵组织管理员安排的<strong>{productName}</strong>免费试用现已激活。";"";""
"EXTRACTED/1672/0";"Trial Details:";"试用详情:";"";""
"EXTRACTED/1673/0";"Start Date:";"开始日期:";"";""
"EXTRACTED/1674/0";"End Date:";"结束日期:";"";""
"EXTRACTED/1675/0";"Activate Your Applications & Services";"激活您的应用程序和服务";"";""
"EXTRACTED/1676/0";"Foxit PDF Editor Windows/Mac";"福昕高级PDF编辑器 Windows/Mac";"";""
"EXTRACTED/1677/0";"Please download the installer for Foxit PDF Editor Windows(<a href=""{exeLink}"">.exe</a> or <a href=""{zipLink}"">.zip</a>) or <a href=""{macLink}"">Foxit PDF Editor Mac</a>. After successful installation, open Foxit PDF Editor, click the ""Sign In"" button in the activation wizard, and log in with your Foxit Account.";"请下载福昕高级PDF编辑器 Windows 的安装程序（<a href=""{exeLink}"">.exe</a> 或 <a href=""{zipLink}"">.zip</a>）或 <a href=""{macLink}"">福昕高级PDF编辑器 Mac</a>。安装成功后，打开福昕高级PDF编辑器，在激活向导中点击“登录”按钮，并使用您的福昕账号登录。";"";""
"EXTRACTED/1678/0";"Foxit PDF Editor Cloud/Foxit eSign";"福昕高级PDF编辑器网页版/福昕电子签章";"";""
"EXTRACTED/1679/0";"When you open Foxit Editor Cloud (<a href=""{linkOnline1}"">{linkOnline}</a>) or Foxit eSign (<a href=""{linkSign1}"">{linkSign}</a>), the service will be activated automatically.";"当您打开福昕高级PDF编辑器网页版(<a href=""{linkOnline1}"">{linkOnline}</a>) 或福昕电子签章 (<a href=""{linkSign1}"">{linkSign}</a>) 时，服务将自动激活。";"";""
"EXTRACTED/1680/0";"Please download the app for <a href=""{link1}"">Foxit PDF Editor iOS</a> or <a href=""{link2}"">Foxit PDF Editor Android</a>. After successful installation, open Foxit PDF Editor on your mobile device, and tap the user account icon on the top corner to log in with your Foxit Account.";"请下载<a href=""{link1}"">福昕高级PDF编辑器 iOS</a>或<a href=""{link2}"">福昕高级PDF编辑器 Android</a>应用。安装成功后，在您的移动设备上打开福昕高级PDF编辑器，然后点击顶部角落的用户账户图标，使用您的福昕账户登录。";"";""
"EXTRACTED/1681/0";"Your primary point of contact for support and sales is your Admin:";"您的主要支持和销售联系人是您的管理员:";"";""
"EXTRACTED/1682/0";"Contact:";"联系:";"";""
"EXTRACTED/1683/0";"Make sure to indicate the product name (""Foxit Admin Console"") and the version number.";"请务必标明产品名称（"" 福昕管理控制台""）和版本号。";"";""
"EXTRACTED/1684/0";"If possible, please include your organization name, super admin email address and Microsoft subscription ID for a prompt response.";"如果可能，请提供您的组织名称、超级管理员电子邮件地址和Microsoft订阅ID，以便快速响应。";"";""
"EXTRACTED/1685/0";"<strong>Reason:</strong> No available licenses remaining. The provisioning system attempted to assign a license but all licenses are currently in use.";"<strong>原因:</strong> 没有可用的许可证。预配系统尝试分配许可证，但所有许可证当前均已被使用。";"";""
"EXTRACTED/1686/0";"<strong>Action Required:</strong> Please purchase additional licenses or remove inactive users to free up licenses.";"<strong>需要操作:</strong> 请购买额外的许可证或移除不活跃用户以释放许可证。";"";""
"EXTRACTED/1687/0";"Grant Temporary Access to Foxit Support Team for Your Admin Console";"授予福昕支持团队对您的管理控制台的临时访问权限";"";""
"EXTRACTED/1688/0";"Revocation of Temporary Access to Your Admin Console for Foxit Support Team";"撤销对您的管理控制台的临时访问权限，以支持福昕团队";"";""
"EXTRACTED/1689/0";"In line with your recent request for support, please authorize our team to temporarily access your Admin Console to perform the necessary troubleshooting. To complete this authorization, simply click the link below within {linkExpiry} hours:";"根据您最近的支持请求，请授权我们的团队临时访问您的管理控制台以进行必要的故障排除。要完成此授权，只需在{linkExpiry}小时内点击以下链接:。";"";""
"EXTRACTED/1690/0";"By clicking this link, you will grant the Foxit Support Team temporary administrative access to your account during the following period:";"点击此链接，您将授予 福昕支持团队在以下期间对您的账户的临时管理权限:";"";""
"EXTRACTED/1691/0";"Access Time:";"访问时间:";"";""
"EXTRACTED/1692/0";"Please note that this access will be automatically revoked at the end of the specified period to ensure the security of your account.";"请注意，为确保您的账户安全，此访问权限将在指定期限结束时自动撤销。";"";""
"EXTRACTED/1693/0";"If you did not request this assistance, please disregard this email or contact our support team immediately at {supportEmail}.";"如果您没有请求此帮助，请忽略此邮件或立即通过 {supportEmail} 联系我们的支持团队。";"";""
"EXTRACTED/1694/0";"Thank you for trusting Foxit Software. If you have any questions or need further assistance, feel free to reach out to us.";"感谢您信任福昕软件。如果您有任何问题或需要进一步的帮助，欢迎随时联系我们。";"";""
"EXTRACTED/1695/0";"In line with the completion of your support request, the temporary administrative access granted to the Foxit Support Team for your Admin Console has been <strong>revoked</strong> as of {revokeDateTime}.";"根据您的支持请求已完成，授予福昕支持团队对您的管理控制台的临时管理访问权限已于{revokeDateTime}<strong>撤销</strong>。";"";""
"EXTRACTED/1696/0";"The access period for this authorization was:";"此授权的访问期限为:";"";""
"EXTRACTED/1697/0";"Please note that the Foxit Support Team ({supportEmail}) can no longer access your Admin Console or perform any administrative actions on your behalf. Your account has reverted to its normal secure state, and all temporary permissions have been fully revoked.";"请注意， 福昕支持团队（{supportEmail}）不再能够访问您的管理控制台或代表您执行任何管理操作。您的账户已恢复到正常的安全状态，所有临时权限已被完全撤销。";"";""
"EXTRACTED/1698/0";"If you did not authorize this temporary access or believe this revocation was made in error, please disregard this email or contact our support team immediately at {supportEmail}.";"如果您未授权此临时访问或认为此次撤销有误，请忽略此邮件或立即通过 {supportEmail} 联系我们的支持团队。";"";""
"EXTRACTED/1699/0";"As a <b>Read-Only Administrator</b> of the Admin Console, you can view all users, licenses, and settings but cannot modify any data or configurations for {org}.";"作为管理控制台的<b>只读管理员</b>，您可以查看所有用户、许可证和设置，但无法修改任何 {org} 的数据或配置。";"";""
"EXTRACTED/1700/0";"Authorize Access Now";"立即授权访问";"";""
"EXTRACTED/1701/0";"Technical:";"技术:";"";""
"EXTRACTED/1702/0";"To complete the process, please note that once you join this organization, your account's data storage region will be automatically updated to align with the organization's data center; you will then be disassociated from your original organization and lose the ability to transfer or access any previous account data.";"要完成此过程，请注意，一旦您加入此组织，您的账户数据存储区域将自动更新与该组织的数据中心保持一致；随后，您将与原组织解除关联，并且无法转移或访问任何以前的账户数据。";"";""
"EXTRACTED/1703/0";"Please review the above information carefully before proceeding.";"请在继续操作前仔细审阅上述信息。";"";""
"EXTRACTED/1704/0";"To complete the process, once confirmed, your account's data storage region will be automatically updated to match your organization's data center region; you will then be disassociated from your original organization and lose the ability to transfer or access any previous account data.";"完成该过程后，一旦确认，您的账户数据存储区域将自动更新为与您的组织数据中心区域相匹配；随后，您将与原组织解除关联，并且无法转移或访问任何之前的账户数据。";"";""
"EXTRACTED/1705/0";"If you consent to the transfer of your personal (account) data from the {Origin} data center to the {Destination} data center for the purpose of logging in to and using Foxit products, please click the link below to change your data storage location.";"如果您同意将您的个人（账户）数据从{Origin}数据中心转移到{Destination}数据中心，以便登录和使用福昕产品，请点击以下链接更改您的数据存储位置。";"";""
"EXTRACTED/1706/0";"Configuration";"配置";"";""
"EXTRACTED/1707/0";"Configure the settings for the internal update server.";"配置内部更新服务器的设置";"";""
"EXTRACTED/1708/0";"Packages to download";"下载包";"";""
"EXTRACTED/1709/0";"Choose which Foxit update packages should be automatically downloaded. Downloaded packages can be viewed in: ";"选择应自动下载哪些福昕更新软件包。可以在以下位置查看已下载的软件包： ";"";""
"EXTRACTED/1710/0";"Version Management";"版本管理";"";""
"EXTRACTED/1711/0";"Automatic update check interval";"自动更新检测间隔";"";""
"EXTRACTED/1712/0";"How often the Update Server will check for new updates.";"更新服务器多久检查一次更新";"";""
"EXTRACTED/1713/0";"Check for new packages every";"检测新包-每";"";""
"EXTRACTED/1714/0";"days.";"天。";"";""
"EXTRACTED/1715/0";"Manual Update";"手动更新";"";""
"EXTRACTED/1716/0";"Click here to manually check for new updates.";"点击这里手动检查更新。";"";""
"EXTRACTED/1717/0";"Check for Updates";"检查更新";"";""
"EXTRACTED/1718/0";"Approved manually";"手动批准";"";""
"EXTRACTED/1719/0";"Automatically approve downloaded packages";"自动批准下载的软件包";"";""
"EXTRACTED/1720/0";"If you turn this setting on, all downloaded packages will be automatically approved for distribution. Otherwise, you must approve all packages manually.";"如果您启用该设置，则所有下载的软件包都将自动获得批准以进行分发。否则，您必须手动批准所有软件包。";"";""
"EXTRACTED/1721/0";"Network proxy configuration";"网络代理配置";"";""
"EXTRACTED/1722/0";"Proxy server settings for connecting to Foxit servers. If you";"用于连接到福昕服务器的代理服务器设置。如果不确定，请将这些留空。";"";""
"EXTRACTED/1723/0";"Address";"地址";"";""
"EXTRACTED/1724/0";"Port";"端口";"";""
"EXTRACTED/1725/0";"Save";"保存";"";""
"EXTRACTED/1726/0";"Save and Test";"保存并测试";"";""
"EXTRACTED/1727/0";"Manage downloaded packages and plugins, and decide which ones will be available to users here.";"管理下载的软件包和插件，并在这里确定哪些软件包可供用户使用。";"";""
"EXTRACTED/1728/0";"Welcome to the Foxit Admin Console";"欢迎使用福昕管理控制台";"";""
"EXTRACTED/1729/0";"Next generation PDF solutions for the world, with leading - edge technology that powers document intelligence, security, and collaboration services for PDF files.";"具有领先技术的下一代全球PDF解决方案，可为PDF文件提供文档智能，安全性和协作服务。";"";""
"EXTRACTED/1730/0";"The password length is 8-16 characters and at least 2 types of numbers, letters, and symbols.";"密码长度为8-16个字符，并且至少包含数字，字母和符号中的两种类型。";"";""
"EXTRACTED/1731/0";"Password is required.";"密码是必需的。";"";""
"EXTRACTED/1732/0";"Please confirm your password.";"请确认您的密码。";"";""
"EXTRACTED/1733/0";"Email address is required.";"邮件地址为必填项。";"";""
"EXTRACTED/1734/0";"Main Update Packages";"主要更新包";"";""
"EXTRACTED/1735/0";"Plug-in Packages";"插件软件包";"";""
"EXTRACTED/1736/0";"Package Name";"软件包名称";"";""
"EXTRACTED/1737/0";"Download Completion Time";"下载完成时间";"";""
"EXTRACTED/1738/0";"Size";"大小";"";""
"EXTRACTED/1739/0";"Download failure time";"下载失败时间";"";""
"EXTRACTED/1740/0";"Download failure reason";"下载失败原因";"";""
"EXTRACTED/1741/0";"Start Time";"开始时间";"";""
"EXTRACTED/1742/0";"Downloading";"下载中";"";""
"EXTRACTED/1743/0";"Downloaded";"已下载";"";""
"EXTRACTED/1744/0";"Package Size from:";"安装包大小：";"";""
"EXTRACTED/1745/0";"to";"到";"";""
"EXTRACTED/1746/0";"MB";"MB";"";""
"EXTRACTED/1747/0";"Retry";"重试";"";""
"EXTRACTED/1748/0";"Search";"搜索";"";""
"EXTRACTED/1749/0";"The current list is empty.";"当前列表为空。";"";""
"EXTRACTED/1750/0";"Total domains";"总域名";"";""
"EXTRACTED/1751/0";"The internal update server will automatically detect what versions of Foxit PDF Editor and Foxit PDF Reader your users are using, and will automatically download updates to these versions.";"内部更新服务器将自动检测您的用户正在使用的福昕高级PDF编辑器和福昕阅读器版本，并将自动下载这些版本的更新。";"";""
"EXTRACTED/1752/0";"IP address error";"IP地址错误";"";""
"EXTRACTED/1753/0";"Port error";"端口错误";"";""
"EXTRACTED/1754/0";"IP address required";"IP地址必填";"";""
"EXTRACTED/1755/0";"Port required";"端口必填";"";""
"EXTRACTED/1756/0";"Always update to the latest version";"总是更新为最新版本";"";""
"EXTRACTED/1757/0";"Assigned / Total licenses";"已分配/授权总数";"";""
"EXTRACTED/1758/0";"Activated / Total licenses";"已激活/授权总数";"";""
"EXTRACTED/1759/0";"Number of documents uploaded";"上传的文件数量";"";""
"EXTRACTED/1760/0";"Number of logins";"登录次数";"";""
"EXTRACTED/1761/0";"Number of documents viewed by user";"用户查看的文件数量";"";""
"EXTRACTED/1762/0";"Enterprise statistics";"企业统计";"";""
"EXTRACTED/1763/0";"More details";"更多详情";"";""
"EXTRACTED/1764/0";"Products";"产品";"";""
"EXTRACTED/1765/0";"Foxit PDF Editor usage statistics";"福昕高级PDF编辑器使用统计";"";""
"EXTRACTED/1766/0";"License management";"授权管理";"";""
"EXTRACTED/1767/0";"License Management";"授权管理";"";""
"EXTRACTED/1768/0";"Assign, restore, or remove licenses from users.";"从用户处分配，还原或移除授权。";"";""
"EXTRACTED/1769/0";"View and manage the licensed devices for each of your users.";"查看和管理每个用户的授权设备。";"";""
"EXTRACTED/1770/0";"Manual Group Name";"手动组名称";"";""
"EXTRACTED/1771/0";"Synced Groups Name";"同步的组名称";"";""
"EXTRACTED/1772/0";"Read-only, synced from and managed by an identity provider.";"只读，由身份提供者同步和管理。";"";""
"EXTRACTED/1773/0";"Added Time";"添加时间";"";""
"EXTRACTED/1774/0";"Clear";"清除";"";""
"EXTRACTED/1775/0";"Assign License to Group";"将授权分配给组";"";""
"EXTRACTED/1776/0";"Assign Licenses with CSV File";"使用CSV文件分配授权";"";""
"EXTRACTED/1777/0";"Remove License";"移除授权";"";""
"EXTRACTED/1778/0";"Remove Licenses with CSV File";"使用CSV文件移除授权";"";""
"EXTRACTED/1779/0";"Restore Activation";"重置激活";"";""
"EXTRACTED/1780/0";"Export";"导出";"";""
"EXTRACTED/1781/0";"Columns";"列";"";""
"EXTRACTED/1782/0";"MAC Address:";"MAC地址：";"";""
"EXTRACTED/1783/0";"Assign License to Selected Users";"向选定的用户分配授权";"";""
"EXTRACTED/1784/0";"Assign";"分配";"";""
"EXTRACTED/1785/0";"Assign License to Selected Groups";"向选定的组分配授权";"";""
"EXTRACTED/1786/0";"Group list:";"组列表：";"";""
"EXTRACTED/1787/0";"Selected group:";"选定的组：";"";""
"EXTRACTED/1788/0";"User list";"用户列表";"";""
"EXTRACTED/1789/0";"Selected User";"选定的用户";"";""
"EXTRACTED/1790/0";"Select user(s) to assign licenses to:";"选择用户以将授权分配给：";"";""
"EXTRACTED/1791/0";"MobilePDF";"福昕阅读器（移动版）";"";""
"EXTRACTED/1792/0";"Select group(s) to assign licenses to:";"选择组以将授权分配给：";"";""
"EXTRACTED/1793/0";"Upload a CSV file containing multiple users, and we will assign a license to each valid user in the file.";"上传包含多个用户的CSV文件，我们将为文件中的每个有效用户分配一个授权。";"";""
"EXTRACTED/1794/0";"Download the sample CSV file to see the required format.";"下载示例CSV文件以查看所需的格式。";"";""
"EXTRACTED/1795/0";"Update the Foxit products and licenses you own.";"更新您拥有的产品和授权";"";""
"EXTRACTED/1796/0";"Add a product";"添加产品";"";""
"EXTRACTED/1797/0";"Update Licenses";"更新授权";"";""
"EXTRACTED/1798/0";"Licenses used";"已使用的授权";"";""
"EXTRACTED/1799/0";"Text translate quota used (character-based)";"已使用的翻译字符数";"";""
"EXTRACTED/1800/0";"The total number of users who have used {{product}}.";"已使用{{product}}的用户总数。";"";""
"EXTRACTED/1801/0";"Document translate quota used (page-based)";"已使用的翻译页数";"";""
"EXTRACTED/1802/0";"Log in with the account you used to purchase Foxit licenses.";"使用您用于购买福昕授权的账户登录。";"";""
"EXTRACTED/1803/0";"Are you sure you want to delete this update package?";"您确定要删除该更新软件包吗？";"";""
"EXTRACTED/1804/0";"Delete Package";"删除包";"";""
"EXTRACTED/1805/0";"Review usage data for Foxit products in your organization.";"查看组织中福昕产品的使用情况数据。";"";""
"EXTRACTED/1806/0";"Statistics";"统计";"";""
"EXTRACTED/1807/0";"Mobile";"移动版";"";""
"EXTRACTED/1808/0";"Client Activation Policy";"客户端激活策略";"";""
"EXTRACTED/1809/0";"Customize your organization";"自定义组织的客户端激活策略。";"";""
"EXTRACTED/1810/0";"Security";"安全";"";""
"EXTRACTED/1811/0";"Change settings for Admin Console users.";"更改管理控制台用户的设置。";"";""
"EXTRACTED/1812/0";"Password Policy";"密码策略";"";""
"EXTRACTED/1813/0";"Confirm New Password";"确认密码";"";""
"EXTRACTED/1814/0";"Set the interval when Admin Console administrator passwords will expire.";"设置管理控制台管理员密码到期的时间间隔。";"";""
"EXTRACTED/1815/0";"Licensing Model:";"授权模式：";"";""
"EXTRACTED/1816/0";"IP address range restriction:";"IP地址范围限制：";"";""
"EXTRACTED/1817/0";"Offline available time:";"离线激活有效期：";"";""
"EXTRACTED/1818/0";"Account Mode";"账户模式";"";""
"EXTRACTED/1819/0";"In order to change the licensing mode, you must redeploy the Admin Console. Data and settings will not be saved.";"为了更改授权模式，您必须重新部署管理控制台。数据和设置将不会保存。";"";""
"EXTRACTED/1820/0";"Only clients in these IP address range(s) will be able to activate Foxit products using your licenses.";"只有这些IP地址范围内的客户端才能使用您的授权激活福昕产品。";"";""
"EXTRACTED/1821/0";"IP address range(s):";"IP地址范围：";"";""
"EXTRACTED/1822/0";"How long licenses can be used without connecting to the server. The maximum value is {{days}} days.";"没有连接到服务器的情况下，授权可以使用多长时间。最大值是{{days}}天。";"";""
"EXTRACTED/1823/0";"Add range";"添加范围";"";""
"EXTRACTED/1824/0";"Welcome to the setup wizard for the Foxit Admin Console.";"欢迎使用福昕管理控制台的设置向导。";"";""
"EXTRACTED/1825/0";"Activate License";"激活授权";"";""
"EXTRACTED/1826/0";"Choose Licensing Mode";"选择授权模式";"";""
"EXTRACTED/1827/0";"Choose how to update your licenses";"选择如何更新您的授权";"";""
"EXTRACTED/1828/0";"Key File Activation";"密钥文件激活";"";""
"EXTRACTED/1829/0";"Drag and drop your key file here.";"将您的授权文件拖拽到这里。";"";""
"EXTRACTED/1830/0";"Browse";"浏览";"";""
"EXTRACTED/1831/0";"Online Activation";"在线激活";"";""
"EXTRACTED/1832/0";"Connect to Foxit servers for activation";"连接到福昕服务器进行激活";"";""
"EXTRACTED/1833/0";"Users log in to activate their licenses. Allows precise and flexible control by administrators.";"用户登录以便激活其授权。允许管理员进行精确而灵活的控制。";"";""
"EXTRACTED/1834/0";"Non-account Mode";"非账户模式";"";""
"EXTRACTED/1835/0";"Users activate licenses without logging in. Additional configuration by administrators is required.";"用户无需登录即可激活授权。需要管理员进行其他配置。";"";""
"EXTRACTED/1836/0";"If you decide to change to a different mode later, you will need to re-deploy the Admin Console and reset all settings and license activations.";"如果您以后决定更改为其他模式，则需要重新部署管理控制台并重置所有设置和授权激活。";"";""
"EXTRACTED/1837/0";"Get Started";"立即启用";"";""
"EXTRACTED/1838/0";"Welcome to the Foxit Admin Console!";"欢迎使用福昕管理控制台！";"";""
"EXTRACTED/1839/0";"Purchase a product";"购买产品";"";""
"EXTRACTED/1840/0";"Size must be greater than 0";"大小必须大于0";"";""
"EXTRACTED/1841/0";"Days cannot be empty";"天数不能为空";"";""
"EXTRACTED/1842/0";"Please enter a number greater than 1";"请输入大于1的数字";"";""
"EXTRACTED/1843/0";"If your computer is connected to the Internet, you can use online activation by logging in to the account you purchased Foxit software with.";"如果您的计算机已连接到Internet，则可以通过登录购买福昕软件的账户来使用在线激活。";"";""
"EXTRACTED/1844/0";"Offline Activation";"离线激活";"";""
"EXTRACTED/1845/0";"If your computer is not connected to the Internet, you can activate using a key file.<br/>Don";"如果您的计算机未连接到Internet，则可以使用密钥文件进行激活。<br/>还没有密钥文件？";"";""
"EXTRACTED/1846/0";"Get one";"获取一个";"";""
"EXTRACTED/1847/0";"Copy Server ID";"复制服务器ID";"";""
"EXTRACTED/1848/0";"Copy";"复制";"";""
"EXTRACTED/1849/0";"Contact Foxit";"请使用服务器ID与福昕的销售团队联系以获取授权密钥文件：";"";""
"EXTRACTED/1850/0";"Server ID";"服务器ID";"";""
"EXTRACTED/1851/0";"Password policy has been saved.";"密码策略已保存。";"";""
"EXTRACTED/1852/0";"Your password has been changed. Please log in with the new password.";"您的密码已被更改。请使用新密码登录。";"";""
"EXTRACTED/1853/0";"Offline activation period has been saved.";"离线激活有效期已保存。";"";""
"EXTRACTED/1854/0";"IP range(s) have been saved.";"IP范围已保存。";"";""
"EXTRACTED/1855/0";"{{fileName}} has been uploaded successfully.";"{{fileName}}已成功上传。";"";""
"EXTRACTED/1856/0";"Please upload a .txt file.";"请上传一个.txt文件。";"";""
"EXTRACTED/1857/0";"Please upload a .csv file.";"请上传一个.csv文件。";"";""
"EXTRACTED/1858/0";"Oops... This file is larger than {{size}}!";"糟糕...这个文件比{{size}}还要大！";"";""
"EXTRACTED/1859/0";"Headers (first line of the CSV) are missing or invalid.";"标题（CSV文件的第一行）缺失或无效。";"";""
"EXTRACTED/1860/0";"Sorry, the file you uploaded is empty with no content. ";"抱歉，您上传的文件为空，没有任何内容。";"";""
"EXTRACTED/1861/0";"This is not a valid license key file.";"这不是有效的授权密钥文件。";"";""
"EXTRACTED/1862/0";"No license keys are available on this account.";"该账户上没有可用的授权密钥。";"";""
"EXTRACTED/1863/0";"No users have activated Foxit PDF Editor.";"没有用户激活福昕高级PDF编辑器。";"";""
"EXTRACTED/1864/0";"This list is empty.";"该列表为空。";"";""
"EXTRACTED/1865/0";"Users and Groups";"用户和组";"";""
"EXTRACTED/1866/0";"LDAP users";"LDAP用户";"";""
"EXTRACTED/1867/0";"Users";"用户";"";""
"EXTRACTED/1868/0";"Groups";"组";"";""
"EXTRACTED/1869/0";"Invitation pending";"邀请待处理";"";""
"EXTRACTED/1870/0";"Has site access";"可以访问网站";"";""
"EXTRACTED/1871/0";"No site access";"没有网站访问权限";"";""
"EXTRACTED/1872/0";"Re-send invite";"重新发送邀请";"";""
"EXTRACTED/1873/0";"Show details";"显示详情";"";""
"EXTRACTED/1874/0";"Back to user list";"返回用户列表";"";""
"EXTRACTED/1875/0";"Created";"创建时间";"";""
"EXTRACTED/1876/0";"Last Updated";"上次更新";"";""
"EXTRACTED/1877/0";"Login";"登录";"";""
"EXTRACTED/1878/0";"Last Login";"上次登录";"";""
"EXTRACTED/1879/0";"Last Failed Login";"上次失败的登录";"";""
"EXTRACTED/1880/0";"Drag a CSV file from your computer to here, or <span style=";"从您的计算机中拖放一个CSV文件到这里，或者 <span style='color: #f58320;cursor: pointer;'>浏览</span>";"";""
"EXTRACTED/1881/0";"End Time";"结束时间";"";""
"EXTRACTED/1882/0";"Invite users";"邀请用户";"";""
"EXTRACTED/1883/0";"There are no users.";"没有用户。";"";""
"EXTRACTED/1884/0";"invite users";"邀请用户";"";""
"EXTRACTED/1885/0";"Inviting users is the easiest way to get your team started. Enter one or more email addresses, separated by semicolons. Then the Admin Console will send invitation emails to everyone.";"邀请用户是让团队启用的最简单方法。输入一个或者多个邮件地址，使用分号进行间隔。然后管理控制台就会向所有人发送邀请邮件。";"";""
"EXTRACTED/1886/0";"To send emails, configure a mail server within the Admin Console.";"如要发送邮件，请在管理控制台中配置邮件服务器。";"";""
"EXTRACTED/1887/0";"Configure mail servers";"配置邮件服务器";"";""
"EXTRACTED/1888/0";"Email To:";"发邮件给：";"";""
"EXTRACTED/1889/0";"Enter one or more email addresses, separated by semicolons";"输入一个或多个邮件地址，以分号分隔";"";""
"EXTRACTED/1890/0";"Message:";"消息：";"";""
"EXTRACTED/1891/0";"Please join me on [Sample site]. It";"请加入我的[示例网站]。在这里可以创建，编辑，讨论和保护PDF文档。接受此邀请即可开始！";"";""
"EXTRACTED/1892/0";"Send";"发送";"";""
"EXTRACTED/1893/0";"Please select a file and re-upload.";"请选择一个文件并重新上传。";"";""
"EXTRACTED/1894/0";"Licenses will be assigned to users, and the results will be shown in <span style=";"授权将分配给用户，结果将显示在<span style='color: #f58320;'>“分配授权->批量操作结果”</span>中。 ";"";""
"EXTRACTED/1895/0";"Licenses have been removed.";"授权已被移除。";"";""
"EXTRACTED/1896/0";"License has been removed.";"授权已被移除。";"";""
"EXTRACTED/1897/0";"Add user";"添加用户";"";""
"EXTRACTED/1898/0";"Export Users";"导出用户";"";""
"EXTRACTED/1899/0";"Automatic Export Settings";"自动导出设置";"";""
"EXTRACTED/1900/0";"Configure the schedule and delivery method. Reports are sent only when license data is available. If no license data is available, no report or email will be sent.";"配置计划和发送方式。报告仅在有许可证数据时发送。如果没有许可证数据，则不会发送报告或电子邮件。";"";""
"EXTRACTED/1901/0";"Enable Automatic Export";"启用自动导出";"";""
"EXTRACTED/1902/0";"Export frequency";"导出频率";"";""
"EXTRACTED/1903/0";"Indicator Settings";"指标设置";"";""
"EXTRACTED/1904/0";"Please select at least one indicator.";"请至少选择一个指标。";"";""
"EXTRACTED/1905/0";"Recipient emails settings";"收件人电子邮件设置";"";""
"EXTRACTED/1906/0";"Metrics for export support.";"导出支持的指标。";"";""
"EXTRACTED/1907/0";"Resend Request";"重新发送请求";"";""
"EXTRACTED/1908/0";"Add a user";"添加用户";"";""
"EXTRACTED/1909/0";"Usernames must be lower case";"用户名必须小写";"";""
"EXTRACTED/1910/0";"Full name";"姓名";"";""
"EXTRACTED/1911/0";"Send an email to a user asking them to set a password.";"向用户发送电子邮件，要求他们设置密码。";"";""
"EXTRACTED/1912/0";"Add";"添加";"";""
"EXTRACTED/1913/0";"Mail Servers Setting";"邮件服务器设置";"";""
"EXTRACTED/1914/0";"Mail servers";"邮件服务器";"";""
"EXTRACTED/1915/0";"Mail server settings";"邮件服务器设置";"";""
"EXTRACTED/1916/0";"Protocol";"协议";"";""
"EXTRACTED/1917/0";"Prefix";"前缀";"";""
"EXTRACTED/1918/0";"From name";"发件人名称";"";""
"EXTRACTED/1919/0";"Actions";"操作";"";""
"EXTRACTED/1920/0";"No mail servers are configured, please add a mail server";"未配置邮件服务器，请添加邮件服务器";"";""
"EXTRACTED/1921/0";"SMTP server details";"SMTP服务器详情";"";""
"EXTRACTED/1922/0";"From address";"发件人地址";"";""
"EXTRACTED/1923/0";"Subject prefix";"主题前缀";"";""
"EXTRACTED/1924/0";"A unique name to identify this mail server in the Foxit Admin Console.";"在福昕管理控制台中用于标识此邮件服务器的唯一名称。";"";""
"EXTRACTED/1925/0";"Specifies the From: address in notification emails (for example: noreply@yourcompany.com)";"指定通知电子邮件中的“发件人：”地址（例如：noreply@yourcompany.com）";"";""
"EXTRACTED/1926/0";"Specifies the From: display name in notification emails (for example: Your Company)";"在通知电子邮件中指定“发件人：”显示名称（例如：贵公司）";"";""
"EXTRACTED/1927/0";"This will be appended to the subject line of notification emails";"这将附加到通知电子邮件的主题行";"";""
"EXTRACTED/1928/0";"Server hostname";"服务器主机名";"";""
"EXTRACTED/1929/0";"The host name of the mail server (for example \";"邮件服务器的主机名（例如“ localhost ”或“ 192.168.1.42 ”）或javax.mail会话对象的JNDI位置";"";""
"EXTRACTED/1930/0";"Server port";"服务器端口";"";""
"EXTRACTED/1931/0";"The port the mail server should use";"邮件服务器应使用的端口";"";""
"EXTRACTED/1932/0";"The username to use to connect to the mail server";"用于连接到邮件服务器的用户名";"";""
"EXTRACTED/1933/0";"Use TLS";"使用TLS";"";""
"EXTRACTED/1934/0";"Check this box if the SMTP server you are connecting to uses TLS";"如果您要使用TLS连接SMTP服务器，请勾选该项";"";""
"EXTRACTED/1935/0";"Send test email";"发送测试邮件";"";""
"EXTRACTED/1936/0";"Delete mail server";"删除邮件服务器";"";""
"EXTRACTED/1937/0";"Are you sure you want to delete this mail server from the Admin Console?";"您确定要从管理控制台删除该邮件服务器吗？";"";""
"EXTRACTED/1938/0";"Edit successful.";"编辑成功。";"";""
"EXTRACTED/1939/0";"Save successful.";"保存成功。";"";""
"EXTRACTED/1940/0";"Subject";"主题";"";""
"EXTRACTED/1941/0";"Message Type";"消息类型";"";""
"EXTRACTED/1942/0";"Message sent successfully.";"消息已成功发送。";"";""
"EXTRACTED/1943/0";"Total users";"总用户数";"";""
"EXTRACTED/1944/0";"Selected";"选定内容";"";""
"EXTRACTED/1945/0";"Assign licenses by CSV";"通过CSV分配授权";"";""
"EXTRACTED/1946/0";"Are you sure you want to remove the user";"您确定要移除该用户的授权吗？";"";""
"EXTRACTED/1947/0";"Unsynced from Directory";"未同步目录";"";""
"EXTRACTED/1948/0";"Edit Details";"编辑详情";"";""
"EXTRACTED/1949/0";"Set Password";"设置密码";"";""
"EXTRACTED/1950/0";"Disable User";"禁用用户";"";""
"EXTRACTED/1951/0";"Delete User";"删除用户";"";""
"EXTRACTED/1952/0";"Are you sure you want to disable this user? Disabled users won";"您确定要禁用该用户吗？禁用的用户将无法登录，也不会影响您的授权数量。";"";""
"EXTRACTED/1953/0";"Not enough licenses available for assignment. Please remove some assigned licenses or purchase additional licenses.";"没有足够的授权可用于分配。请移除一些分配的授权或购买其他授权。";"";""
"EXTRACTED/1954/0";"We are updating your licenses, please wait.";"我们正在更新您的授权，请等待。";"";""
"EXTRACTED/1955/0";"The maximum period is {{days}} days.";"最长期限为{{days}}天。";"";""
"EXTRACTED/1956/0";"Create Group";"创建组";"";""
"EXTRACTED/1957/0";"Users can be added to groups for easy management";"可以将用户添加到组中以便于管理";"";""
"EXTRACTED/1958/0";"Edit Group";"编辑组";"";""
"EXTRACTED/1959/0";"When you edit the group, you";"编辑组时，您可以添加用户";"";""
"EXTRACTED/1960/0";"Group names cannot be changed.";"组名不能更改。";"";""
"EXTRACTED/1961/0";"Group Description";"组描述";"";""
"EXTRACTED/1962/0";"Next";"下一步";"";""
"EXTRACTED/1963/0";"Add users";"添加用户";"";""
"EXTRACTED/1964/0";"Added users";"添加的用户";"";""
"EXTRACTED/1965/0";"selected";"已选定";"";""
"EXTRACTED/1966/0";"Note";"备注";"";""
"EXTRACTED/1967/0";"View users";"查看用户";"";""
"EXTRACTED/1968/0";"Are you sure you want to delete this group?";"您确定要删除该组吗？";"";""
"EXTRACTED/1969/0";"Delete Group";"删除组";"";""
"EXTRACTED/1970/0";"Email address is invalid";"邮件地址无效";"";""
"EXTRACTED/1971/0";"Please input a group name";"请输入组名";"";""
"EXTRACTED/1972/0";"Group names should not exceed 32 characters.";"组名不能超过32个字符。";"";""
"EXTRACTED/1973/0";"Group descriptions should not exceed 255 characters.";"组描述不能超过255个字符。";"";""
"EXTRACTED/1974/0";"SAML Settings";"SAML设置";"";""
"EXTRACTED/1975/0";"You can configure single sign-on settings here.";"您可以在此处配置单点登录的设置。";"";""
"EXTRACTED/1976/0";"SAML single sign-on";"SAML单点登录";"";""
"EXTRACTED/1977/0";"Single sign-on with SAML 2.0 allows your users to log in using your organization";"使用SAML 2.0的单点登录允许您的用户使用组织的身份提供商提供的身份登录，以访问福昕应用程序。";"";""
"EXTRACTED/1978/0";"To enforce SAML 2.0 on your managed accounts, you need to verify a domain first.";"要在您的客户账户上实施SAML 2.0，您需要首先验证域。";"";""
"EXTRACTED/1979/0";"Verify Domain";"验证域";"";""
"EXTRACTED/1980/0";"Verify a Domain";"验证域";"";""
"EXTRACTED/1981/0";"SAML configuration";"SAML配置";"";""
"EXTRACTED/1982/0";"How you configure SAML 2.0 depends on which identity provider you use.";"配置 SAML 2.0的方式取决于您使用的身份提供商。";"";""
"EXTRACTED/1983/0";"Add SAML configuration";"添加SAML配置";"";""
"EXTRACTED/1984/0";"After initial setup with your identity provider, copy the Entity ID, SSO URL, and Public certificate values to the SAML 2.0 configuration here.";"在使用身份提供商提供的身份进行初始设置之后，将实体ID，SSO URL和公共证书值复制到该处的SAML 2.0配置。";"";""
"EXTRACTED/1985/0";"Information required by your identity provider";"您的身份提供商所需的信息";"";""
"EXTRACTED/1986/0";"To complete your SAML 2.0 configuration, copy the value for Consumer Service URL below to your identity provider:";"要完成SAML 2.0配置，请将下面的用户服务URL的值复制给您的身份提供商：";"";""
"EXTRACTED/1987/0";"Users exported successfully.";"用户已成功导出。";"";""
"EXTRACTED/1988/0";"Service provider Entity ID:";"服务提供商实体ID：";"";""
"EXTRACTED/1989/0";"Service provider Assertion Consumer Service URL:";"服务提供商断言使用者服务URL";"";""
"EXTRACTED/1990/0";"Your current SAML configuration";"您当前的SAML配置";"";""
"EXTRACTED/1991/0";"Identity provider";"身份提供商的实体ID";"";""
"EXTRACTED/1992/0";"SAML user sync configuration";"SAML用户同步配置";"";""
"EXTRACTED/1993/0";"Sync scope configuration";"同步范围配置";"";""
"EXTRACTED/1994/0";"When setting up SAML user synchronization for the first time, you need to click the Authorize button before continuing to configure the sync scope.";"首次设置 SAML 用户同步时，您需要在继续配置同步范围之前点击授权按钮。";"";""
"EXTRACTED/1995/0";"Define the groups and users that you would like to provision to Admin Console. It is worth noting that if you choose to sync all/assigned groups and users, the wait time will be long.";"定义您要向Admin Console提供的组和用户。 值得注意的是，如果您选择同步所有/已分配的组和用户，等待时间会很长。";"";""
"EXTRACTED/1996/0";"Choose Connector:";"选择连接器：";"";""
"EXTRACTED/1997/0";"Connector Settings:";"连接器设置：";"";""
"EXTRACTED/1998/0";"Application ID";"应用程序ID";"";""
"EXTRACTED/1999/0";"Directory (tenant) ID";"目录（租户）ID";"";""
"EXTRACTED/2000/0";"Application Secret";"应用程序密钥";"";""
"EXTRACTED/2001/0";"This is the ID of your application in the Microsoft Application Portal.";"这是您在Microsoft Application Portal中应用程序的ID。";"";""
"EXTRACTED/2002/0";"This tenant ID of the tenant with the directory that you are trying to synchronize with this connector.";"承租者的租户ID，其中包含您要与该连接器同步的目录。";"";""
"EXTRACTED/2003/0";"This application secret generated for your application in the Microsoft Application Portal. It";"该应用程序密钥是为您在Microsoft Application Portal中的应用程序生成的。它仅可见一次。如果您忘记了该密钥或在同步期间遇到问题，请尝试创建一个新密钥并将数值复制到该字段。";"";""
"EXTRACTED/2004/0";"Authorize";"授权";"";""
"EXTRACTED/2005/0";"You need to authorize your application once after the initial setup. You will be redirected to the Microsoft Microsoft Entra ID portal where you need to authorize this application. After the successful authorization you will be redirected back here.";"您需要在初始设置后授权您的应用程序一次。您将被重定向到 Microsoft Microsoft Entra ID 门户，在那里您需要授权此应用程序。授权成功后，您将被重定向回此处。";"";""
"EXTRACTED/2006/0";"Okta";"Okta";"";""
"EXTRACTED/2007/0";"HTTP Redirect Binding";"HTTP Redirect 绑定";"";""
"EXTRACTED/2008/0";"HTTP POST Binding";"HTTP POST 绑定";"";""
"EXTRACTED/2009/0";"SAML Binding:";"SAML绑定：";"";""
"EXTRACTED/2010/0";"Identity provider Entity ID";"身份提供商实体ID";"";""
"EXTRACTED/2011/0";"The URL your identity provider uses for SAML 2.0.";"您的身份提供商用于SAML 2.0的URL。";"";""
"EXTRACTED/2012/0";"Identity provider SSO URL";"身份提供商SSO URL";"";""
"EXTRACTED/2013/0";"The SAML 2.0 endpoint URL given to you by your identity provider.";"您的身份提供商提供给您的SAML 2.0端点URL。";"";""
"EXTRACTED/2014/0";"Public X.509 certificate";"X.509 公钥证书";"";""
"EXTRACTED/2015/0";"Copy and paste the entire certificate.";"复制并粘贴整个证书。";"";""
"EXTRACTED/2016/0";"Save configuration";"保存配置";"";""
"EXTRACTED/2017/0";"Domains";"域";"";""
"EXTRACTED/2018/0";"Domain Settings";"域设置";"";""
"EXTRACTED/2019/0";"You have verified the domain. If you want to change the domain, you can use \";"您已经验证了该域。如果您想改变域，可以使用“域设置”。";"";""
"EXTRACTED/2020/0";"Domains are used to determine which user accounts can be managed by your organization. You need to verify that you own a domain to be able to manage the accounts that use that domain in their email address.";"域用于确定您的组织可以管理哪些用户账户。您需要验证自己是否有域，才能管理在其邮件地址中使用该域的账户。";"";""
"EXTRACTED/2021/0";"Verify";"验证";"";""
"EXTRACTED/2022/0";"Domain Request";"域名请求";"";""
"EXTRACTED/2023/0";"Revoke Trustee";"撤销受托人";"";""
"EXTRACTED/2024/0";"DNS";"DNS";"";""
"EXTRACTED/2025/0";"HTTPS";"HTTPS";"";""
"EXTRACTED/2026/0";"<strong>Step1:</strong> Add the .txt record below to the DNS host of the domain(s) you want to verify.";"<strong>步骤1:</strong> 将以下 .txt 记录添加到您想要验证的域名的DNS主机中。";"";""
"EXTRACTED/2027/0";"The same record can be used for multiple domains.";"同一条记录可以用于多个域。";"";""
"EXTRACTED/2028/0";"DNS changes can take up to 72 hours to update depending on your DNS host.";"根据您的DNS主机，DNS更改可能需要72个小时才能更新。";"";""
"EXTRACTED/2029/0";"<strong>Step2:</strong> After adding the .txt record, click Verify Domain below.";"<strong>步骤2:</strong> 在添加了 .txt 记录后，点击下方的验证域。";"";""
"EXTRACTED/2030/0";"If you have difficulties with this process, ask your IT department for help.";"如果您在该过程中遇到困难，请向您的IT部门寻求帮助。";"";""
"EXTRACTED/2031/0";"Verified Domains List";"验证域列表";"";""
"EXTRACTED/2032/0";"Domains List";"域名列表";"";""
"EXTRACTED/2033/0";"Domain";"域";"";""
"EXTRACTED/2034/0";"Trustee";"受托人";"";""
"EXTRACTED/2035/0";"Enterprise Name";"企业名称";"";""
"EXTRACTED/2036/0";"Domain settings";"域设置";"";""
"EXTRACTED/2037/0";"Allow other companies to apply for access to this domain";"允许其他公司申请访问该域名";"";""
"EXTRACTED/2038/0";"If other companies want to apply for access to this domain, your approval is required.";"如果其他公司想申请访问该域名，需要您的批准。";"";""
"EXTRACTED/2039/0";"Allow other companies to modify user information";"允许其他公司修改用户信息";"";""
"EXTRACTED/2040/0";"Verification type";"验证类型";"";""
"EXTRACTED/2041/0";"Domain List.";"域列表。";"";""
"EXTRACTED/2042/0";"<strong>Step1:</strong> Download the verification file.";"<strong>步骤1:</strong> 下载验证文件。";"";""
"EXTRACTED/2043/0";"The same file can be used for multiple domains. It includes information that will allow us to verify that you own the domain.";"同一文件可用于多个域。它包含的信息将使我们能够验证您对域的所有权。";"";""
"EXTRACTED/2044/0";"<strong>Step2:</strong> Upload the verification file to the root folder of your domain";"<strong>步骤2:</strong> 将验证文件上传到您的域名网站的根文件夹中。";"";""
"EXTRACTED/2045/0";"Step3: After uploading the verification file, click Verify Domain below.";"步骤3:上传验证文件后，点击下方的验证域。";"";""
"EXTRACTED/2046/0";"Complete the following details. We";"完成以下详细信息。我们将检查记录以验证您对域的所有权。";"";""
"EXTRACTED/2047/0";"Method:";"方法：";"";""
"EXTRACTED/2048/0";"TXT Record";"TXT记录";"";""
"EXTRACTED/2049/0";"Verify domain";"验证域";"";""
"EXTRACTED/2050/0";"No groups have been added.";"尚未添加任何组。";"";""
"EXTRACTED/2051/0";"Verified";"已核实";"";""
"EXTRACTED/2052/0";"Unverified";"未核实";"";""
"EXTRACTED/2053/0";"User Directories";"用户目录";"";""
"EXTRACTED/2054/0";"The table below shows the user directories currently configured for Admin Console.";"下表显示了当前为管理控制台配置的用户目录。";"";""
"EXTRACTED/2055/0";"No user directories have been configured.";"尚未配置用户目录。";"";""
"EXTRACTED/2056/0";"Configure LDAP User Directory";"配置LDAP用户目录";"";""
"EXTRACTED/2057/0";"Server Settings";"服务器设置";"";""
"EXTRACTED/2058/0";"Directory Type";"目录类型";"";""
"EXTRACTED/2059/0";"Hostname of the server running LDAP. Example: ";"运行LDAP的服务器的主机名。例如：“ ldap.example.com”";"";""
"EXTRACTED/2060/0";"Use SSL";"使用SSL";"";""
"EXTRACTED/2061/0";"User that will log in to LDAP. Examples: ";"将登录LDAP的用户。例如：“user@domain name”或cn=user, dc=domain, dc=name。";"";""
"EXTRACTED/2062/0";"LDAP Schema";"LDAP模式";"";""
"EXTRACTED/2063/0";"Base DN";"基本DN";"";""
"EXTRACTED/2064/0";"Root node in LDAP from which to search for users and groups. Example: cn=users, dc=example dc=com";"LDAP中用于搜索用户和组的根节点。例如：cn=users，dc=example dc=com";"";""
"EXTRACTED/2065/0";"User Schema Settings";"用户模式设置";"";""
"EXTRACTED/2066/0";"User Object Filter";"用户对象过滤器";"";""
"EXTRACTED/2067/0";"The filter to use when searching for user objects.";"搜索用户对象时要使用的过滤器。";"";""
"EXTRACTED/2068/0";"User Name Attribute Field";"用户名属性字段";"";""
"EXTRACTED/2069/0";"The attribute field to use when loading the username. Examples: cn.SAMAccountName";"加载用户名时要使用的属性字段。例如：cn.SAMAccountName";"";""
"EXTRACTED/2070/0";"User DN Attribute Field";"用户DN属性字段";"";""
"EXTRACTED/2071/0";"The attribute field to use when loading the user";"加载用户的专有名称时使用的属性字段。例如：entryDN，distinguishedName";"";""
"EXTRACTED/2072/0";"User First Name Attribute Field";"用户姓氏属性字段";"";""
"EXTRACTED/2073/0";"User Last Name Attribute Field";"用户名字属性字段";"";""
"EXTRACTED/2074/0";"User Display Name Attribute Field";"用户显示名称属性字段";"";""
"EXTRACTED/2075/0";"User Email Attribute Field";"用户电子邮件属性字段";"";""
"EXTRACTED/2076/0";"Group Schema Settings";"组模式设置";"";""
"EXTRACTED/2077/0";"Group Object Filter";"组对象过滤器";"";""
"EXTRACTED/2078/0";"The filter to use when searching for group objects.";"搜索组对象时使用的过滤器。";"";""
"EXTRACTED/2079/0";"Group DN Attribute Field";"组DN属性字段";"";""
"EXTRACTED/2080/0";"Group Description Attribute Field";"组备注属性字段";"";""
"EXTRACTED/2081/0";"The attribute field to use when loading the group";"加载组的备注时要使用的属性字段。";"";""
"EXTRACTED/2082/0";"Add directory";"添加目录";"";""
"EXTRACTED/2083/0";"Directory Name";"目录名";"";""
"EXTRACTED/2084/0";"Type";"类型";"";""
"EXTRACTED/2085/0";"Order";"顺序";"";""
"EXTRACTED/2086/0";"Membership Schema Settings";"成员关系模式设置";"";""
"EXTRACTED/2087/0";"Group Members Attribute";"组成员属性";"";""
"EXTRACTED/2088/0";"User Membership Attribute";"用户成员资格属性";"";""
"EXTRACTED/2089/0";"The table below shows the user directories currently configured in the Admin Console.";"下表显示了当前在管理控制台中配置的用户目录。";"";""
"EXTRACTED/2090/0";"The order of the directories is the order in which they will be searched for users and groups. Changes to users and groups will be made in the first directory.";"目录的顺序是将在目录中搜索用户和组的顺序。对用户和组的更改将在第一个目录中进行。";"";""
"EXTRACTED/2091/0";"Where Admin Console has permission to make changes. If possible, it is recommended that each user exists only in a single directory.";"管理控制台有权进行更改的位置。如果可能，建议每个用户仅在一个目录中存在。";"";""
"EXTRACTED/2092/0";"Last synced failed at: {{time}}.";"上次同步失败时间：{{time}}。";"";""
"EXTRACTED/2093/0";"By Owner";"按所有者";"";""
"EXTRACTED/2094/0";"Last synced succeeded at: {{time}}.";"上次同步成功时间：{{time}}。";"";""
"EXTRACTED/2095/0";"Test";"测试";"";""
"EXTRACTED/2096/0";"Edit";"编辑";"";""
"EXTRACTED/2097/0";"Synchronize";"同步";"";""
"EXTRACTED/2098/0";"Synchronizing...";"正在同步...";"";""
"EXTRACTED/2099/0";"inactive";"不活跃";"";""
"EXTRACTED/2100/0";"Remove Directory";"移除目录";"";""
"EXTRACTED/2101/0";"Remove All";"删除所有";"";""
"EXTRACTED/2102/0";"Remove the directory so that no one can access it.";"删除该目录，以便任何人都无法访问它。";"";""
"EXTRACTED/2103/0";"Remove the directory and cease sharing it with the trustees.";"删除该目录，并停止与受托人分享。";"";""
"EXTRACTED/2104/0";"Are you sure you want to remove this directory?";"您确定要移除该目录吗？";"";""
"EXTRACTED/2105/0";"After deletion, the users in this directory will be deleted. Please refresh page to ensure status is updated.";"删除后，该目录中的用户将被删除。请刷新页面确认状态已更新。";"";""
"EXTRACTED/2106/0";"Are you sure you want to add the trusted domain into the directory? As the domain <strong>{{DomainName}}</strong> is trusted, adding it to the directory will make the entire directory and all domains within the directory are trusted.";"您确定要将受信任的域添加到目录中吗？由于域 <strong>{{DomainName}}</strong>受信任，将其添加到目录将使整个目录和目录中的所有域都受信任。";"";""
"EXTRACTED/2107/0";"Domain have been shared with different enterprises and cannot be added to the same directory.";"域已与不同企业共享，无法添加到同一目录中。";"";""
"EXTRACTED/2108/0";"Password reset email has been sent.";"密码重置电子邮件已发送。";"";""
"EXTRACTED/2109/0";"Domain required.";"域为必填项。";"";""
"EXTRACTED/2110/0";"Invalid domain format.";"无效的域格式。";"";""
"EXTRACTED/2111/0";"Domain has been successfully verified.";"域已成功验证。";"";""
"EXTRACTED/2112/0";"Remove domain";"移除域";"";""
"EXTRACTED/2113/0";"Are you sure you want to remove this domain ";"您确定要移除 '{{DomainName}}'域吗？";"";""
"EXTRACTED/2114/0";"It will be xxxxxxxxxxxxxxxxxxxxxxx";"将会是xxxxxxxxxxxxxxxxxxxxxxx";"";""
"EXTRACTED/2115/0";"Domain has been removed.";"域已被移除。";"";""
"EXTRACTED/2116/0";"The request has been processed";"请求已处理";"";""
"EXTRACTED/2117/0";"Copied successfully.";"复制成功。";"";""
"EXTRACTED/2118/0";"This domain has already been verified";"该域已通过验证";"";""
"EXTRACTED/2119/0";"This organization has already been verified";"该组织已通过验证";"";""
"EXTRACTED/2120/0";"If your domain verification is successful, the other organization will lose ownership. Any security policies currently configured for the domain, such as SAML single sign-on, will no longer apply.";"如果您的域验证成功，则另一个组织将失去所有权。当前为该域配置的任何安全策略（例如SAML单点登录）将不再适用。";"";""
"EXTRACTED/2121/0";"We";"我们已经验证了您的域";"";""
"EXTRACTED/2122/0";"View the accounts to see which sites and products they can access, and to manage them globally.";"查看账户以查看他们可以访问哪些站点和产品，并进行全局管理。";"";""
"EXTRACTED/2123/0";"View managed accounts";"查看管理账户";"";""
"EXTRACTED/2124/0";"Revoke";"吊销";"";""
"EXTRACTED/2125/0";"Access";"访问";"";""
"EXTRACTED/2126/0";"Day";"日";"";""
"EXTRACTED/2127/0";"Month";"月";"";""
"EXTRACTED/2128/0";"Total number of credits used";"所使用的总配额数";"";""
"EXTRACTED/2129/0";"Total number of credits that your users have used.";"用户已使用的总配额数。";"";""
"EXTRACTED/2130/0";"Total number of credits that your users have used. The statistics of this data are unrelated to the orders.";"您的用户已使用的总配额数。此数据的统计与订单无关。";"";""
"EXTRACTED/2131/0";"This user must accept your invite to access this site before you can prompt them to reset their password.";"该用户必须接受您的邀请才能访问该网站，然后才能提示他们重设密码。";"";""
"EXTRACTED/2132/0";"They will no longer have access to this site and won";"他们将无法再访问该网站，也无法与您的团队合作。";"";""
"EXTRACTED/2133/0";"The user has been removed from the site.";"用户已从站点中移除。";"";""
"EXTRACTED/2134/0";"LDAP Tree View";"LDAP树视图";"";""
"EXTRACTED/2135/0";"List View";"列表视图";"";""
"EXTRACTED/2136/0";"Exported successfully.";"导出成功。";"";""
"EXTRACTED/2137/0";"View Details";"查看详情";"";""
"EXTRACTED/2138/0";"Group Name Attributes";"组名称属性";"";""
"EXTRACTED/2139/0";"Deleted successfully.";"删除成功。";"";""
"EXTRACTED/2140/0";"Edit User";"编辑用户";"";""
"EXTRACTED/2141/0";"Deactivate account";"停用账户";"";""
"EXTRACTED/2142/0";"Are you sure you want to deactivate this account? A deactivated account will not be able to log in anymore.";"您确定要停用此账户吗？停用的账户将无法再登录。";"";""
"EXTRACTED/2143/0";"Reactivate account";"重新激活账户";"";""
"EXTRACTED/2144/0";"{{editName}} will regain access to the same sites and products they had access to before their account was deactivated.";"{{editName}} 将重新获得他们在停用账户之前可以访问的相同网站和产品的访问权限。";"";""
"EXTRACTED/2145/0";"Are you sure you want to reset the password? Resetting a user";"您确定要重设密码吗？重置用户密码将注销掉用户，并要求他们设置新密码。";"";""
"EXTRACTED/2146/0";"The number of users in this CSV file is greater than the number of licenses available, please remove some users or purchase additional licenses.";"该CSV文件中的用户数量大于可用的授权数量，请移除一些用户或购买其他授权。";"";""
"EXTRACTED/2147/0";"The user(s) don";"该用户在用户ID列表中不存在。";"";""
"EXTRACTED/2148/0";"The license field(s) are incorrect.";"授权字段不正确。";"";""
"EXTRACTED/2149/0";"The domain could not be verified";"无法验证域";"";""
"EXTRACTED/2150/0";"Do you want to restore the user";"您要重置用户的激活吗？重置后，用户需要再次登录以激活福昕高级PDF编辑器。";"";""
"EXTRACTED/2151/0";"Activation restored successfully.";"激活已成功重置。";"";""
"EXTRACTED/2152/0";"You are about to revoke user access for {{userEmail}}. <br/>  This user won";"您即将吊销以下用户的访问权限：{{userEmail}}。<br/>该用户将无法使用您的网站。您可以随时再次授予他们访问权限。";"";""
"EXTRACTED/2153/0";"{{userEmail}} can no longer access your site";"{{userEmail}}无法再访问您网站的产品";"";""
"EXTRACTED/2154/0";"You can now give {{userEmail}} access to your site";"现在，您可以授予{{userEmail}}访问您网站产品的权限。";"";""
"EXTRACTED/2155/0";"Login to your Admin Console";"登录您的管理控制台";"";""
"EXTRACTED/2156/0";"Assign licenses to selected users";"将授权分配给选定的用户";"";""
"EXTRACTED/2157/0";"Your test message has been sent successfully to {{userEmail}}.";"您的测试消息已成功发送到{{userEmail}}。";"";""
"EXTRACTED/2158/0";"This action cannot be undone.";"该操作无法撤销。";"";""
"EXTRACTED/2159/0";"Test Remote Directory Connection";"测试远程目录连接";"";""
"EXTRACTED/2160/0";"Use this form to test the connection to {{DirectoryType}} directory ";"使用该表单来测试与{{DirectoryType}}目录“{{LDAPName}}”的连接。<br/>要进行扩展测试，请在远程目录中输入用户的凭据。";"";""
"EXTRACTED/2161/0";"Test Connection";"测试连接";"";""
"EXTRACTED/2162/0";"The LDAP configuration name already exists.";"LDAP配置名称已存在。";"";""
"EXTRACTED/2163/0";"Test success";"测试成功";"";""
"EXTRACTED/2164/0";"Test failure";"测试失败";"";""
"EXTRACTED/2165/0";"SAML configuration has been added successfully.";"SAML配置已成功添加。";"";""
"EXTRACTED/2166/0";"Okta Domain";"Okta域";"";""
"EXTRACTED/2167/0";"The domain of your Okta instance, e.g. dev-323234.oktapreview.com";"Okta实例的域，例如 dev-323234.oktapreview.com";"";""
"EXTRACTED/2168/0";"API Token";"API令牌";"";""
"EXTRACTED/2169/0";"Configure the API token in the Okta admin console under API > Token and copy it to this field. It";"在Okta管理控制台中的API>令牌下配置API令牌，然后将其复制到该字段。它仅可见一次。如果您忘记了该令牌或在同步过程中遇到问题，请创建一个新令牌。";"";""
"EXTRACTED/2170/0";"Upload key file";"上传密钥文件";"";""
"EXTRACTED/2171/0";"The key file is generated by Google.";"密钥文件由Google生成。";"";""
"EXTRACTED/2172/0";"Service Email";"服务电子邮件";"";""
"EXTRACTED/2173/0";"Choose file";"选择文件";"";""
"EXTRACTED/2174/0";"Configuration Successful.";"配置成功。";"";""
"EXTRACTED/2175/0";"Authorization Successful.";"授权成功。";"";""
"EXTRACTED/2176/0";"Sync Users";"同步用户";"";""
"EXTRACTED/2177/0";"Test Message from Foxit Admin Console";"来自福昕管理控制台的测试消息";"";""
"EXTRACTED/2178/0";"This is a test message from Foxit Admin Console.";"这是来自福昕管理控制台的测试消息。";"";""
"EXTRACTED/2179/0";"Host User Name";"主机用户名";"";""
"EXTRACTED/2180/0";"Users synced successfully.";"用户同步成功。";"";""
"EXTRACTED/2181/0";"Deactivate User";"停用用户";"";""
"EXTRACTED/2182/0";"User:";"用户：";"";""
"EXTRACTED/2183/0";"Add the group scope you want to sync.";"添加您想要同步的组范围。";"";""
"EXTRACTED/2184/0";"This user has been disabled.";"该用户已被禁用。";"";""
"EXTRACTED/2185/0";"This user will not be able to log in to your Foxit products.";"该用户将无法登录您的福昕产品。";"";""
"EXTRACTED/2186/0";"Are you sure you want to enable this user?";"您确定要启用该用户吗？";"";""
"EXTRACTED/2187/0";"Reactivate User";"重新激活用户";"";""
"EXTRACTED/2188/0";"Your user list is being downloaded ";"您的用户列表正在下载 ";"";""
"EXTRACTED/2189/0";"Has your download not started?";"您的下载没有开始吗？";"";""
"EXTRACTED/2190/0";"Download report again";"再次下载报告";"";""
"EXTRACTED/2191/0";"The number of licenses you are trying to assign is greater than the number of licenses available in your key file. Please remove some users or purchase additional licenses.";"您尝试分配的授权数量大于密钥文件中可用的授权数量。请删除一些用户或购买其他授权。";"";""
"EXTRACTED/2192/0";"Active users";"活跃用户";"";""
"EXTRACTED/2193/0";"Are you sure to delete this user?";"您确定要删除该用户吗？";"";""
"EXTRACTED/2194/0";"An email has been sent to the user to complete their account activation.";"已经向用户发送了一封电子邮件，以便其完成账户激活。";"";""
"EXTRACTED/2195/0";"Move Up";"向上移";"";""
"EXTRACTED/2196/0";"Move Down";"向下移";"";""
"EXTRACTED/2197/0";"This setup might fail without parameter values that are customized for your organization. Please use the Administrator Dashboard to add an application and view the values that are specific to your organization.";"如果没有为您的组织定制参数值，该设置可能会失败。请使用管理员控制板添加应用程序并查看为您的组织指定的数值。";"";""
"EXTRACTED/2198/0";"ldentity provider SSO URL";"身份提供商SSO URL";"";""
"EXTRACTED/2199/0";"Warning: Deleting SAML 2.0 Configuration";"警告：正在删除SAML 2.0配置";"";""
"EXTRACTED/2200/0";"Delete Configuration";"删除配置";"";""
"EXTRACTED/2201/0";"Are you sure you want to delete the Single-Sign-On (SAML 2.0) configuration? Once deleted, all licenses will be revoked, and users will no longer have access to their assigned products.";"您确定要删除单一登录 (SAML 2.0) 配置吗？一旦删除，所有授权都将被撤销，用户将无法再访问其分配的产品。";"";""
"EXTRACTED/2202/0";"Account details updated";"账户详情已更新";"";""
"EXTRACTED/2203/0";"We have exported the selected users in a CSV file, and you can download the file now.";"我们可以将选定的用户导出到您可以下载的CSV文件中。";"";""
"EXTRACTED/2204/0";"Download File";"下载文件";"";""
"EXTRACTED/2205/0";"SAML Users";"SAML用户";"";""
"EXTRACTED/2206/0";"LDAP Users";"LDAP用户";"";""
"EXTRACTED/2207/0";"Reactivation";"重新激活";"";""
"EXTRACTED/2208/0";"The SAML 2.0 configuration requires the user";"SAML 2.0 配置要求在 IDP 中配置用户的用户名和电子邮件属性。以 Microsoft Entra ID 为例，以下显示了 Microsoft Entra ID 的用户属性列表，其中 <strong>email</strong> 映射为 <strong>user.userprincipalname</strong> 或 <strong>user.mail</strong>，<strong>firstname</strong> 映射为 <strong>user.givenname</strong>，<strong>lastname</strong> 映射为 <strong>user.surname</strong>。";"";""
"EXTRACTED/2209/0";"User Attributes for <strong>Microsoft Entra ID</strong>";"<strong>Microsoft Entra ID</strong>用户属性";"";""
"EXTRACTED/2210/0";"No updated licenses detected.";"未检测到更新的授权。";"";""
"EXTRACTED/2211/0";"We updated your licenses. Refreshing the page may be required to view new licenses.";"我们更新了您的授权。如要查看新授权，可能需要刷新页面。";"";""
"EXTRACTED/2212/0";"Show more";"显示更多";"";""
"EXTRACTED/2213/0";"Hide";"隐藏";"";""
"EXTRACTED/2214/0";"This user was not found. Either they don";"找不到该用户。他们不存在或已经被分配了授权。";"";""
"EXTRACTED/2215/0";"This user was not found.";"找不到该用户。";"";""
"EXTRACTED/2216/0";"Please enter your name.";"请输入您的姓名。";"";""
"EXTRACTED/2217/0";"Are you sure you want to remove user(s)? ";"您确定要移除用户吗？ ";"";""
"EXTRACTED/2218/0";"Delete Users";"删除用户";"";""
"EXTRACTED/2219/0";"This account does not have a valid subscription.";"该用户没有有效的订阅。";"";""
"EXTRACTED/2220/0";"Users already exist in other LDAP groups";"用户已经存在于其他LDAP组中";"";""
"EXTRACTED/2221/0";"LDAP connection pool settings have been successfully saved.";"LDAP连接池设置已成功保存。";"";""
"EXTRACTED/2222/0";"Edit Configuration";"编辑配置";"";""
"EXTRACTED/2223/0";"SAML Configuration";"SAML配置";"";""
"EXTRACTED/2224/0";"Your users won";"您必须先将SP实体ID和SP断言使用者服务URL的值复制给您的身份提供商，然后您的用户才能使用SAML 2.0单点登录进行登录。";"";""
"EXTRACTED/2225/0";"Your current password doesn";"您当前的密码与我们的记录不符。";"";""
"EXTRACTED/2226/0";"OFF";"关";"";""
"EXTRACTED/2227/0";"ON";"开启";"";""
"EXTRACTED/2228/0";"Package Details";"软件包详情";"";""
"EXTRACTED/2229/0";"Approve";"批准";"";""
"EXTRACTED/2230/0";"Approved";"已批准";"";""
"EXTRACTED/2231/0";"Unapprove";"取消批准";"";""
"EXTRACTED/2232/0";"Unapproved";"取消批准";"";""
"EXTRACTED/2233/0";"Approve Package";"批准软件包";"";""
"EXTRACTED/2234/0";"Are you sure you want to approve this package? Your users will be able to download this package when they check for updates.";"您确定要批准该软件包吗？ 您的用户在检查更新时将能够下载该软件包。";"";""
"EXTRACTED/2235/0";"HTTPS has been successfully verified.";"HTTPS已成功验证。";"";""
"EXTRACTED/2236/0";"Unapprove Package";"取消批准的包";"";""
"EXTRACTED/2237/0";"Are you sure you want to unapproved this package? Your users won";"您确定要取消批准该软件包吗？之后，您的用户将无法下载该软件包。";"";""
"EXTRACTED/2238/0";"You";"您已邀请{{count}}个用户，其余的工作将由我们负责。";"";""
"EXTRACTED/2239/0";"Go to your server and upload this file to the root folder of your domain";"转到您的服务器，然后将该文件上传到域网站的根文件夹。如果您在此过程中遇到困难，请向您的IT部门寻求帮助。";"";""
"EXTRACTED/2240/0";"User does not exist";"用户不存在";"";""
"EXTRACTED/2241/0";"They will no longer have access, and won";"他们将不再具有访问权限，也将无法与您的团队合作。";"";""
"EXTRACTED/2242/0";"Deactivate domain";"停用域";"";""
"EXTRACTED/2243/0";"{{userName}} has access to your services again. We";"{{userName}}可以再次访问您的服务。我们会给他们发送电子邮件。";"";""
"EXTRACTED/2244/0";"{{userName}} has access to your services again.";"{{userName}}可以再次访问您的服务。";"";""
"EXTRACTED/2245/0";"The users in your organization.";"您组织中的用户。";"";""
"EXTRACTED/2246/0";"Some user licenses were removed successfully, but some users in the CSV file were not found.";"成功移除了一些用户授权，但有一些用户没有在CSV中找到。";"";""
"EXTRACTED/2247/0";"No activation records found.";"找不到激活记录。";"";""
"EXTRACTED/2248/0";"User Center";"用户中心";"";""
"EXTRACTED/2249/0";"Log Out";"退出";"";""
"EXTRACTED/2250/0";"\";"""{{email}}""已经在企业用户列表中了。";"";""
"EXTRACTED/2251/0";"This mailbox is not supported.";"不支持该邮箱。";"";""
"EXTRACTED/2252/0";"The Foxit Admin Console has been enabled for your organization. The Admin Console lets you see and control the use of Foxit products for your entire organization. You can take a tour of the Admin Console now.";"您的组织已启用福昕管理控制台。通过管理控制台，您可以查看和控制整个组织对福昕产品的使用。您现在可以浏览管理控制台。";"";""
"EXTRACTED/2253/0";"Take the tour";"出发";"";""
"EXTRACTED/2254/0";"Skip";"跳过";"";""
"EXTRACTED/2255/0";"1 easy step to set up the Foxit Admin Console";"设置福昕管理控制台的1个简单步骤";"";""
"EXTRACTED/2256/0";"There";"使用福昕管理控制台之前，您只需要执行一个步骤：激活授权。";"";""
"EXTRACTED/2257/0";"If you are connected to the Internet, click ";"如果您已连接到Internet，请点击“连接”以选择在线激活。";"";""
"EXTRACTED/2258/0";"If you are not connected to the Internet, and already have a key file, click ";"如果您尚未连接到Internet，且已经拥有密钥文件，则点击“浏览”以便选择您的授权密钥文件。";"";""
"EXTRACTED/2259/0";"Get key file";"获取密钥文件";"";""
"EXTRACTED/2260/0";"If you don";"如果您没有密钥文件，请先从福昕进行获取。";"";""
"EXTRACTED/2261/0";"Domain Name Setup";"域名设置";"";""
"EXTRACTED/2262/0";"Here you can customize the domain name of the Admin Console for your enterprise. You can change it in Settings later.";"在这里，您可以为企业自定义管理控制台的域名。以后您可以在“设置”中进行更改。";"";""
"EXTRACTED/2263/0";"Use this domain";"使用该域";"";""
"EXTRACTED/2264/0";".adminconsole.foxitsoftware.com";".adminconsole.foxitsoftware.com";"";""
"EXTRACTED/2265/0";"Enter name here";"在这里输入名称";"";""
"EXTRACTED/2266/0";"Set domain here";"在这里设定域";"";""
"EXTRACTED/2267/0";"Enter domain name here to check if it";"在这里输入域名以检查其是否可用。点击“跳过”以稍后进行设置。";"";""
"EXTRACTED/2268/0";"This domain is not available, please use another domain.";"该域不可用，请使用其他域。";"";""
"EXTRACTED/2269/0";"Here you can quickly check the user";"在这里，您可以快速检查贵公司对福昕产品的使用情况。";"";""
"EXTRACTED/2270/0";"You can configure downloads of Foxit update packages and manage downloaded packages here.";"您可以在这里配置福昕更新软件包的下载并管理下载的软件包。";"";""
"EXTRACTED/2271/0";"User ID Management";"用户ID管理";"";""
"EXTRACTED/2272/0";"Add and manage your enterprise";"在这里添加和管理您的企业用户。";"";""
"EXTRACTED/2273/0";"Manage your LDAP users and groups here.";"在这里管理您的LDAP用户和组。";"";""
"EXTRACTED/2274/0";"You can easy assign different licenses to users and manage them as well.";"您可以轻松地为用户分配不同的授权并对其进行管理。";"";""
"EXTRACTED/2275/0";"Push";"发布";"";""
"EXTRACTED/2276/0";"Cancel push";"取消推送";"";""
"EXTRACTED/2277/0";"Push Update Package";"推送更新包";"";""
"EXTRACTED/2278/0";"Are you sure to push this update package to your clients? ";"您确定要将该更新软件包推送给客户吗？ ";"";""
"EXTRACTED/2279/0";"Pushed";"已推送";"";""
"EXTRACTED/2280/0";"Cancel Push";"取消推送";"";""
"EXTRACTED/2281/0";"Are you sure to cancel the pushing of this update to your clients? ";"您确定要取消向客户推送该更新吗？ ";"";""
"EXTRACTED/2282/0";"Please verify your domain before managing your organization.";"在管理您的组织之前，请先验证您的域。";"";""
"EXTRACTED/2283/0";"After you verify your domain, you can add SAML 2.0 configuration info here.";"验证域后，您可以在这里添加SAML 2.0配置信息。";"";""
"EXTRACTED/2284/0";"You can view and manage your users and groups here.";"您可以在这里查看和管理您的用户和组。";"";""
"EXTRACTED/2285/0";"Company name must be less than 25 characters.";"公司名称必须少于25个字符。";"";""
"EXTRACTED/2286/0";"Enterprise Brand Customization";"企业品牌定制";"";""
"EXTRACTED/2287/0";"Custom domain name";"自定义域名";"";""
"EXTRACTED/2288/0";"Enter a custom URL for your admin console. It can only be changed once.";"输入管理控制台的自定义网址。只能更改一次。";"";""
"EXTRACTED/2289/0";"Go to new URL";"转到新网址";"";""
"EXTRACTED/2290/0";"You have set a new URL for your admin console, click the button below to visit the new URL.";"您已为管理控制台设置了新的URL，点击下面的按钮访问新的URL。";"";""
"EXTRACTED/2291/0";"Billing Mode";"计费方式";"";""
"EXTRACTED/2292/0";"Choose one of the billing modes below:";"选择以下一种计费方式：";"";""
"EXTRACTED/2293/0";"Pay-As-You-Go Mode";"现收现付模式";"";""
"EXTRACTED/2294/0";"Prepaid Mode";"预付费模式";"";""
"EXTRACTED/2295/0";"Your organization can use any number of licenses. You will be charged based on your actual usage.";"您的组织可以使用任意数量的授权。将根据您的实际使用情况向您收费。";"";""
"EXTRACTED/2296/0";"Your organization will only be allowed to use the number of licenses it has already purchased and paid for.";"您的组织仅被允许使用其已经购买和支付的授权数量。";"";""
"EXTRACTED/2297/0";"Please note that you will be billed based on actual usage, and there is no limit on potential usage.";"请注意，我们将根据实际使用量向您收费，对潜在使用量没有限制。";"";""
"EXTRACTED/2298/0";"Don";"不再显示";"";""
"EXTRACTED/2299/0";"Total licenses:";"授权总数";"";""
"EXTRACTED/2300/0";"Total licenses";"授权总数";"";""
"EXTRACTED/2301/0";"Your billing mode is set to Pay-As-You-Go Mode, you will be billed based on actual usage.";"您的结算方式设置为现收现付方式，系统会根据实际使用情况向您收费。";"";""
"EXTRACTED/2302/0";"Chinese-Simplified";"简体中文";"";""
"EXTRACTED/2303/0";"English";"英语";"";""
"EXTRACTED/2304/0";"The Admin Console does not support setting it to that language.";"管理控制台不支持将其设置为该语言。";"";""
"EXTRACTED/2305/0";"The Foxit Admin Console is the portal IT administrators can use to manage user accounts and configuration settings for Foxit products and services, as well as an optional internal update server. You can use the Admin Console on Foxit Cloud or a local installation.";"福昕管理控制台是IT管理员可以用来管理福昕产品和服务以及可选内部更新服务器的用户账户和配置设置的门户。您可以在福昕云或本地安装使用管理控制台。";"";""
"EXTRACTED/2306/0";"Create an Administrator Account";"创建一个管理员账户";"";""
"EXTRACTED/2307/0";"By clicking \";"通过点击“注册”即表示您已阅读并同意 <a target='_blank' href={{privacyPolicyUrl}} style='color:#F58320'>隐私策略</a>和<a target='_blank' href={{termUseUrl}} style='color:#F58320'>服务条款</a>";"";""
"EXTRACTED/2308/0";"Passwords do not match";"密码不一致";"";""
"EXTRACTED/2309/0";"Choose a method to manage user IDs in your company";"选择一种方法来管理公司中的用户ID";"";""
"EXTRACTED/2310/0";"Manage users with LDAP";"使用LDAP管理用户";"";""
"EXTRACTED/2311/0";"Manage users with SAML 2.0";"使用SAML 2.0管理用户";"";""
"EXTRACTED/2312/0";"If your company has a complete LDAP organization, you can choose to manage users in this way by importing enterprise organizations and members by docking LDAP services.";"如果您的公司拥有完整的LDAP组织，则可以选择通过对接LDAP服务导入企业组织和成员来以这种方式管理用户。";"";""
"EXTRACTED/2313/0";"This choice cannot be undone.";"该选择无法撤销。";"";""
"EXTRACTED/2314/0";"Internal Update Logs";"内部更新日志";"";""
"EXTRACTED/2315/0";"operation failed.";"操作失败";"";""
"EXTRACTED/2316/0";"Export Log";"导出日志";"";""
"EXTRACTED/2317/0";"Processing your report can take some time. You";"处理您的报告可能需要一些时间。报告准备好可以下载后，您会收到一封电子邮件。";"";""
"EXTRACTED/2318/0";"This log records admin operations in the Admin Console.";"该日志在管理控制台中记录管理员操作。";"";""
"EXTRACTED/2319/0";"This log records operations of the Update Server";"该日志记录更新服务器的操作";"";""
"EXTRACTED/2320/0";"This log records login and logout information.";"该日志记录登录和注销信息。";"";""
"EXTRACTED/2321/0";"No information has been logged.";"没有信息被记录。";"";""
"EXTRACTED/2322/0";"Edit License";"编辑授权";"";""
"EXTRACTED/2323/0";"You can select which edition this user is licensed to use below.";"您可以在下面选择授权该用户使用的版本。";"";""
"EXTRACTED/2324/0";"Domain transferred successfully";"域关系成功转移";"";""
"EXTRACTED/2325/0";"The domain name has been successfully transferred. Please log in again.";"域名已成功转移。请重新登录。";"";""
"EXTRACTED/2326/0";"Select License";"选择授权";"";""
"EXTRACTED/2327/0";"Async deletion submitted. Refresh the page later to check the result.";"异步删除已提交。请稍后刷新页面以查看结果。";"";""
"EXTRACTED/2328/0";"Foxit PDF Editor Pro Windows License:";"福昕高级PDF编辑器专业版Windows版本授权：";"";""
"EXTRACTED/2329/0";"Foxit PDF Editor Windows License:";"福昕高级PDF编辑器标准版授权：";"";""
"EXTRACTED/2330/0";"Manage Users";"管理用户";"";""
"EXTRACTED/2331/0";"Manage Foxit PDF Editor";"管理福昕高级PDF编辑器";"";""
"EXTRACTED/2332/0";"Your licenses have expired, please go to the \";"您的授权已过期，请转到“产品”页签进行更新。";"";""
"EXTRACTED/2333/0";"Purchase Account: ";"购买账户： ";"";""
"EXTRACTED/2334/0";"Customize the client";"自定义客户端的登录页面";"";""
"EXTRACTED/2335/0";"Modify the logo of Foxit PDF Editor";"修改福昕高级PDF编辑器登录页面Logo。";"";""
"EXTRACTED/2336/0";"Upload a square icon of at least 96x96 px in transparent .PNG or .SVG format";"上传透明底的至少96x96像素的.PNG 或.SVG格式的正方形图标。";"";""
"EXTRACTED/2337/0";"Customize Admin Console login page";"自定义管理控制台登录页面";"";""
"EXTRACTED/2338/0";"Support for changing the name and logo displayed on the enterprise server login page.";"支持更改在企业服务器登录页面上显示的名称和Logo。";"";""
"EXTRACTED/2339/0";"Upload a square icon of at least 96x96 px in transparent .PNG or .SVG format.";"上传透明底的至少96x96像素的.PNG 或.SVG格式的正方形图标。";"";""
"EXTRACTED/2340/0";"Customize email templates";"自定义电子邮件模板";"";""
"EXTRACTED/2341/0";"Modify email templates to match your company";"修改电子邮件模板以匹配您公司的品牌。";"";""
"EXTRACTED/2342/0";"Upload an icon of at least 72x72 px in either transparent .PNG or .SVG format.";"上传透明底的至少72x72像素的.PNG 或.SVG格式的图标。";"";""
"EXTRACTED/2343/0";"Customize Foxit PDF Editor Cloud";"定制福昕高级PDF编辑器网页版";"";""
"EXTRACTED/2344/0";"Modify the logo and the company name shown in Foxit PDF Editor Cloud to match your company";"修改Logo和福昕高级PDF编辑器网页版中显示的公司名称以匹配您公司的品牌。";"";""
"EXTRACTED/2345/0";"Upload a square icon at least 36x36 px in either a transparent .PNG or .SVG format.";"上传透明底的至少36x36像素的.PNG 或.SVG格式的图标。";"";""
"EXTRACTED/2346/0";"Configure single sign-on here.";"在这里配置单点登录。";"";""
"EXTRACTED/2347/0";"Add the domain name of your enterprise here.";"在这里添加您的企业的域名。";"";""
"EXTRACTED/2348/0";"You view the directory users and add users here.";"您可以查看目录用户并在这里添加用户。";"";""
"EXTRACTED/2349/0";"Configure the mail servers used by the Admin Console for sending emails.";"配置管理控制台用于发送电子邮件的邮件服务器。";"";""
"EXTRACTED/2350/0";"Customize the displayed logo, name, and more.";"自定义显示的Logo，名称等。";"";""
"EXTRACTED/2351/0";"Enterprise connected user";"企业连接用户";"";""
"EXTRACTED/2352/0";"Connected user";"连接用户";"";""
"EXTRACTED/2353/0";"Home";"主页";"";""
"EXTRACTED/2354/0";"View a summary of the Admin Console here.";"在这里查看管理控制台的概要。";"";""
"EXTRACTED/2355/0";"Total Licenses";"授权总数";"";""
"EXTRACTED/2356/0";"Activated Licenses";"激活的授权";"";""
"EXTRACTED/2357/0";"Assigned Licenses";"分配的授权";"";""
"EXTRACTED/2358/0";"Activated licenses";"激活的授权";"";""
"EXTRACTED/2359/0";"Assigned licenses";"分配的授权";"";""
"EXTRACTED/2360/0";"AI Assistant Credits";"AI助手配额";"";""
"EXTRACTED/2361/0";"Credits used";"使用的配额";"";""
"EXTRACTED/2362/0";"Active Users";"活跃用户";"";""
"EXTRACTED/2363/0";"Foxit Translate Assistant Quota";"福昕翻译助手配额";"";""
"EXTRACTED/2364/0";"Available Pages";"可用页数";"";""
"EXTRACTED/2365/0";"The available page translate quota/total quota for authorized users in the organization.";"组织中已授权用户的可使用的页面翻译额度/总配额。";"";""
"EXTRACTED/2366/0";"Available Characters";"可用字符数";"";""
"EXTRACTED/2367/0";"The available text translate quota/total quota for authorized users in the organization.";"组织中已授权用户的可使用的文本翻译额度/总配额。";"";""
"EXTRACTED/2368/0";"Monday";"星期一";"";""
"EXTRACTED/2369/0";"Tuesday";"星期二";"";""
"EXTRACTED/2370/0";"Wednesday";"星期三";"";""
"EXTRACTED/2371/0";"Thursday";"星期四";"";""
"EXTRACTED/2372/0";"Friday";"星期五";"";""
"EXTRACTED/2373/0";"Saturday";"星期六";"";""
"EXTRACTED/2374/0";"Sunday";"星期日";"";""
"EXTRACTED/2375/0";"Week";"周";"";""
"EXTRACTED/2376/0";"Months";"月份";"";""
"EXTRACTED/2377/0";"Year";"年份";"";""
"EXTRACTED/2378/0";"(exp. {{day}})";"(到期时间. {{day}})";"";""
"EXTRACTED/2379/0";"(Exp. {{day}})";"(到期时间. {{day}})";"";""
"EXTRACTED/2380/0";"Enterprise Data";"企业数据";"";""
"EXTRACTED/2381/0";"Enterprise Info";"企业信息";"";""
"EXTRACTED/2382/0";"Total staff: {{count}}";"员工总数：{{count}}";"";""
"EXTRACTED/2383/0";"Expiration date: {{date}}";"过期时间：{{date}}";"";""
"EXTRACTED/2384/0";"Here is the overview of enterprise user data:";"以下是企业用户数据概览：";"";""
"EXTRACTED/2385/0";"Here is the enterprise information:";"以下是企业信息:";"";""
"EXTRACTED/2386/0";"The number of manageable users of the enterprise";"企业可管理用户数";"";""
"EXTRACTED/2387/0";"Number of enterprise groups";"企业组的数量";"";""
"EXTRACTED/2388/0";"Number of invited users";"受邀用户的数量";"";""
"EXTRACTED/2389/0";"Quantity Installed";"安装数量";"";""
"EXTRACTED/2390/0";"Connection Time";"连接时间";"";""
"EXTRACTED/2391/0";"Has been connected";"已连接";"";""
"EXTRACTED/2392/0";"Disable";"禁用";"";""
"EXTRACTED/2393/0";"Enable";"启用";"";""
"EXTRACTED/2394/0";"Total number of authorized users:";"授权用户总数：";"";""
"EXTRACTED/2395/0";"The number of connected users:";"连接用户的数量：";"";""
"EXTRACTED/2396/0";"Single Sign on";"单点登录";"";""
"EXTRACTED/2397/0";"You have exceeded the number of authorized users.";"您已超出授权用户的数量。";"";""
"EXTRACTED/2398/0";"Title is required";"标题为必填项";"";""
"EXTRACTED/2399/0";"Key File Expired";"密钥文件已过期";"";""
"EXTRACTED/2400/0";"License expired";"授权已过期";"";""
"EXTRACTED/2401/0";"Number of logged in users";"登录用户数";"";""
"EXTRACTED/2402/0";"The company name should be less than 70 characters.";"公司名称应少于70个字符。";"";""
"EXTRACTED/2403/0";"Server name should be less than 25 characters.";"服务器名称应少于25个字符。";"";""
"EXTRACTED/2404/0";"Disabled";"禁用";"";""
"EXTRACTED/2405/0";"The license field marked as red has as incorrect license value, please check and try again.";"标为红色的授权字段的授权值不正确，请检查并重试。";"";""
"EXTRACTED/2406/0";"Approved automatically";"自动批准";"";""
"EXTRACTED/2407/0";"The message is empty or invalid.";"该消息为空或无效。";"";""
"EXTRACTED/2408/0";"Mail Servers";"邮件服务器";"";""
"EXTRACTED/2409/0";"Configure the mail servers used by the Admin Console to send emails.";"配置管理控制台用来发送电子邮件的邮件服务器。";"";""
"EXTRACTED/2410/0";"Configure the displayed logo, name, and more.";"配置显示的Logo，名称等。";"";""
"EXTRACTED/2411/0";"Online updating";"在线更新";"";""
"EXTRACTED/2412/0";"If your computer can access the Internet, update your license online by logging in to your Foxit account.";"如果您的计算机可以访问Internet，请登录福昕账户以便在线更新授权。";"";""
"EXTRACTED/2413/0";"Offline updating";"离线更新";"";""
"EXTRACTED/2414/0";"You can also update the license by uploading a key file.<br/>Don";"您也可以通过上传密钥文件来更新授权。<br/>还没有密钥文件？";"";""
"EXTRACTED/2415/0";"Settings";"设置";"";""
"EXTRACTED/2416/0";"The key file you uploaded doesn";"您上传的密钥文件没有足够的授权供用户使用。请联系福昕技术支持。";"";""
"EXTRACTED/2417/0";"You need to fill out the form below to add the directory configuration:";"您需要填写以下表格以添加目录配置：";"";""
"EXTRACTED/2418/0";"Forgot Your Password?";"忘记密码？";"";""
"EXTRACTED/2419/0";"Reset Password";"重置密码";"";""
"EXTRACTED/2420/0";"Please enter your new password and confirm your";"请输入您的新密码并确认：";"";""
"EXTRACTED/2421/0";"Back to Forgot Password";"返回“忘记密码”";"";""
"EXTRACTED/2422/0";"Password Reset Link Expired";"密码重置链接已过期";"";""
"EXTRACTED/2423/0";"The password reset link is no longer valid. Please restart the password reset process.";"密码重置链接不再有效。请重新启动密码重置过程。";"";""
"EXTRACTED/2424/0";"Email successfully sent";"电子邮件发送成功";"";""
"EXTRACTED/2425/0";"You will receive an email from Foxit Software within a few minutes with directions on how to reset your password. Due to security reasons, the link will expire after 24 hours.";"您将在几分钟之内收到来自福昕软件的电子邮件，其中包含有关如何重设密码的说明。出于安全原因，该链接将在24小时后失效。";"";""
"EXTRACTED/2426/0";"Captcha is required.";"必须输入验证码。";"";""
"EXTRACTED/2427/0";"No email server has been set. Please add a mail server below:";"尚未设置电子邮件服务器。请在下面添加邮件服务器：";"";""
"EXTRACTED/2428/0";"Windows Authentication";"Windows验证";"";""
"EXTRACTED/2429/0";"Test successful! You can configure settings for your clients now.";"测试成功！您现在可以为客户端配置设置了。";"";""
"EXTRACTED/2430/0";"Test failed. Please check your settings below.";"测试失败。请在下面检查您的设置。";"";""
"EXTRACTED/2431/0";"The Windows domain name. Examples: qa06";"Windows域名，例如：qa06";"";""
"EXTRACTED/2432/0";"The domain controller IP address. Examples: 10.103.2.189";"域控制器IP地址，例如：10.103.2.189";"";""
"EXTRACTED/2433/0";"The domain controller hostname. Examples: SP2016-DC";"域控制器主机名。例如：SP2016-DC";"";""
"EXTRACTED/2434/0";"The computer account for the connection to the domain controller. Example: TEST04$@qa06.fz.foxitsoft.com, please add $ before the account.";"与域控制器连接的计算机账户。例如：TEST04$@qa06.fz.foxitsoft.com。请在账户之前添加$符号。";"";""
"EXTRACTED/2435/0";"The password of the domain controller account. Example: abc123";"域控制器账户的密码。例如：abc123";"";""
"EXTRACTED/2436/0";"Your email address domain. If blank, the domain of your server will be used. Examples: @qa06.fz.foxitsoft.com";"您的邮件地址域。如果为空，将使用服务器的域。例如：@ qa06.fz.foxitsoft.com";"";""
"EXTRACTED/2437/0";"How to get the above configuration?";"如何获得以上配置？";"";""
"EXTRACTED/2438/0";"All Statistics";"全部统计";"";""
"EXTRACTED/2439/0";"How to set user clients to automatically log in to Foxit PDF Editor with an AD account?";"如何设置用户客户端以使用AD账户自动登录福昕高级PDF编辑器？";"";""
"EXTRACTED/2440/0";"All";"全部";"";""
"EXTRACTED/2441/0";"Installed previously";"之前已安装";"";""
"EXTRACTED/2442/0";"This user has already installed Foxit PDF Editor, you can only remove the license.";"该用户已经安装了福昕高级PDF编辑器，您只能移除其授权。";"";""
"EXTRACTED/2443/0";"Last 30 days";"最近30天";"";""
"EXTRACTED/2444/0";"Last 7 days";"最近7天";"";""
"EXTRACTED/2445/0";"Access key ID";"访问密钥ID";"";""
"EXTRACTED/2446/0";"Secret access key";"密码访问秘钥";"";""
"EXTRACTED/2447/0";"Host: Port";"主机：端口";"";""
"EXTRACTED/2448/0";"Share";"共享";"";""
"EXTRACTED/2449/0";"Bucket name";"存储桶名称";"";""
"EXTRACTED/2450/0";"Endpoint";"终点";"";""
"EXTRACTED/2451/0";"Storage Protocol";"存储协议";"";""
"EXTRACTED/2452/0";"Please input Bucket Name";"请输入存储桶名称";"";""
"EXTRACTED/2453/0";"Please input Host and Post";"请输入Host和Post";"";""
"EXTRACTED/2454/0";"Please input Share";"请输入共享";"";""
"EXTRACTED/2455/0";"Please input Endpoint";"请输入终点";"";""
"EXTRACTED/2456/0";"Please input Path";"请输入路径";"";""
"EXTRACTED/2457/0";"Local Alias";"本地别名";"";""
"EXTRACTED/2458/0";"Please input Alias";"请输入别名";"";""
"EXTRACTED/2459/0";"Storage";"存储";"";""
"EXTRACTED/2460/0";"File Storage Connection";"文件存储连接";"";""
"EXTRACTED/2461/0";"Add Storage";"添加存储";"";""
"EXTRACTED/2462/0";"Should start with /";"应该以/开始";"";""
"EXTRACTED/2463/0";"Should start with \\ ";"应该以 \ 开始 ";"";""
"EXTRACTED/2464/0";"Should start with nfs://";"应该以nfs://开始";"";""
"EXTRACTED/2465/0";"Should start with http:// or https://";"应该以 http:// 或 https://开始";"";""
"EXTRACTED/2466/0";"Should start with smb://";"应该以smb://开始";"";""
"EXTRACTED/2467/0";"Alias cannot be repeated";"别名不能重复";"";""
"EXTRACTED/2468/0";"Storage deleted";"储存空间已删除";"";""
"EXTRACTED/2469/0";"Storage saved";"储存空间已保存";"";""
"EXTRACTED/2470/0";"Connect your private storage here to easily access it within Foxit PDF Editor Cloud";"在这里连接您的私人存储，以便在福昕高级PDF编辑器网页版中轻松访问";"";""
"EXTRACTED/2471/0";"Choose which network drives can integrate based on your business, this setting applies to all members:";"根据您的业务选择可以集成的网络驱动器，该设置适用于所有成员：";"";""
"EXTRACTED/2472/0";"You haven";"您尚未连接任何存储系统。点击“添加存储”连接到一个存储系统。";"";""
"EXTRACTED/2473/0";"Control which network drives are displayed in Foxit PDF Editor Cloud.";"控制在福昕高级PDF编辑器网页版中显示哪些网络驱动器。";"";""
"EXTRACTED/2474/0";"Total";"总计";"";""
"EXTRACTED/2475/0";"available";"可用";"";""
"EXTRACTED/2476/0";"Search Users";"搜索用户";"";""
"EXTRACTED/2477/0";"No users here, please select users from the user list";"没有用户，请从用户列表中选择用户";"";""
"EXTRACTED/2478/0";"User List";"用户列表";"";""
"EXTRACTED/2479/0";"No users available";"没有可用用户";"";""
"EXTRACTED/2480/0";"Export Data";"导出数据";"";""
"EXTRACTED/2481/0";"Export Data Locally";"导出数据到本地";"";""
"EXTRACTED/2482/0";"Send Data via Email";"通过邮件发送数据";"";""
"EXTRACTED/2483/0";"Sending email failed. Mailbox has not been set.";"发送电子邮件失败。邮箱尚未设置。";"";""
"EXTRACTED/2484/0";"MAC address range restriction:";"MAC地址范围限制：";"";""
"EXTRACTED/2485/0";"After MAC address range restriction is added, only clients in these MAC address range(s) can be activated.";"添加Mac地址范围限制后，仅这些MAC地址范围内的客户端可以被激活。";"";""
"EXTRACTED/2486/0";"Add MAC Address";"添加MAC地址";"";""
"EXTRACTED/2487/0";"Add a MAC address";"添加一个MAC地址";"";""
"EXTRACTED/2488/0";"Add MAC address(es) by CSV";"通过CSV添加MAC地址";"";""
"EXTRACTED/2489/0";"Upload a CSV file containing multiple MAC addresses.";"上传包含多个MAC地址的CSV文件。";"";""
"EXTRACTED/2490/0";"Download sample CSV";"下载范例CSV";"";""
"EXTRACTED/2491/0";"Number";"编号";"";""
"EXTRACTED/2492/0";"Data is empty";"数据为空";"";""
"EXTRACTED/2493/0";"Role";"角色";"";""
"EXTRACTED/2494/0";"Admin Role";"管理员角色";"";""
"EXTRACTED/2495/0";"Manage Admin Console administrators here.";"在这里管理控制台的管理员。";"";""
"EXTRACTED/2496/0";"Add Admin";"添加管理员";"";""
"EXTRACTED/2497/0";"Are you sure you want to delete this administrator?";"您确定要删除该管理员吗？";"";""
"EXTRACTED/2498/0";"Type the email address for a new administrator user to add.";"输入要添加的新管理员的邮件地址。";"";""
"EXTRACTED/2499/0";"Enter email here";"在这里输入电子邮件";"";""
"EXTRACTED/2500/0";"Valid";"有效";"";""
"EXTRACTED/2501/0";"Invalid";"无效";"";""
"EXTRACTED/2502/0";"MAC address format error.";"MAC地址格式错误。";"";""
"EXTRACTED/2503/0";"Administrator";"管理员";"";""
"EXTRACTED/2504/0";"Super admin";"超级管理员";"";""
"EXTRACTED/2505/0";"Admin";"管理员";"";""
"EXTRACTED/2506/0";"Sub admin";"二级管理员";"";""
"EXTRACTED/2507/0";"Super Administrator";"超级管理员";"";""
"EXTRACTED/2508/0";"Scheduled update settings";"计划的更新设置";"";""
"EXTRACTED/2509/0";"Set a scheduled time to update specific users or groups.";"设置计划的时间以更新特定的用户或组。";"";""
"EXTRACTED/2510/0";"If you do not set a time, client will be updated according to its default update mechanism.";"如果您未设置时间，客户端将根据其默认的更新机制进行更新。";"";""
"EXTRACTED/2511/0";"Edit time";"编辑时间";"";""
"EXTRACTED/2512/0";"Update Time";"更新时间";"";""
"EXTRACTED/2513/0";"Specific Users";"特定用户";"";""
"EXTRACTED/2514/0";"Add User Email";"添加用户电子邮件";"";""
"EXTRACTED/2515/0";"Add IP Address";"添加IP地址";"";""
"EXTRACTED/2516/0";"Edit update time";"编辑更新时间";"";""
"EXTRACTED/2517/0";"Select time for clients to update:";"选择客户端更新时间：";"";""
"EXTRACTED/2518/0";"Every";"每";"";""
"EXTRACTED/2519/0";"From";"从";"";""
"EXTRACTED/2520/0";"Add MAC Address below:";"在下面添加MAC地址：";"";""
"EXTRACTED/2521/0";"Add multiple MAC addresses";"添加多个MAC地址";"";""
"EXTRACTED/2522/0";"Email sent successfully.";"电子邮件发送成功。";"";""
"EXTRACTED/2523/0";"Add IP Address below:";"在下面添加IP字段：";"";""
"EXTRACTED/2524/0";"Approve package for all clients to update";"批准所有客户端可更新软件包";"";""
"EXTRACTED/2525/0";"Approve package for specific clients to update";"批准特定客户端可更新软件包";"";""
"EXTRACTED/2526/0";"Add specific clients";"添加特定客户端";"";""
"EXTRACTED/2527/0";"No users here";"这里没有用户";"";""
"EXTRACTED/2528/0";"Incorrect user email or password.";"用户电子邮件或密码不正确。";"";""
"EXTRACTED/2529/0";"Force clients to install update package";"强制客户端安装更新软件包";"";""
"EXTRACTED/2530/0";"Mac Address";"Mac地址";"";""
"EXTRACTED/2531/0";"Add a user name, email, and password below. There is no mail server configured in the Admin Console, so you";"在下面添加用户名，电子邮件和密码。管理控制台中未配置邮件服务器，因此您需要手动将这些邮件传达给用户。";"";""
"EXTRACTED/2532/0";"Add a user name and email address below, and the system will send an email to the user to set the password.";"在下面添加用户名和邮件地址，系统将向用户发送电子邮件以便设置密码。";"";""
"EXTRACTED/2533/0";"Are you sure you want to reset your configuration?";"您确定要重置配置吗？";"";""
"EXTRACTED/2534/0";"All users can install this update package.";"所有用户都可以安装该更新软件包。";"";""
"EXTRACTED/2535/0";"MAC address cannot be empty.";"MAC地址不能为空。";"";""
"EXTRACTED/2536/0";"You do not have administrator rights for this site.";"您没有该站点的管理员权限。";"";""
"EXTRACTED/2537/0";"Back to login page";"返回登录页面";"";""
"EXTRACTED/2538/0";"Access denied";"拒绝访问...";"";""
"EXTRACTED/2539/0";"Super Admin";"超级管理员";"";""
"EXTRACTED/2540/0";"The configuration you deleted contains the account of the super administrator. Are you sure you want to delete it? After deletion, the super administrator can";"您删除的配置中包含超级管理员的账户。您确定要删除吗？ 删除后，超级管理员将无法使用公司账户的密码登录，但是您仍然可以使用首次创建管理员时设置的密码，也可以重设密码。";"";""
"EXTRACTED/2541/0";"The user was not found.";"未找到该用户。";"";""
"EXTRACTED/2542/0";"The super administrator account can";"超级管理员账户不能被禁用。";"";""
"EXTRACTED/2543/0";"You cannot assign two different authorizations to the same account, please check and try again.";"您不能为同一账户分配两个不同的授权，请检查并重试。";"";""
"EXTRACTED/2544/0";"This administrator is already registered.";"该管理员已注册。";"";""
"EXTRACTED/2545/0";"Address format is incorrect.";"地址格式不正确。";"";""
"EXTRACTED/2546/0";"The IP address is invalid.";"IP地址无效。";"";""
"EXTRACTED/2547/0";"The MAC address is invalid.";"MAC地址无效。";"";""
"EXTRACTED/2548/0";"The last time this Foxit PDF Editor client connected to the server.";"福昕高级PDF编辑器客户单上次连接服务器的时间。";"";""
"EXTRACTED/2549/0";"Manage Licensing";"管理授权";"";""
"EXTRACTED/2550/0";"Manage licenses of Foxit PDF Editor for Windows.";"管理Windows版福昕高级PDF编辑器的授权。";"";""
"EXTRACTED/2551/0";"2 steps to support Windows Authentication";"支持Windows身份验证的2个步骤";"";""
"EXTRACTED/2552/0";"No valid data, please make sure the data is valid.";"没有有效的数据，请确保数据有效。";"";""
"EXTRACTED/2553/0";"Only the super administrator can delete admin accounts.";"只有超级管理员可以删除管理员账户。";"";""
"EXTRACTED/2554/0";"Only the super administrator can disable admin accounts.";"只有超级管理员可以禁用管理员账户。";"";""
"EXTRACTED/2555/0";"Only the super administrator can enable admin accounts.";"只有超级管理员可以启用管理员账户。";"";""
"EXTRACTED/2556/0";"SAML configuration successfully deleted.";"SAML配置已成功删除。";"";""
"EXTRACTED/2557/0";"Only the super administrator can remove admin accounts.";"只有超级管理员可以移除管理员账户。";"";""
"EXTRACTED/2558/0";"Only the super administrator can revoke admin accounts.";"只有超级管理员可以吊销管理员账户。";"";""
"EXTRACTED/2559/0";"Only the super administrator can access admin accounts.";"只有超级管理员可以访问管理员账户。";"";""
"EXTRACTED/2560/0";"You cannot perform actions on yourself.";"您无法对自己执行对应操作。";"";""
"EXTRACTED/2561/0";"Deletion successful";"删除成功";"";""
"EXTRACTED/2562/0";"Deletion failed";"删除失败";"";""
"EXTRACTED/2563/0";"Administrator successfully added.";"管理员添加成功。";"";""
"EXTRACTED/2564/0";"Administrator successfully deleted.";"管理员删除成功。";"";""
"EXTRACTED/2565/0";"Mail server is not configured.";"邮件服务器未配置。";"";""
"EXTRACTED/2566/0";"The total number of {{product}} licenses purchased by your organization.";"您的组织购买的{{product}}授权总数量。";"";""
"EXTRACTED/2567/0";"The total number of {{product}} licenses you have assigned to users.";"您分配给用户的{{product}}授权总数量。";"";""
"EXTRACTED/2568/0";"The total number of users who have activated {{product}} licenses at least once.";"至少激活过一次{{product}}的用户总数。";"";""
"EXTRACTED/2569/0";"The total number of users who are using {{product}}.";"正在使用{{product}}的用户总数。";"";""
"EXTRACTED/2570/0";"The total number of unique users who started {{product}} on this day.";"在这一天开始使用{{product}}的唯一用户总数。";"";""
"EXTRACTED/2571/0";"Missing parameter.";"缺少参数";"";""
"EXTRACTED/2572/0";"Access token not valid.";"访问令牌不合法。";"";""
"EXTRACTED/2573/0";"Parameter error.";"参数错误。";"";""
"EXTRACTED/2574/0";"The group name cannot exceed 32 characters.";"组名不能超过32个字符。";"";""
"EXTRACTED/2575/0";"The group note cannot exceed 255 characters.";"组备注不能超过255个字符。";"";""
"EXTRACTED/2576/0";"LDAP configuration failed.";"Ldap配置失败。";"";""
"EXTRACTED/2577/0";"An LDAP configuration with this name already exists.";"LDAP配置名称重复。";"";""
"EXTRACTED/2578/0";"User authentication failed.";"用户身份验证失败。";"";""
"EXTRACTED/2579/0";"This user does not exist in your LDAP system.";"LDAP系统中不存在该用户。";"";""
"EXTRACTED/2580/0";"No data has been recorded.";"暂无记录。";"";""
"EXTRACTED/2581/0";"Your license has been updated. Refresh the page to confirm your updated license.";"您的授权已更新。刷新页面以便确认您更新后的授权。";"";""
"EXTRACTED/2582/0";"This key file does not have enough licenses for your current usage.";"该密钥文件没有足够的授权供您当前使用。";"";""
"EXTRACTED/2583/0";"The start time should be before the end time.";"开始时间应早于结束时间。";"";""
"EXTRACTED/2584/0";"The expiration date should be after the current date.";"到期日期应晚于当前日期。";"";""
"EXTRACTED/2585/0";"If no items are selected, click on ";"如果未选择任何条目，点击“导出”将导出所有数据。";"";""
"EXTRACTED/2586/0";"No LDAP configuration available";"没有可用的LDAP配置";"";""
"EXTRACTED/2587/0";"Choose organization";"选择组织";"";""
"EXTRACTED/2588/0";"Your account was found in multiple organizations.";"多个组织中可找到您的账户。";"";""
"EXTRACTED/2589/0";"Please select one organization to log in to.";"请选择其中一个组织登录：";"";""
"EXTRACTED/2590/0";"Your account was found in multiple organizations. Please select one organization to log in to.";"您的帐户在多个组织中找到。请选择一个组织登录。";"";""
"EXTRACTED/2591/0";"Select...";"选择...";"";""
"EXTRACTED/2592/0";"Deactivate";"停用";"";""
"EXTRACTED/2593/0";"Are you sure you want to deactivate this user? They will no longer have access to Foxit services.";"您确定要停用该用户吗？停用用户后，他们将无法访问福昕服务。";"";""
"EXTRACTED/2594/0";"Unset region";"取消区域";"";""
"EXTRACTED/2595/0";"Detail";"详情";"";""
"EXTRACTED/2596/0";"1. Create a computer account for NETLogon communication, select Start -> Server Manage -> Tools -> Active Director Users and Computers -> Computers -> Right-click -> New -> Computer.";"1. 创建用于NETLogon通信的计算机账户，选择开始->服务器管理->工具-> Active Director用户和计算机->计算机->右键单击->新建->计算机。";"";""
"EXTRACTED/2597/0";"2. Create a computer account in the AD domain server: Example: test04";"2. 在AD域服务器中创建计算机账户：例如：test04";"";""
"EXTRACTED/2598/0";"3. Add a script SetComputerPass.vbs to the AD domain server, and start a command line program with administrator privileges and execute the following command to create a password for the computer account.";"3. 将脚本SetComputerPass.vbs添加到AD域服务器，并以管理员权限启动命令行程序，执行以下命令为计算机账户创建密码。";"";""
"EXTRACTED/2599/0";"Cscript SetComputerPass.vbs CN=TEST04,CN=Computers,DC=qa06,DC=fz,DC=foxitsoft,DC=com";"Cscript SetComputerPass.vbs CN=TEST04,CN=Computers,DC=qa06,DC=fz,DC=foxitsoft,DC=com";"";""
"EXTRACTED/2600/0";"Configure Internet Explorer on the client devices in the AD domain. The specific steps are as follows:";"在AD域的客户端设备上配置Internet Explorer。具体步骤如下：";"";""
"EXTRACTED/2601/0";"1. Click Internet Options-> Advanced -> Security Settings -> Check ";"1. 点击Internet选项->高级->安全设置->选中“启用集成Windows身份验证*”";"";""
"EXTRACTED/2602/0";"and restart IE.";"并重启IE";"";""
"EXTRACTED/2603/0";"2. In Internet Options -> Security -> Local Intranet -> Site -> Advanced, add the following URL:";"2. 在“Internet选项”->“安全性”->“本地Intranet”->“站点”->“高级”中，添加以下URL：";"";""
"EXTRACTED/2604/0";"3. In Internet Options -> Security -> Local Intranet -> Custom Level -> User Authentication, select ";"3. 在“Internet选项->安全性->本地Intranet->自定义级别->用户身份验证”中，选择“仅在Intranet区域中自动登录”。";"";""
"EXTRACTED/2605/0";"1. SP Entity ID:";"1. SP实体ID：";"";""
"EXTRACTED/2606/0";"2. SP Assertion Consumer Service URL: ";"2. SP断言用户服务URL： ";"";""
"EXTRACTED/2607/0";"Authorization Model:";"授权模式：";"";""
"EXTRACTED/2608/0";"Choose one of the authorization models below:";"选择以下一种授权模式：";"";""
"EXTRACTED/2609/0";"The administrator proactively assigns authority to specific personnel.";"管理员主动将权限分配给特定人员。";"";""
"EXTRACTED/2610/0";"The system will automatically assign licenses to the unauthorized users. And you can also assign licenses to such users manually.";"系统会自动为未授权用户分配授权。您还可以手动向此类用户分配授权。";"";""
"EXTRACTED/2611/0";"Internal Update";"内部更新";"";""
"EXTRACTED/2612/0";"Content Logs";"内容日志";"";""
"EXTRACTED/2613/0";"Product Configuration";"产品配置";"";""
"EXTRACTED/2614/0";"Page is loading...";"页面正在加载...";"";""
"EXTRACTED/2615/0";"This is not a valid email address.";"输入的电子邮件无效。";"";""
"EXTRACTED/2616/0";"Please input an email address.";"请输入邮件地址。";"";""
"EXTRACTED/2617/0";"Please enter your password.";"请输入您的密码。";"";""
"EXTRACTED/2618/0";"Please enter your user name.";"请输入您的用户名。";"";""
"EXTRACTED/2619/0";"The two passwords do not match.";"您输入的两个密码不一致！";"";""
"EXTRACTED/2620/0";"Configure settings below";"在下面配置设置";"";""
"EXTRACTED/2621/0";"Configure settings on clients";"在客户端上配置设置";"";""
"EXTRACTED/2622/0";"Expand Source";"展开来源";"";""
"EXTRACTED/2623/0";"Collapse Source";"折叠来源";"";""
"EXTRACTED/2624/0";"Domain Name";"域名";"";""
"EXTRACTED/2625/0";"Hostname";"主机名";"";""
"EXTRACTED/2626/0";"Computer Account";"计算机账户";"";""
"EXTRACTED/2627/0";"Email domain";"电子邮件域";"";""
"EXTRACTED/2628/0";"Unsynced Users";"未同步用户";"";""
"EXTRACTED/2629/0";"There are some users that are no longer in your LDAP system. You can go to ";"部分用户已不在您的LDAP系统中。您可以从管理员控制台转到“目录用户>未同步用户”中将其删除。";"";""
"EXTRACTED/2630/0";"View user";"查看用户";"";""
"EXTRACTED/2631/0";"Are you sure to delete the user account for {{userEmail}}?";"您确定要删除{{userEmail}}的用户账户吗？";"";""
"EXTRACTED/2632/0";"Note: Their authorization will also be revoked.";"注意：他们的授权也将被吊销。";"";""
"EXTRACTED/2633/0";"Connect";"连接";"";""
"EXTRACTED/2634/0";"Copied to clipboard";"复制到粘贴板";"";""
"EXTRACTED/2635/0";"State";"状态";"";""
"EXTRACTED/2636/0";"Reset successful";"重置成功";"";""
"EXTRACTED/2637/0";"Reset completed. Please click ";"重置完成。请点击“保存”以使其生效。";"";""
"EXTRACTED/2638/0";"Log";"日志";"";""
"EXTRACTED/2639/0";"Files saved successfully.";"文件保存成功。";"";""
"EXTRACTED/2640/0";"Send to";"发送至";"";""
"EXTRACTED/2641/0";"Done";"完成";"";""
"EXTRACTED/2642/0";"The LDAP integration is disabled. Users cannot be synchronized.";"LDAP集成已禁用。用户无法同步。";"";""
"EXTRACTED/2643/0";"Server";"服务器";"";""
"EXTRACTED/2644/0";"Details";"详情";"";""
"EXTRACTED/2645/0";"Requested Domain";"请求的域名";"";""
"EXTRACTED/2646/0";"Review Request";"审查请求";"";""
"EXTRACTED/2647/0";"Cancel Request";"取消请求";"";""
"EXTRACTED/2648/0";"Revoke trustee status";"撤销受托人身份";"";""
"EXTRACTED/2649/0";"Are you sure you want to revoke trustee status? If the domain has linked to a directory, you will not be able to access the directory and all domains within the directory. Remove your access to a trusted domain, users who have been synchronized to the organization will also be deleted and cannot continue using the licenses assigned to them.";"您确定要撤销受托人身份吗？如果该域名已链接到目录，您将无法访问该目录以及目录中的所有域名。移除对受信任域名的访问权限，已同步到组织的用户也将被删除，并且无法继续使用分配给他们的授权。";"";""
"EXTRACTED/2650/0";"The image size is incorrect.";"图像文件大小不正确。";"";""
"EXTRACTED/2651/0";"The attribute field to use when loading the group name. Examples: cn.SAMAccountName";"加载用户名时要使用的属性字段。例如：cn.SAMAccountName";"";""
"EXTRACTED/2652/0";"Directory name is required.";"目录名称是必需的。";"";""
"EXTRACTED/2653/0";"Only .svg and .png files can be uploaded.";"您只能上传.svg和.png文件。";"";""
"EXTRACTED/2654/0";"Image must be smaller than 2 MB.";"图像文件必须小于2MB。";"";""
"EXTRACTED/2655/0";"Subject is required";"主题为必填项";"";""
"EXTRACTED/2656/0";"Message is required";"消息是必填项";"";""
"EXTRACTED/2657/0";"SSL Certificate";"SSL证书";"";""
"EXTRACTED/2658/0";"You will need to configure an SSL certificate in order to use this setting. Take <a target=";"您需要配置SSL证书才能使用该设置。进行<a target='_blank' href='http://directory.apache.org/apacheds/basic-ug/3.3-enabling-ssl.html'  style='color:#F58320'> Apache目录SSL设置</a>作为范例。";"";""
"EXTRACTED/2659/0";"Sync now";"立即同步";"";""
"EXTRACTED/2660/0";"Now";"现在";"";""
"EXTRACTED/2661/0";"Every day";"每天";"";""
"EXTRACTED/2662/0";"Every 7 days";"每7天";"";""
"EXTRACTED/2663/0";"Every month";"每月";"";""
"EXTRACTED/2664/0";"Every year";"每年";"";""
"EXTRACTED/2665/0";"Jan";"一月";"";""
"EXTRACTED/2666/0";"Feb";"二月";"";""
"EXTRACTED/2667/0";"Mar";"三月";"";""
"EXTRACTED/2668/0";"Apr";"四月";"";""
"EXTRACTED/2669/0";"May";"五月";"";""
"EXTRACTED/2670/0";"Jun";"六月";"";""
"EXTRACTED/2671/0";"Jul";"七月";"";""
"EXTRACTED/2672/0";"Aug";"八月";"";""
"EXTRACTED/2673/0";"Sep";"九月";"";""
"EXTRACTED/2674/0";"Oct";"十月";"";""
"EXTRACTED/2675/0";"Nov";"十一月";"";""
"EXTRACTED/2676/0";"Dec";"十二月";"";""
"EXTRACTED/2677/0";"Automatically synchronize every week on {{weekDay}} at {{time}}.";"每周 {{weekDay}} {{time}}自动同步";"";""
"EXTRACTED/2678/0";"Automatically synchronize every year on {{monthDay}} {{day}} at {{time}}.";"每年{{monthDay}} {{day}} {{time}}自动同步";"";""
"EXTRACTED/2679/0";"Automatically synchronize every month on {{day}} at {{time}}.";"每月 {{day}} {{time}} 自动同步";"";""
"EXTRACTED/2680/0";"Automatically synchronize every day at {{time}}";"每天{{time}}自动同步";"";""
"EXTRACTED/2681/0";"Add users by CSV";"使用CSV添加用户";"";""
"EXTRACTED/2682/0";"Upload a CSV file containing user emails and passwords, and we will add the users to the list.";"上传包含用户电子邮件和密码的CSV文件，我们会将这些用户添加到列表中。";"";""
"EXTRACTED/2683/0";"Download the sample CSV file";"下载示例CSV文件";"";""
"EXTRACTED/2684/0";"Cancel auto-sync";"取消自动同步";"";""
"EXTRACTED/2685/0";"Synchronization timeout, please check the configuration.";"同步超时，请检查配置。";"";""
"EXTRACTED/2686/0";"This CSV file is invalid. Please modify it and re-upload. Download the sample file to see the required format.";"该CSV文件无效。请对其进行修改，然后重新上传。下载示例文件以便查看所需的格式。";"";""
"EXTRACTED/2687/0";"Users added successfully.";"用户添加成功。";"";""
"EXTRACTED/2688/0";"Users added failed.";"用户添加失败。";"";""
"EXTRACTED/2689/0";"Transfer ownership";"转移所有权";"";""
"EXTRACTED/2690/0";"Enter the email address of the user to whom the ownership is to be transferred. Your admin access will be revoked once the transfer has been completed.";"输入接受管理员权限的用户的邮件地址。转移完成后，您的管理员访问权限将被吊销。";"";""
"EXTRACTED/2691/0";" Enter Email Address";" 输入邮件地址";"";""
"EXTRACTED/2692/0";"This account does not exist.";"该账户不存在。";"";""
"EXTRACTED/2693/0";"Bulk operation results";"批量操作结果";"";""
"EXTRACTED/2694/0";"The CSV file has been successfully uploaded. Results will be shown in <span style=";"CSV文件已成功上传。结果将显示在<span style='color: #f58320;'>“批量操作结果”</span>中。";"";""
"EXTRACTED/2695/0";"All users in the CSV file have been successfully added.";"CSV文件中的所有用户已成功添加。";"";""
"EXTRACTED/2696/0";"An email informing the user about the modification of the data center has been sent.";"通知修改用户数据中心的邮件已发送。";"";""
"EXTRACTED/2697/0";"Users are being added. Results will be shown in <span style=";"正在添加用户。结果将显示在 <span style='color: #f58320;'>“批量操作结果”</span>中。";"";""
"EXTRACTED/2698/0";"Super administrator privileges has been transferred successfully.";"超级管理员特权已成功转移。";"";""
"EXTRACTED/2699/0";"This account is already registered.";"该账户已经注册过了。";"";""
"EXTRACTED/2700/0";"Data duplication.";"数据重复。";"";""
"EXTRACTED/2701/0";"Unspecified error.";"未知错误。";"";""
"EXTRACTED/2702/0";"No users have been added via .csv file.";"没有通过.csv文件添加任何用户。";"";""
"EXTRACTED/2703/0";"No users have been added yet.";"尚未添加任何用户。";"";""
"EXTRACTED/2704/0";"Simultaneous login devices:";"同时登录设备：";"";""
"EXTRACTED/2705/0";"Allow Foxit PDF Editor to be activated on multiple devices";"允许在多个设备上激活福昕高级PDF编辑器";"";""
"EXTRACTED/2706/0";"When this setting is enabled, you can set the number of activated devices when assigning Foxit PDF Editor authorization.";"启用该设置后，您可以在分配福昕高级PDF编辑器授权时设置激活设备的数量。";"";""
"EXTRACTED/2707/0";"Activated/Allowed Devices";"已激活/允许的设备";"";""
"EXTRACTED/2708/0";"(Win&Mac)";"(Win&Mac)";"";""
"EXTRACTED/2709/0";"(Win&Mac&Linux)";"(Win&Mac&Linux)";"";""
"EXTRACTED/2710/0";"Activated devices for Windows and Mac/Allowed devices for Windows and Mac";"激活设备的Windows和Mac/允许设备的Windows和Mac";"";""
"EXTRACTED/2711/0";"Activated devices for Windows, Mac, and Linux/Allowed devices for Windows and Mac, and Linux";"已激活的 Windows、Mac 和 Linux 设备/允许的 Windows、Mac 和 Linux 设备";"";""
"EXTRACTED/2712/0";"Allows users to log in on up to";"允许用户最多登录";"";""
"EXTRACTED/2713/0";"Allow devices on Windows";"Windows平台允许的设备";"";""
"EXTRACTED/2714/0";"Allow devices on Mac";"Mac平台允许的设备";"";""
"EXTRACTED/2715/0";"License:";"授权：";"";""
"EXTRACTED/2716/0";"You can allow activation on up to {{max}} devices.";"您最多可以在{{max}}个设备上激活。";"";""
"EXTRACTED/2717/0";"If you reduce the number of allowed devices, excess devices will be deactivated.";"如果减少允许的设备数量，多余的设备将被停用。";"";""
"EXTRACTED/2718/0";"Simultaneous login devices";"同时登录设备";"";""
"EXTRACTED/2719/0";"Rollback settings";"回滚设置";"";""
"EXTRACTED/2720/0";"Roll back Foxit PDF Editor versions";"回滚福昕高级PDF编辑器版本";"";""
"EXTRACTED/2721/0";"Rolled back versions:";"回滚版本：";"";""
"EXTRACTED/2722/0";"to version:";"到版本：";"";""
"EXTRACTED/2723/0";"Roll back Foxit PDF Reader  versions";"福昕阅读器回滚版本";"";""
"EXTRACTED/2724/0";"If a new version doesn";"如果新版本不适合您，您可以还原成旧版本。";"";""
"EXTRACTED/2725/0";"Customize Organization";"自定义组织";"";""
"EXTRACTED/2726/0";"You can customize the organizational structure as needed.";"您可以根据需要自定义组织结构。";"";""
"EXTRACTED/2727/0";"Add members";"添加成员";"";""
"EXTRACTED/2728/0";"Add Department";"添加部门";"";""
"EXTRACTED/2729/0";"Root node";"根节点";"";""
"EXTRACTED/2730/0";"Please enter an {{labelName}}.";"请输入一个{{labelName}}。";"";""
"EXTRACTED/2731/0";"Edit Department";"编辑部门";"";""
"EXTRACTED/2732/0";"Parent Organization";"父组织";"";""
"EXTRACTED/2733/0";"No members of this department have been added yet.";"这个部门还没有添加成员。";"";""
"EXTRACTED/2734/0";"Directory Settings";"目录设置";"";""
"EXTRACTED/2735/0";"Directory users";"目录用户";"";""
"EXTRACTED/2736/0";"The root node cannot be deleted";"根节点无法删除";"";""
"EXTRACTED/2737/0";"Create groups for easy management";"创建组以便于管理";"";""
"EXTRACTED/2738/0";"Password Settings";"密码设置";"";""
"EXTRACTED/2739/0";"Roll back Foxit PDF Reader Enterprise versions";"回滚福昕阅读器企业版";"";""
"EXTRACTED/2740/0";"Please select a version. ";"请选择一个版本。 ";"";""
"EXTRACTED/2741/0";"Make sure the version you are rolling back to is lower than the installed versions.";"请确保您要回滚的版本低于已安装的版本。";"";""
"EXTRACTED/2742/0";"Users & Organization";"用户&组织";"";""
"EXTRACTED/2743/0";"Korean";"韩语";"";""
"EXTRACTED/2744/0";"German";"德语";"";""
"EXTRACTED/2745/0";"Add email and select admin role below to add admin.";"添加电子邮件并在下面选择管理员角色以便添加管理员。";"";""
"EXTRACTED/2746/0";"Sub-administrator";"二级管理员";"";""
"EXTRACTED/2747/0";"Authority";"权限";"";""
"EXTRACTED/2748/0";"Role type";"角色类型";"";""
"EXTRACTED/2749/0";"Manage {{ouName}} users ({{num}})";"管理{{ouName}}用户({{num}})";"";""
"EXTRACTED/2750/0";"Please select the role you want to create.";"请选择您想要创建的角色。";"";""
"EXTRACTED/2751/0";"Select organizational unit to administrate";"选择要管理的组织单位";"";""
"EXTRACTED/2752/0";"OU list";"OU列表";"";""
"EXTRACTED/2753/0";"Selected organizational unit";"选定的组织单位";"";""
"EXTRACTED/2754/0";"No organizational unit has been selected, please select one from the list.";"未选择组织单位，请从列表中选择一个。";"";""
"EXTRACTED/2755/0";"Give a name for this assignment:";"为本次分配指定一个名称：";"";""
"EXTRACTED/2756/0";"Search user";"搜索用户";"";""
"EXTRACTED/2757/0";"Search organization";"搜索组织";"";""
"EXTRACTED/2758/0";"{{users}} already exists in the organization.";"{{users}}已存在于组织中。";"";""
"EXTRACTED/2759/0";"{{users}} does not exist.";"{{users}}不存在";"";""
"EXTRACTED/2760/0";"Move to";"移动到";"";""
"EXTRACTED/2761/0";"You can configure single sign-on here.";"您可以在这里配置单点登录的设置。";"";""
"EXTRACTED/2762/0";"There are no users yet, please add some users first.";"尚无用户，请先添加一些用户。";"";""
"EXTRACTED/2763/0";"Go to users";"跳转至用户";"";""
"EXTRACTED/2764/0";"The client will request updates at the set time.";"客户端将在设置的时间请求更新。";"";""
"EXTRACTED/2765/0";"Export User Data";"导出用户数据";"";""
"EXTRACTED/2766/0";"Rolled Back Logs";"回滚日志";"";""
"EXTRACTED/2767/0";"This log shows information about devices that have been rolled back.";"该日志显示相关的已回滚的设备的信息。";"";""
"EXTRACTED/2768/0";"Added user";"已添加的用户";"";""
"EXTRACTED/2769/0";"There are some users that are no longer in your SAML system. You can go to ";"部分用户已不在您的SAML系统中。您可以从管理员控制台转到“目录用户>未同步用户”中将其删除。";"";""
"EXTRACTED/2770/0";"Version after rollback";"回滚后的版本";"";""
"EXTRACTED/2771/0";"Please select a time.";"请选择一个时间。";"";""
"EXTRACTED/2772/0";"Please select ";"请选择 ";"";""
"EXTRACTED/2773/0";"Are you sure you want to delete?";"您确定要删除吗？";"";""
"EXTRACTED/2774/0";"Search {{user}}";"搜索{{user}}";"";""
"EXTRACTED/2775/0";"Delete sub-admin";"删除二级管理员";"";""
"EXTRACTED/2776/0";"Are you sure you want to delete the sub-administrator? Users of this sub-organization will keep their authorization.";"您确定要删除该二级管理员吗？该子组织的用户将保留其授权。";"";""
"EXTRACTED/2777/0";"Actual licenses";"实际授权";"";""
"EXTRACTED/2778/0";"Extra licenses come from the main administrator. You can assign them to a sub-administrator.";"额外的授权来自主管理员。您可以将他们分配给二级管理员。";"";""
"EXTRACTED/2779/0";"{{num1}}(std),{{num2}}(biz)";"{{num1}}(std),{{num2}}(biz)";"";""
"EXTRACTED/2780/0";"Are you sure you want to delete this organizational unit? Users of this organizational unit will keep their authorization.";"您确定要删除该组织单位吗？该组织单位的用户将保留其授权。";"";""
"EXTRACTED/2781/0";"Are you sure you want to delete this organizational unit?";"您确定您想要删除该组织单位吗？";"";""
"EXTRACTED/2782/0";"Dissolve the company";"解散公司";"";""
"EXTRACTED/2783/0";"Dissolution of the enterprise will have the following effects, and this operation is irrevocable:";"企业解散将产生以下影响，并且该操作不可撤销：";"";""
"EXTRACTED/2784/0";"The organizational structure within the enterprise will be emptied, inaccessible, and unrecoverable. ";"企业内部的组织结构将被清空，无法访问且不可恢复。 ";"";""
"EXTRACTED/2785/0";"All teams and team data within the enterprise will be inaccessible and unrecoverable. ";"企业内的所有团队和团队数据将无法访问且不可恢复。 ";"";""
"EXTRACTED/2786/0";"The package rights and interests originally purchased by the enterprise will be deemed as abandoned.";"企业最初购买的全部权益将被视为已放弃。";"";""
"EXTRACTED/2787/0";"I have read about the risks of dissolving a business";"我已了解到解散业务的风险";"";""
"EXTRACTED/2788/0";"Dissolve";"解散";"";""
"EXTRACTED/2789/0";"We need to verify your account first, enter your email address and we will send the verification code to you.";"我们需要先验证您的账户，输入您的邮件地址，然后我们会将验证码发送给您。";"";""
"EXTRACTED/2790/0";"Resend code";"重新发送验证码";"";""
"EXTRACTED/2791/0";"({{second}}s)";"({{second}}秒)";"";""
"EXTRACTED/2792/0";"We have sent the verification code to your email, enter the code to verify your account.";"我们已将验证码发送到您的邮箱中，请输入验证码以验证您的账户。";"";""
"EXTRACTED/2793/0";"This user has joined another department of the organization.";"该用户已加入该组织的另一个部门。";"";""
"EXTRACTED/2794/0";"Foxit PDF Editor Pro Windows({{num}})";"福昕高级PDF编辑器专业版Windows版本（{{num}}）";"";""
"EXTRACTED/2795/0";"Foxit PDF Editor Windows({{num}})";"福昕高级PDF编辑器Windows版（{{num}}）";"";""
"EXTRACTED/2796/0";"Organizational unit was not found.";"没有找到该组织单元。";"";""
"EXTRACTED/2797/0";"Enterprise Foxit PDF Reader";"福昕阅读器企业版";"";""
"EXTRACTED/2798/0";"How long licenses can be used without connecting to the server. The maximum value is 60 days.";"没有连接到服务器的情况下，授权可以使用多长时间。最大值是60天。";"";""
"EXTRACTED/2799/0";"Allow users to use Foxit PDF Editor offline for:";"允许用户离线后使用福昕高级PDF编辑器：";"";""
"EXTRACTED/2800/0";"{{productName}} configuration";"{{productName}} 配置";"";""
"EXTRACTED/2801/0";"Foxit PDF Editor Cloud configuration";"福昕高级PDF编辑器网页版配置";"";""
"EXTRACTED/2802/0";"Return to list";"返回列表页";"";""
"EXTRACTED/2803/0";"No data";"无数据";"";""
"EXTRACTED/2804/0";"Some user licenses were removed successfully, but the following emails couldn";"成功删除了一些用户授权，但找不到以下电子邮件：{{emails}}";"";""
"EXTRACTED/2805/0";"Enterprise Customization";"企业定制";"";""
"EXTRACTED/2806/0";"Your Admin Console subscription has not expired.";"您的管理控制台订阅尚未过期。";"";""
"EXTRACTED/2807/0";"Company has been dissolved successfully";"公司解散成功";"";""
"EXTRACTED/2808/0";"Need Help?";"需要帮助？";"";""
"EXTRACTED/2809/0";"Create a Support Ticket";"创建一个支持请求";"";""
"EXTRACTED/2810/0";"Create a support ticket and our support team will answer you soon.";"创建一个支持请求，我们的客户团队将会很快答复您。";"";""
"EXTRACTED/2811/0";"Create a ticket";"创建一个请求";"";""
"EXTRACTED/2812/0";"View all reported issues";"查看报告的所有问题";"";""
"EXTRACTED/2813/0";"View all issues reported by the enterprise by searching time and keywords.";"通过搜索时间和关键字查看企业上报的所有问题。";"";""
"EXTRACTED/2814/0";"View issues";"查看问题";"";""
"EXTRACTED/2815/0";"Contact us";"联系我们";"";""
"EXTRACTED/2816/0";"For technical issues, account problems, etc.";"技术问题、账户问题等。";"";""
"EXTRACTED/2817/0";"Sales Inquiries";"销售咨询";"";""
"EXTRACTED/2818/0";"For purchases, quotes, partnerships.";"关于采购、报价、合作伙伴关系。";"";""
"EXTRACTED/2819/0";"Phone: {{phone}}";"电话：{{phone}}";"";""
"EXTRACTED/2820/0";"Sales: {{mail}}";"销售：{{mail}}";"";""
"EXTRACTED/2821/0";"Allow users to use Foxit PDF Editor when offline for:";"允许用户离线后使用福昕高级PDF编辑器：";"";""
"EXTRACTED/2822/0";"Automatic deactivation:";"自动停用：";"";""
"EXTRACTED/2823/0";"Foxit PDF Editor licenses will be revoked from users who haven";"一定时间不使用福昕高级PDF编辑器的用户授权将被吊销：";"";""
"EXTRACTED/2824/0";"Users who don";"一定时间不使用福昕高级PDF编辑器的用户授权将会被自动吊销。最小值为{{minday}}天。";"";""
"EXTRACTED/2825/0";"Remind users to use Foxit PDF Editor";"提醒用户在停用前";"";""
"EXTRACTED/2826/0";"days before deactivation.";"天使用福昕高级PDF编辑器。";"";""
"EXTRACTED/2827/0";"Send an email to notify the super admin, system admin, and setup admin after the user license is revoked.";"发送电子邮件通知超级管理员、系统管理员和设置管理员，告知用户许可证已被撤销。";"";""
"EXTRACTED/2828/0";"Minimum value is {{minday}} days.";"最小值为{{minday}}天。";"";""
"EXTRACTED/2829/0";"Automatic deactivation settings have been saved.";"自动停用设置已保存。";"";""
"EXTRACTED/2830/0";"Connection successful";"连接成功";"";""
"EXTRACTED/2831/0";"Connection failed";"连接失败";"";""
"EXTRACTED/2832/0";"Please select at least one";"请选择至少一个";"";""
"EXTRACTED/2833/0";"Storage properties saved successfully";"存储属性保存成功";"";""
"EXTRACTED/2834/0";"The access settings saved successfully.";"访问设置已成功保存。";"";""
"EXTRACTED/2835/0";"Advanced search";"高级搜索";"";""
"EXTRACTED/2836/0";"Purchase Time";"购买时间";"";""
"EXTRACTED/2837/0";"Expired Time";"过期时间";"";""
"EXTRACTED/2838/0";"Search company name";"搜索公司名称";"";""
"EXTRACTED/2839/0";"Total company: {{num}}";"全部公司：{{num}}";"";""
"EXTRACTED/2840/0";"Company name";"公司名称";"";""
"EXTRACTED/2841/0";"Purchased Products";"购买的产品";"";""
"EXTRACTED/2842/0";"Major Version";"大版本";"";""
"EXTRACTED/2843/0";"Minor Version";"小版本";"";""
"EXTRACTED/2844/0";"Maintenance Version";"维护版本";"";""
"EXTRACTED/2845/0";"Security Version";"安全版本";"";""
"EXTRACTED/2846/0";"Select All";"全选";"";""
"EXTRACTED/2847/0";"User info";"用户信息";"";""
"EXTRACTED/2848/0";"Foxit eSign <span style=";"福昕电子签章<span style='font-style:italic'> 用户模式 </span>";"";""
"EXTRACTED/2849/0";"The maximum number of devices allowed to activate {{product}} is {{num}}.";"允许激活{{product}}的设备的最大数量是{{num}}。";"";""
"EXTRACTED/2850/0";"View License list";"查看授权列表";"";""
"EXTRACTED/2851/0";"Search result ({{num}})";"搜索结果({{num}})";"";""
"EXTRACTED/2852/0";"Roll back Foxit PDF Reader Mac versions";"回滚福昕阅读器Mac版本";"";""
"EXTRACTED/2853/0";"Roll back Foxit PDF Editor Mac versions";"回滚福昕高级PDF编辑器Mac版本";"";""
"EXTRACTED/2854/0";"Enterprise name";"企业名称";"";""
"EXTRACTED/2855/0";"Password settings";"密码设置";"";""
"EXTRACTED/2856/0";"Current password";"当前密码";"";""
"EXTRACTED/2857/0";"New password";"新密码";"";""
"EXTRACTED/2858/0";"Confirm password";"确认密码";"";""
"EXTRACTED/2859/0";"Dissolve company";"解散公司";"";""
"EXTRACTED/2860/0";"User Model";"用户模式";"";""
"EXTRACTED/2861/0";"Envelope Model";"信封模式";"";""
"EXTRACTED/2862/0";"Search User Name";"搜索用户名";"";""
"EXTRACTED/2863/0";"<div>No email server has been set. You can configure the mail servers for</div><div>the Admin Console to send emails.</div>";"<div>尚未设置电子邮件服务器。 您可以为</div> <div>管理控制台配置邮件服务器以发送电子邮件。</div>";"";""
"EXTRACTED/2864/0";"Configure";"配置";"";""
"EXTRACTED/2865/0";"You need to test your email configuration before saving it.";"您需要先测试电子邮件配置情况，然后再保存。";"";""
"EXTRACTED/2866/0";"Search package name";"搜索软件包名称";"";""
"EXTRACTED/2867/0";"Search group name";"搜索组名称";"";""
"EXTRACTED/2868/0";"Search Domain";"搜索域名";"";""
"EXTRACTED/2869/0";"Server Name";"服务器名称";"";""
"EXTRACTED/2870/0";"Agreement";"协议";"";""
"EXTRACTED/2871/0";"Subject Prefix";"主题前缀";"";""
"EXTRACTED/2872/0";"Sender Name";"发件人名称";"";""
"EXTRACTED/2873/0";"Search user name or email";"搜索用户名或邮件地址";"";""
"EXTRACTED/2874/0";"Choose admin role";"选择管理员角色";"";""
"EXTRACTED/2875/0";"Check";"选中";"";""
"EXTRACTED/2876/0";"Previous";"上一步";"";""
"EXTRACTED/2877/0";"Add an admin";"添加管理员";"";""
"EXTRACTED/2878/0";"Type a user name or email address to add a user here:";"在这里输入用户名或邮件地址以添加用户：";"";""
"EXTRACTED/2879/0";"A System Administrator manages the entire Admin Console and can assign other administrators.";"系统管理员可以管理整个管理控制台，并可以分配其他管理员。";"";""
"EXTRACTED/2880/0";"A Product Administrator manages a product and user licenses for that product.";"产品管理员管理产品和该产品的授权许可。";"";""
"EXTRACTED/2881/0";"A User&Group Administrator owns a user group/organization and manages access rights for those users.";"用户&组管理员拥有一个用户组/组织并管理其他用户的访问权限。";"";""
"EXTRACTED/2882/0";"A Deployment Administrator is responsible for software updates.";"部署管理员负责软件更新。";"";""
"EXTRACTED/2883/0";"A Configuration Administrator is responsible for general settings.";"配置管理员负责通用设置。";"";""
"EXTRACTED/2884/0";"Select users:";"选择用户：";"";""
"EXTRACTED/2885/0";"Specific user(s)";"特定用户";"";""
"EXTRACTED/2886/0";"License quantity:";"授权数量：";"";""
"EXTRACTED/2887/0";"Please select at least one product.";"请选择至少一个产品！";"";""
"EXTRACTED/2888/0";"Super system admin";"超级系统管理员";"";""
"EXTRACTED/2889/0";"Product admin";"产品管理员";"";""
"EXTRACTED/2890/0";"System admin";"系统管理员";"";""
"EXTRACTED/2891/0";"Deployment admin";"部署管理员";"";""
"EXTRACTED/2892/0";"User&Group admin";"用户&组管理员";"";""
"EXTRACTED/2893/0";"Configuration admin";"配置管理员";"";""
"EXTRACTED/2894/0";"Foxit eSign User Model";"福昕电子签章用户模式";"";""
"EXTRACTED/2895/0";"Foxit eSign Envelope Model";"福昕电子签章信封模式";"";""
"EXTRACTED/2896/0";"View unsynced users";"查看未同步的用户";"";""
"EXTRACTED/2897/0";"View synchronized users";"查看已同步的用户";"";""
"EXTRACTED/2898/0";"Enter the email address of the user to transfer admin privileges to. Your access will be revoked. All your Super Admin roles across all Foxit Admin Consoles and any individual subscriptions will be transferred to this user.";"输入要转移管理员权限的用户的电子邮件地址。您的访问权限将被撤销。您在所有福昕管理控制台及任何个人订阅中的超级管理员角色将全部转移给此用户。";"";""
"EXTRACTED/2899/0";"Transfer";"转换";"";""
"EXTRACTED/2900/0";"Do you want to transfer administrator privileges to {{email}}? This action is irreversible.";"您确定要将管理员权限转移给{{email}}吗？此操作不可撤消。";"";""
"EXTRACTED/2901/0";"The email to be transferred is a third-party account, please confirm whether it has the password of Foxit system. If not, please use the \";"需要转移的邮件是第三方账号，请确认其是否有福昕系统的密码。如果没有，请使用“忘记密码”功能设置福昕密码。";"";""
"EXTRACTED/2902/0";"All Status";"全部状态";"";""
"EXTRACTED/2903/0";"All Products";"全部产品";"";""
"EXTRACTED/2904/0";"Add users with CSV file";"使用CSV文件添加用户";"";""
"EXTRACTED/2905/0";"Upload the CSV file to add users. You can download the sample CSV file to fill the table first. You can also assign licenses to users while inviting them.";"上传CSV文件以添加用户。您可以先下载示例CSV文件来填充表格。您也可以在邀请用户的同时为他们分配授权。";"";""
"EXTRACTED/2906/0";"Drag and drop a CSV file here, or <span style=";"拖放一个CSV文件到这里，或者 <span style='color: #f58320;cursor: pointer;'>浏览</span>";"";""
"EXTRACTED/2907/0";"The system is adding users, results will be shown in <span style=";"系统正在添加用户，结果将会显示在<span style='color: #f58320;'>“批量操作结果”</span>中。";"";""
"EXTRACTED/2908/0";"What do you need to know?";"您想要知道什么？";"";""
"EXTRACTED/2909/0";"If you set up LDAP and your email address is in the LDAP system, your account will be replaced with the LDAP account.";"如果您设置了LDAP，并且您的邮件地址在LDAP系统中，那么您的账户将被替换为LDAP账户。";"";""
"EXTRACTED/2910/0";"If you set up SAML 2.0 and your email address is in the SAML 2.0 system, your account will be replaced with the SAML 2.0 account.";"如果您设置了SAML 2.0，并且您的邮件地址在SAML 2.0系统中，您的账户将被SAML账户替换。";"";""
"EXTRACTED/2911/0";"Search for directory";"搜索目录";"";""
"EXTRACTED/2912/0";"The table below shows the user directories currently configured in the Admin Console. The order of the directories is the order in which they will be searched for users and groups. Changes to users and groups will be made in the first directory where Admin Console has permission to make changes. If possible, it is recommended that each user exists only in a single directory.";"下表显示了管理控制台中当前配置的用户目录。目录的顺序是在目录中搜索用户和组的顺序。对用户和组的更改将在管理控制台具有更改权限的第一个目录中进行。如果可能的话，建议每个用户仅存在于一个目录中。";"";""
"EXTRACTED/2913/0";"The number of licenses available for this product is insufficient.";"该产品可用的授权数量不足。";"";""
"EXTRACTED/2914/0";"Assigned Licenses:";"分配的授权:";"";""
"EXTRACTED/2915/0";"Please confirm whether to change the organizational structure? If you change the organizational structure, the quota values of {{ouName1}} and {{ouName2}} will be cleared.";"请确认是否更改组织架构？如果更改组织结构，{{ouName1}}和{{ouName2}}的配额值将被清除。";"";""
"EXTRACTED/2916/0";"A user(s) you selected already belongs to {{orgname}}";"您所选择的某个用户已经在{{orgname}}组织中了";"";""
"EXTRACTED/2917/0";"Your invitation is processing. This list will be updated in 5 seconds.";"您的邀请任务正在处理。列表将在5秒后进行更新。";"";""
"EXTRACTED/2918/0";"Your invitation is processing. Please wait a moment.";"您的邀请正在处理。请稍等。";"";""
"EXTRACTED/2919/0";"Task execution failed. Please try again later.";"任务执行失败。请稍后重试。";"";""
"EXTRACTED/2920/0";"All users have been successfully added.";"所有用户已成功添加。";"";""
"EXTRACTED/2921/0";"Your invitation failed. Please try again.";"您的邀请失败了。请重试。";"";""
"EXTRACTED/2922/0";"LDAP Department";"LDAP部门";"";""
"EXTRACTED/2923/0";"There are no authorized users in this organization.";"该组织下没有可用于授权的用户。";"";""
"EXTRACTED/2924/0";"Group Membership Attribute";"组成员关系属性";"";""
"EXTRACTED/2925/0";"Total Envelopes";"信封总数";"";""
"EXTRACTED/2926/0";"The total number of Foxit eSign envelopes purchased by your organization.";"您的组织所购买的福昕电子签章信封的总数。";"";""
"EXTRACTED/2927/0";"The total number of Foxit eSign documents purchased by your organization.";"您的组织所购买的福昕电子签章文档的总数。";"";""
"EXTRACTED/2928/0";"The number of envelopes your organization has used.";"您的组织已使用的信封数。";"";""
"EXTRACTED/2929/0";"Envelopes quantity:";"信封数量：";"";""
"EXTRACTED/2930/0";"eSign Envelope";"电子签章信封";"";""
"EXTRACTED/2931/0";"User Management";"用户管理";"";""
"EXTRACTED/2932/0";"Used envelopes";"已使用的信封数量";"";""
"EXTRACTED/2933/0";"Log Cleanup Settings";"日志清理设置";"";""
"EXTRACTED/2934/0";"Log auto-cleanup:";"自动清理日志：";"";""
"EXTRACTED/2935/0";"Turn Off";"关闭";"";""
"EXTRACTED/2936/0";"Turn On";"打开";"";""
"EXTRACTED/2937/0";"Automatically remove logs older than a designated period.";"自动删除超过指定时间的旧日志。";"";""
"EXTRACTED/2938/0";"log data";"日志数据";"";""
"EXTRACTED/2939/0";"{{day}} days";"{{day}} 天";"";""
"EXTRACTED/2940/0";"Please select the access time.";"请选择访问时间。";"";""
"EXTRACTED/2941/0";"Resend Invitation";"重新发送邀请";"";""
"EXTRACTED/2942/0";"Invitation resent successfully.";"邀请已重新发送成功。";"";""
"EXTRACTED/2943/0";"Delete multiple users";"删除多个用户";"";""
"EXTRACTED/2944/0";"Are you sure you want to delete these users?";"您确定要删除这些用户吗？";"";""
"EXTRACTED/2945/0";"Admin Console is being initialized. Please wait a few minutes.";"管理控制台正在初始化。请等待几分钟。";"";""
"EXTRACTED/2946/0";"Initialization failed.";"初始化失败!";"";""
"EXTRACTED/2947/0";"We created the admin console for your organization. The admin console gives you more visibility and control across Foxit products and user accounts. Follow these steps below to  initialize the Admin Console:";"我们为您的组织创建了管理控制台。通过管理控制台，您可以更好地查看并控制福昕产品和用户账户。请按照以下步骤初始化管理控制台：";"";""
"EXTRACTED/2948/0";"Step 1";"步骤1";"";""
"EXTRACTED/2949/0";"Step 2";"步骤2";"";""
"EXTRACTED/2950/0";"Choose one way to activate Licenses";"选择一种激活授权的方式";"";""
"EXTRACTED/2951/0";"Choose one way to manage users";"选择一种管理用户的方式";"";""
"EXTRACTED/2952/0";"Admin Console initialization completed!";"管理控制台初始化完成！";"";""
"EXTRACTED/2953/0";"Time to get started!";"就此开启！";"";""
"EXTRACTED/2954/0";"Set a directory for your user accounts here.";"在这里设置您的用户账户目录。";"";""
"EXTRACTED/2955/0";"You can view and manage all of your users here.";"您可以在这里查看和管理您所有的用户。";"";""
"EXTRACTED/2956/0";"You can manage and view update packages here.";"您可以在这里管理和查看更新包。";"";""
"EXTRACTED/2957/0";"You can choose to manage the users in your company with LDAP or SAML here.";"您可以在此处选择使用LDAP或SAML管理企业中的用户。";"";""
"EXTRACTED/2958/0";"We created the admin console for your organization. The admin console gives you more visibility and control across Foxit products and user accounts.";"我们为您的组织创建了管理控制台。通过管理控制台，您可以更好地查看并控制福昕产品和用户账户。";"";""
"EXTRACTED/2959/0";"Internal update configuration";"内部更新配置";"";""
"EXTRACTED/2960/0";"Initialize the Admin Console";"初始化管理控制台";"";""
"EXTRACTED/2961/0";"Upload a CSV file of users to have permissions revoked. You can also download the sample CSV file to see the appropriate format.";"上传需要被撤销权限的用户的CSV文件。您还可以下载CSV示例文件查看正确的格式。";"";""
"EXTRACTED/2962/0";"Drag or drop CSV file here, or <span>browse</span>";"拖放一个CSV文件到这里，或者<span style='color: #f58320;cursor: pointer;'>浏览</span>";"";""
"EXTRACTED/2963/0";"Reupload";"重新上传";"";""
"EXTRACTED/2964/0";"User name is required.";"用户名是必需的。";"";""
"EXTRACTED/2965/0";"Key file must be smaller than 2M.";"授权文件必须小于2M。";"";""
"EXTRACTED/2966/0";"foxit";"福昕";"";""
"EXTRACTED/2967/0";"Department Information is required.";"部门信息是必需的。";"";""
"EXTRACTED/2968/0";"The system is removing users, the result will show in <span style=";"系统正在移除用户，结果将会显示在<span style='color: #f58320;'>移除授权->批量操作结果</span>中。";"";""
"EXTRACTED/2969/0";"Removing licenses failed. Please try again.";"移除授权失败。请重试。";"";""
"EXTRACTED/2970/0";"All users have had their licenses removed successfully.";"所有用户的授权都已成功移除了。";"";""
"EXTRACTED/2971/0";"Remove licenses task is still processing, please wait a moment.";"移除授权的任务正在处理，请稍等。";"";""
"EXTRACTED/2972/0";"No licenses have been removed.";"没有移除任何授权。";"";""
"EXTRACTED/2973/0";"Every hour";"每小时";"";""
"EXTRACTED/2974/0";"Auto synchronize every hour";"每小时自动同步";"";""
"EXTRACTED/2975/0";"Upload a CSV file to add users. You can download the sample CSV file for an example of the format.";"上传 CSV 文件以添加用户。您可以下载示例 CSV 文件以获取格式示例。";"";""
"EXTRACTED/2976/0";"Foxit Order Number";"福昕订单号";"";""
"EXTRACTED/2977/0";"Get Order ID";"获取订单ID";"";""
"EXTRACTED/2978/0";"Failed to retrieve the Order ID, please try again later．";"无法检索订单ID，请稍后重试。";"";""
"EXTRACTED/2979/0";"Customize Tag";"自定义标签";"";""
"EXTRACTED/2980/0";"Custom Tag";"自定义标签";"";""
"EXTRACTED/2981/0";"Maintenance Expiry Date";"维护过期日期";"";""
"EXTRACTED/2982/0";"Your maintenance is about to expire. Please contact Foxit or you will not be able to upgrade to new major versions.";"您的维护即将过期。请联系福昕（Foxit）销售，否则您将无法升级到新的主版本。";"";""
"EXTRACTED/2983/0";"If your maintenance has expired, please contact Foxit or you will not be able to upgrade to new major versions.";"如果您的维护已过期，请联系福昕，否则您将无法升级到新的主版本。";"";""
"EXTRACTED/2984/0";"example-file";"范例文件";"";""
"EXTRACTED/2985/0";"Import user templates";"导入用户模板";"";""
"EXTRACTED/2986/0";"Edit data center template";"编辑数据中心模板";"";""
"EXTRACTED/2987/0";"Import authorization template";"导入授权模板";"";""
"EXTRACTED/2988/0";"Remove authorization template";"移除授权模板";"";""
"EXTRACTED/2989/0";"Your product is about to expire. Please contact Foxit to update your licenses.";"您的产品即将过期，请联系福昕（Foxit）销售人员更新授权。";"";""
"EXTRACTED/2990/0";"Please select users";"请选择用户";"";""
"EXTRACTED/2991/0";"You only need to assign one license to each user.";"您只需要为每个用户分配一个授权。";"";""
"EXTRACTED/2992/0";"Command Logs";"命令日志";"";""
"EXTRACTED/2993/0";"The product name does not match, please check and re-import.";"产品名不匹配，请检查后重新导入。";"";""
"EXTRACTED/2994/0";"Number of available users:";"可用用户的数量：";"";""
"EXTRACTED/2995/0";"Available Envelopes";"可用的信封";"";""
"EXTRACTED/2996/0";"Foxit eSign Enterprise users";"Foxit eSign Enterprise用户";"";""
"EXTRACTED/2997/0";"User accounts used";"已使用的用户账户";"";""
"EXTRACTED/2998/0";"eSign Envelopes used";"已使用的电子签章信封总数";"";""
"EXTRACTED/2999/0";"Total number of user";"用户总数";"";""
"EXTRACTED/3000/0";"Total number of users that can used {{product}}.";"可以使用{{product}}的用户总数。";"";""
"EXTRACTED/3001/0";"The total quota of text translations that your users have used.";"您的用户已使用的文本翻译的总配额。";"";""
"EXTRACTED/3002/0";"The total quota of page translations your users have used.";"您的用户已使用的页面翻译的总配额。";"";""
"EXTRACTED/3003/0";"Total number of envelopes that your users have used.";"您的用户使用的信封总数。";"";""
"EXTRACTED/3004/0";"Search Results";"搜索结果";"";""
"EXTRACTED/3005/0";"Select {{num}} users";"选择{{num}}个用户";"";""
"EXTRACTED/3006/0";"The system is assigning users. Results will be shown in <span style=";"系统正在分配用户。结果将会显示在<span style='color: #f58320;'>分配授权->批量操作结果</span>中。";"";""
"EXTRACTED/3007/0";"All users in the CSV file have been assigned licenses successfully.";"CSV文件中的所有用户都已成功分配了授权。";"";""
"EXTRACTED/3008/0";"Licenses are still being assigned, please wait a moment.";"分配授权的任务正在处理，请稍等。";"";""
"EXTRACTED/3009/0";"Assigning licenses failed. Please try again.";"分配授权失败。请重试。";"";""
"EXTRACTED/3010/0";"Licenses could not be assigned using this CSV file.";"无法使用此CSV文件分配授权。";"";""
"EXTRACTED/3011/0";"Ldap Name";"Ldap名称";"";""
"EXTRACTED/3012/0";"Number of total documents";"文档总数";"";""
"EXTRACTED/3013/0";"Total envelopes";"信封总数";"";""
"EXTRACTED/3014/0";"Enter User Name";"输入用户名";"";""
"EXTRACTED/3015/0";"Enter the user name of the user to transfer admin privileges to. Your admin access will be revoked.";"输入接收管理员权限的用户的用户名。您的管理员权限将被吊销。";"";""
"EXTRACTED/3016/0";"Template";"模板";"";""
"EXTRACTED/3017/0";"Choose a user";"选择用户";"";""
"EXTRACTED/3018/0";"Foxit Admin Console Administrator Guide";"福昕管理控制台管理员指南";"";""
"EXTRACTED/3019/0";"You can view or download the Foxit Admin Console administrator guide in PDF format.";"您可以查看或下载以PDF格式提供的福昕管理控制台管理员指南。";"";""
"EXTRACTED/3020/0";"View";"查看";"";""
"EXTRACTED/3021/0";"Authentication Settings";"身份验证设置";"";""
"EXTRACTED/3022/0";"Easiest for Users";"对用户最简";"";""
"EXTRACTED/3023/0";"Minimal number of Characters";"最少字符数";"";""
"EXTRACTED/3024/0";"Symbol & number";"符号 & 数字";"";""
"EXTRACTED/3025/0";"Lower & upper case characters";"小写和大写字符";"";""
"EXTRACTED/3026/0";"Expiration";"过期时间";"";""
"EXTRACTED/3027/0";"Current selection";"当前选择";"";""
"EXTRACTED/3028/0";"Are you sure you want to change to another mode?";"您确定要切换到其他模式吗？";"";""
"EXTRACTED/3029/0";"1 + of both";"至少各一个";"";""
"EXTRACTED/3030/0";"Never";"从不";"";""
"EXTRACTED/3031/0";"More Secure";"更安全";"";""
"EXTRACTED/3032/0";"Foxit PDF Editor Pro";"福昕高级PDF编辑器专业版";"";""
"EXTRACTED/3033/0";"All users have been assigned licenses successfully.";"所有用户均已成功分配授权。";"";""
"EXTRACTED/3034/0";"Relogin";"重新登录";"";""
"EXTRACTED/3035/0";"CSV with users";"用户CSV";"";""
"EXTRACTED/3036/0";"CSV with users and products";"用户和产品CSV";"";""
"EXTRACTED/3037/0";"Most Secure";"最安全";"";""
"EXTRACTED/3038/0";"Available Licenses";"可用授权";"";""
"EXTRACTED/3039/0";"The total number of users who have used any Foxit products on this day. The same user will be counted repeatedly for each different product they used.";"在当天使用任何福昕产品的用户总数。同一用户将根据他们使用的不同产品而重复计算。";"";""
"EXTRACTED/3040/0";"User licenses:<br/>The number of user licenses of all products you can assign / The total number of user licenses of all products you can assign";"用户授权：<br/>您可以分配的所有产品的用户授权数量/您可以分配的所有产品的用户授权总数";"";""
"EXTRACTED/3041/0";"User licenses used";"已使用的用户授权";"";""
"EXTRACTED/3042/0";"You need to configure a mail server to use this mode. Configure a mail server now?";"您需要配置邮件服务器后才能使用该模式。现在是否要配置邮件服务器？";"";""
"EXTRACTED/3043/0";"Insufficient licenses";"授权不足";"";""
"EXTRACTED/3044/0";"Number of devices allowed to log in";"允许登录的设备数量";"";""
"EXTRACTED/3045/0";"Invite users with a CSV file";"使用CSV文件邀请用户";"";""
"EXTRACTED/3046/0";"If you remove the license related to Foxit eSign, the ownership of the documents, templates and other assets attached to the removed users will be transferred to the super administrator.";"如果您移除了福昕电子签章相关的授权，被移除用户所附的文档、模板等资产的所有权将转移给超级管理员。";"";""
"EXTRACTED/3047/0";"Successfully deleted";"已成功删除";"";""
"EXTRACTED/3048/0";"All users have been successfully added to the group";"所有用户已成功添加到组";"";""
"EXTRACTED/3049/0";"Adding users";"正在添加用户";"";""
"EXTRACTED/3050/0";"Failed to add the user";"添加用户失败";"";""
"EXTRACTED/3051/0";"All users have been successfully added to the Organization";"所有用户已成功添加到组织";"";""
"EXTRACTED/3052/0";"Select all / Reverse";"全选 / 撤销";"";""
"EXTRACTED/3053/0";"PingOne Server";"PingOne 服务器";"";""
"EXTRACTED/3054/0";"The PingOne authentication server";"PingOne 认证服务器";"";""
"EXTRACTED/3055/0";"ApiPath";"ApiPath";"";""
"EXTRACTED/3056/0";"The regional domain for the PingOne server";"PingOne 服务器的地区域";"";""
"EXTRACTED/3057/0";"AuthPath";"AuthPath";"";""
"EXTRACTED/3058/0";"The domain for the PingOne authentication server";"PingOne认证服务器的域";"";""
"EXTRACTED/3059/0";"Client Secrets";"Client Secret";"";""
"EXTRACTED/3060/0";"A string that specifies the encrypted client secret";"指定加密客户端密钥的字符串";"";""
"EXTRACTED/3061/0";"Env ID";"Env ID";"";""
"EXTRACTED/3062/0";"The UUID of an environment resource. This ID identifies your current working domain within your organization";"环境资源的 UUID。此 ID 标识您在组织内的当前工作域";"";""
"EXTRACTED/3063/0";"North America region";"北美地区";"";""
"EXTRACTED/3064/0";"European Union region";"欧盟地区";"";""
"EXTRACTED/3065/0";"Asia-Pacific region";"亚太地区";"";""
"EXTRACTED/3066/0";"License Usage";"使用授权";"";""
"EXTRACTED/3067/0";"Historical Product";"历史产品";"";""
"EXTRACTED/3068/0";"Usage Details";"使用细节";"";""
"EXTRACTED/3069/0";"A total of {{num}}";"总共 {{num}}";"";""
"EXTRACTED/3070/0";"Your Admin Console has expired, please contact the super admin to update the license.";"您的管理控制台已过期，请联系超级管理员更新授权。";"";""
"EXTRACTED/3071/0";"License usage of organization";"组织的使用授权";"";""
"EXTRACTED/3072/0";"Available";"可用";"";""
"EXTRACTED/3073/0";"Unorganized users";"无组织的用户";"";""
"EXTRACTED/3074/0";"Ungrouped Users";"未分组用户";"";""
"EXTRACTED/3075/0";"Remove Licenses in Bulk";"批量删除授权";"";""
"EXTRACTED/3076/0";"No configurable products";"没有可配置的产品";"";""
"EXTRACTED/3077/0";"To the specific organization";"到特定组织";"";""
"EXTRACTED/3078/0";"To any organization";"到任何组织";"";""
"EXTRACTED/3079/0";"Upload a CSV file to add users to an organization. You can download the sample CSV file to see the format required.";"上传 CSV 文件以将用户添加到特定组织。您可以先下载示例 CSV 文件查看所需的格式。";"";""
"EXTRACTED/3080/0";"Upload a CSV file to add users to any organization. You can download the sample CSV file to see the format required.";"上传 CSV 文件以将用户添加到任何组织。您可以先下载示例 CSV 文件来查看所需的格式。";"";""
"EXTRACTED/3081/0";"Import with CSV";"用 CSV 导入";"";""
"EXTRACTED/3082/0";"User licenses:<br/>The number of user licenses of all products you have assigned.";"用户授权：<br/>您分配的所有产品的用户授权数。";"";""
"EXTRACTED/3083/0";"Please enter your first name.";"请输入您的姓氏。";"";""
"EXTRACTED/3084/0";"Please enter your last name.";"请输入您的名字。";"";""
"EXTRACTED/3085/0";"Learn more";"了解更多";"";""
"EXTRACTED/3086/0";"First name is required.";"姓氏是必需的。";"";""
"EXTRACTED/3087/0";"Last name is required.";"名字是必需的。";"";""
"EXTRACTED/3088/0";"2021 &copy Foxit Software Incorporated. All rights reserved.";"福昕软件。保留所有权利。";"";""
"EXTRACTED/3089/0";"Another task to add users is running. Please wait until the current task is finished.";"另一个添加用户的任务正在运行。请等待当前任务完成。";"";""
"EXTRACTED/3090/0";"User Activity";"用户活动";"";""
"EXTRACTED/3091/0";"This report only displays data up to the previous calendar day. Real-time or same-day data is not included.";"本报告仅显示截至前一自然日的数据，不含实时或当日数据。";"";""
"EXTRACTED/3092/0";"Inactive Period Threshold:";"非活动期阈值:";"";""
"EXTRACTED/3093/0";"Day(s)";"天数";"";""
"EXTRACTED/3094/0";"(e.g. {{num}})";"(例如 {{num}})";"";""
"EXTRACTED/3095/0";"User Name cannot be empty.";"用户名不能为空！";"";""
"EXTRACTED/3096/0";"First Name cannot be empty.";"姓氏不能为空！";"";""
"EXTRACTED/3097/0";"This record already exists.";"该记录已经存在。";"";""
"EXTRACTED/3098/0";"No mail server is configured, so passwords must be set manually. Please enter a password.";"当前没有配置邮件服务器，所以需要手动设置密码。请输入密码。";"";""
"EXTRACTED/3099/0";"Add User results";"添加用户结果";"";""
"EXTRACTED/3100/0";"Add with CSV";"使用CSV添加";"";""
"EXTRACTED/3101/0";"No data here, please add";"这里没有数据，请添加";"";""
"EXTRACTED/3102/0";"Email accounts must be separated by semicolons.";"邮箱账户需要用分号进行间隔。";"";""
"EXTRACTED/3103/0";"All Models";"所有模式";"";""
"EXTRACTED/3104/0";"Automatic authorization";"自动授权";"";""
"EXTRACTED/3105/0";"License recycling";"授权回收";"";""
"EXTRACTED/3106/0";"If license recycling is enabled, users will have their license automatically revoked when they sign out of or close the Windows Editor. If disabled, licenses will not be automatically revoked.";"如果启用授权回收，用户在注销或关闭 Windows 编辑器时，其授权将被自动撤销。如果禁用，授权将不会被自动撤销。";"";""
"EXTRACTED/3107/0";"Set authorization order";"设置授权顺序";"";""
"EXTRACTED/3108/0";"You can adjust the order in which clients will attempt to obtain authorization below.";"您可以在下方调整客户端尝试获取授权的顺序。";"";""
"EXTRACTED/3109/0";"Authorization Mode Configuration";"授权模式配置";"";""
"EXTRACTED/3110/0";"General Configuration";"常规配置";"";""
"EXTRACTED/3111/0";"Affected products:";"影响的产品：";"";""
"EXTRACTED/3112/0";"AI service configuration";"AI服务配置";"";""
"EXTRACTED/3113/0";"On-Premises AI Service URL:";"私有化部署的AI服务URL:";"";""
"EXTRACTED/3114/0";"Online Office Service Configuration";"在线Office 服务配置";"";""
"EXTRACTED/3115/0";"Online Office Private Deployment URL:";"在线Office私有化部署的URL:";"";""
"EXTRACTED/3116/0";"Validate";"验证";"";""
"EXTRACTED/3117/0";"Supports HTTP and HTTPS protocols";"支持 HTTP、HTTPS 协议";"";""
"EXTRACTED/3118/0";"Verification successful";"验证成功";"";""
"EXTRACTED/3119/0";"Validation failed, please re-enter";"验证失败，请重新输入";"";""
"EXTRACTED/3120/0";"Invalid URL format, please re-enter";"URL格式无效，请重新输入。";"";""
"EXTRACTED/3121/0";"Validation failed, please try again";"验证失败，请重试";"";""
"EXTRACTED/3122/0";"Foxit PDF Editor Mac configuration";"福昕高级PDF编辑器Mac版配置";"";""
"EXTRACTED/3123/0";"You do not have permission to enable the license recycling function.";"您没有权限启用授权回收功能。";"";""
"EXTRACTED/3124/0";"Active Status";"活动状态";"";""
"EXTRACTED/3125/0";"OneLogin";"OneLogin";"";""
"EXTRACTED/3126/0";"Client ID";"Client ID";"";""
"EXTRACTED/3127/0";"Public key, issued by OneLogin. It must be recorded by your app and passed with each request for an access token.";"公钥，由OneLogin颁发。它必须由您的应用程序记录并与每个访问令牌请求一起传递。";"";""
"EXTRACTED/3128/0";"Client Secret";"客户端密码";"";""
"EXTRACTED/3129/0";"Private key, used by the client to exchange an authorization code for a JWT token. ";"私钥，客户端用来交换JWT令牌的授权代码。 ";"";""
"EXTRACTED/3130/0";"LDAPTIVE Domain";"LDAPTIVE 域";"";""
"EXTRACTED/3131/0";"Customer ID";"客户 ID";"";""
"EXTRACTED/3132/0";"The Customer ID assigned by CyberArk.";"CyberArk 分配的客户 ID。";"";""
"EXTRACTED/3133/0";"Admin Email";"管理员电子邮件";"";""
"EXTRACTED/3134/0";"The admin email of CyberArk account.";"CyberArk 账户的管理员邮箱。";"";""
"EXTRACTED/3135/0";"Admin Password";"管理员密码";"";""
"EXTRACTED/3136/0";"The admin password of CyberArk account.";"CyberArk 账户的管理员密码。";"";""
"EXTRACTED/3137/0";"Organizations can be used to structure your users hierarchically. If you do not need a complex structure, you can use Groups instead.";"组织可以用层次结构来构建用户。如果不需要复杂的结构，请使用“组”。";"";""
"EXTRACTED/3138/0";"Groups organize users for license management and are managed in Admin Console. For hierarchical structure, use Customize Organization.";"组用于用户的许可管理，并在管理控制台中管理。对于层级结构，请使用自定义组织。";"";""
"EXTRACTED/3139/0";"Number Of Users";"用户数";"";""
"EXTRACTED/3140/0";"Synced Users Number";"同步用户数量";"";""
"EXTRACTED/3141/0";"Synced from an identity provider. For manual SSO sync, click \";"已从身份提供者同步。对于手动SSO同步，请在目录设置中点击“同步”以更新。";"";""
"EXTRACTED/3142/0";"Assigned Users Number";"分配用户数量";"";""
"EXTRACTED/3143/0";"Users manually added in Admin Console, including synced users and invited users.";"用户手动添加于管理控制台，包括同步用户和邀请用户。";"";""
"EXTRACTED/3144/0";"If you do not assign license, user will not be authorized.";"如果您未分配授权，用户将不被授权。";"";""
"EXTRACTED/3145/0";"The address(es) \";"“{{email}}”所在地区与您的企业不匹配，因此无法邀请他们。";"";""
"EXTRACTED/3146/0";"One or more users";"一个或多个用户所在的地区与您的企业不匹配。";"";""
"EXTRACTED/3147/0";"Managed users";"管理用户";"";""
"EXTRACTED/3148/0";"No Products";"无产品";"";""
"EXTRACTED/3149/0";"Switch language";"切换语言";"";""
"EXTRACTED/3150/0";"We detected that your service is from {{usercontry}}. Do you want to switch to {{lang}}?";"我们检测到您的服务来自{{usercontry}}。您是否想要切换到{{lang}}？";"";""
"EXTRACTED/3151/0";"Set expiration time";"设置过期时间";"";""
"EXTRACTED/3152/0";"License will expire on: ";"授权过期时间： ";"";""
"EXTRACTED/3153/0";"License usage of group";"组的使用授权";"";""
"EXTRACTED/3154/0";"Device ID";"设备 ID";"";""
"EXTRACTED/3155/0";"Foxit PDF Editor Mobile Configuration";"福昕高级PDF编辑器移动版配置";"";""
"EXTRACTED/3156/0";"Some changes have not been saved. Do you need to save?";"某些更改尚未保存。您是否需要保存？";"";""
"EXTRACTED/3157/0";"Do not save";"不保存";"";""
"EXTRACTED/3158/0";"Save changes";"保存更改";"";""
"EXTRACTED/3159/0";"Bill contact";"账单联系人";"";""
"EXTRACTED/3160/0";"Specify a person who receives emails for all billing-related events on the account. Using semicolons (;) to separate when typing more email addresses. Please note that there may be a delay in updating the information. ";"指定负责接收账户上所有计费相关事件电子邮件的人员。键入多个电子邮件地址时使用分号(;)分隔。请注意，信息更新可能会有所延迟。 ";"";""
"EXTRACTED/3161/0";"Technical contact";"技术联系人";"";""
"EXTRACTED/3162/0";"Specify a person who provides support within your organization, this field appears in some emails sent to users, so that they can contact support when encountering issues. Using semicolons (;) to separate when typing more email addresses.  Please note that there may be a delay in updating the information. ";"指定在组织内提供支持的人员，此信息会出现在发送给用户的一些电子邮件中，以便他们在遇到问题时可以联系支持人员。键入多个电子邮件地址时使用分号(;)分隔。请注意，信息更新可能会有所延迟。 ";"";""
"EXTRACTED/3163/0";"Foxit PDF Editor for iOS";"福昕高级PDF编辑器（iOS）";"";""
"EXTRACTED/3164/0";"Foxit PDF Editor for Android";"福昕高级PDF编辑器（Android）";"";""
"EXTRACTED/3165/0";"Set Quota";"设置配额";"";""
"EXTRACTED/3166/0";"You can design your licenses distribution plan on this page. Assign licenses to different organizations by entering appropriate quota values. ";"您可以在此页中设计您的授权分发计划。通过输入适当的配额值将授权分配给不同的组织。 ";"";""
"EXTRACTED/3167/0";"License Quantity";"授权数量";"";""
"EXTRACTED/3168/0";"License Users";"授权用户";"";""
"EXTRACTED/3169/0";"Quota";"配额";"";""
"EXTRACTED/3170/0";"Subtotal:";"小计：";"";""
"EXTRACTED/3171/0";"Licenses of {{product}} are not enough, please redistribute. ";"{{product}}的授权不足，请重新分发。 ";"";""
"EXTRACTED/3172/0";"Allow product administrators to configure product";"允许产品管理员配置产品";"";""
"EXTRACTED/3173/0";"License quota is now set in <span>License Management</span> > <span>Set Quota</span>, where control how many licenses are assigned to an OU.";"授权配额现已在<span>授权管理</span> > <span>设置配额</span>中配置，用于控制分配给OU的授权数量。";"";""
"EXTRACTED/3174/0";"LDAP";"LDAP";"";""
"EXTRACTED/3175/0";"SAML 2.0";"SAML 2.0";"";""
"EXTRACTED/3176/0";"You are selecting {{SSO}}, please note that this action cannot be undone. Are you sure you want to take this action? If yes, please click on OK to continue.";"您正在选择{{SSO}}，请注意此操作无法撤销。您确定要执行此操作吗？如果是，请单击“确定”继续。";"";""
"EXTRACTED/3177/0";"Managed Products";"管理产品";"";""
"EXTRACTED/3178/0";"No Users";"无用户";"";""
"EXTRACTED/3179/0";"Modify the default message of system";"修改系统默认消息";"";""
"EXTRACTED/3180/0";"More Settings";"更多设置";"";""
"EXTRACTED/3181/0";"Reset quota";"重置配额";"";""
"EXTRACTED/3182/0";"Users will receive email notifications from Foxit Admin Console when their licenses have been updated.";"当用户的授权更新后，用户将收到来自福昕管理控制台的邮件通知。";"";""
"EXTRACTED/3183/0";"Users will receive email notifications from Foxit Admin Console when their licenses have been revoked.";"当用户的授权被吊销时，用户将收到来自福昕管理控制台的邮件通知。";"";""
"EXTRACTED/3184/0";"Customize email contents:";"自定义电子邮件内容：";"";""
"EXTRACTED/3185/0";"Email Subject";"电子邮件主题";"";""
"EXTRACTED/3186/0";"Your organization";"您的组织管理员已更新您的福昕授权";"";""
"EXTRACTED/3187/0";"User will receive email notifications from Foxit Admin Console when their licenses has been updated.";"当用户的授权更新后，用户将收到来自福昕管理控制台的邮件通知。";"";""
"EXTRACTED/3188/0";"Your organization administrator has revoked your Foxit licenses";"您的组织管理员已吊销您的福昕授权";"";""
"EXTRACTED/3189/0";"User will receive email notifications from Foxit Admin Console when their licenses has been revoked.";"当用户的授权被吊销时，用户将收到来自福昕管理控制台的邮件通知。";"";""
"EXTRACTED/3190/0";"Edit message";"编辑消息";"";""
"EXTRACTED/3191/0";"The parameters in the email cannot be modified or deleted and it";"邮件中的参数不能修改或删除，说明如下：";"";""
"EXTRACTED/3192/0";"Contents";"内容";"";""
"EXTRACTED/3193/0";"Reset default message";"重置默认信息";"";""
"EXTRACTED/3194/0";"Manage eSign users";"管理电子签章用户";"";""
"EXTRACTED/3195/0";"Personal";"个人";"";""
"EXTRACTED/3196/0";"Privacy and Security";"隐私和安全";"";""
"EXTRACTED/3197/0";"Here you can manage privacy and security settings for Admin Console.";"您可以在此处进行管理控制台的隐私和安全设置。";"";""
"EXTRACTED/3198/0";"Account Assumption";"福昕支持团队账号授权";"";""
"EXTRACTED/3199/0";"To assist with support issues, you may grant Foxit Support the ability to login as you and access your data.";"为协助处理支持问题，您可以授予福昕支持团队以您的身份登录并访问您的数据的权限。";"";""
"EXTRACTED/3200/0";"Current Status:";"当前状态:";"";""
"EXTRACTED/3201/0";"Modify";"修改";"";""
"EXTRACTED/3202/0";"Access time:";"访问时间：";"";""
"EXTRACTED/3203/0";"Select Access time";"选择访问时间";"";""
"EXTRACTED/3204/0";"Access will be automatically revoked after expiration.";"访问权限将在过期后自动撤销。";"";""
"EXTRACTED/3205/0";"Set up successfully";"设置成功";"";""
"EXTRACTED/3206/0";"The current page has been modified, do you want to save before you leave?";"当前页面已修改，您是否要在离开前保存？";"";""
"EXTRACTED/3207/0";"Save setting";"保存设置";"";""
"EXTRACTED/3208/0";"Scheduled Maintenance Notification";"定期维护通知";"";""
"EXTRACTED/3209/0";" Foxit eSign Enterprise is performing scheduled maintenance. The service cannot be visited during this period. We sincerely apologize for any inconvenience.";" Foxit eSign Enterprise正在进行定期维护。在此期间不能访问该服务。不便之处，谨致歉意。";"";""
"EXTRACTED/3210/0";"What";"最近更新";"";""
"EXTRACTED/3211/0";"You can view the what";"您可以查看新功能。";"";""
"EXTRACTED/3212/0";"New features";"新功能";"";""
"EXTRACTED/3213/0";"Resolved issues";"已解决的问题";"";""
"EXTRACTED/3214/0";"There are {{days}} days left in trial. Please visit Foxit Website for more licenses.";"试用期还剩{{days}}天。请访问福昕网站获取更多授权。";"";""
"EXTRACTED/3215/0";"Buy Now";"立即购买";"";""
"EXTRACTED/3216/0";"Days left in trial";"试用剩余天数";"";""
"EXTRACTED/3217/0";"Your {{days}}-day free trial has expired. Please visit Foxit Website for more licenses.";"您的{{days}}天免费试用已过期。请访问福昕网站获取更多授权。";"";""
"EXTRACTED/3218/0";"Purchase";"购买";"";""
"EXTRACTED/3219/0";"Please input subject";"请输入主题";"";""
"EXTRACTED/3220/0";"Please input contents";"请输入内容";"";""
"EXTRACTED/3221/0";"Users removed from the directory will remain in the Removed Users list, will not be re-synced automatically, will have their licenses revoked, and will no longer be able to access Foxit products. Are you sure you want to remove this user?";"从目录中移除的用户将保留在已移除用户列表中，不会被自动重新同步，其许可证将被撤销，且将无法再访问福昕产品。您确定要移除此用户吗？";"";""
"EXTRACTED/3222/0";"Synchronized users";"已同步用户";"";""
"EXTRACTED/3223/0";"Removed Users";"已删除用户";"";""
"EXTRACTED/3224/0";"Restore";"还原";"";""
"EXTRACTED/3225/0";"The removed user will be restored to the directory list. You can reassign a license to this user. ";"已删除的用户将恢复到目录列表。您可以重新分配授权给该用户。 ";"";""
"EXTRACTED/3226/0";"Directory Sync";"目录同步";"";""
"EXTRACTED/3227/0";"Set up sync";"设置同步";"";""
"EXTRACTED/3228/0";"Set up and configure sync from supported identity providers.";"从受支持的身份提供程序设置和配置同步。";"";""
"EXTRACTED/3229/0";"Add directory sync";"添加目录同步";"";""
"EXTRACTED/3230/0";"Select the source";"选择源";"";""
"EXTRACTED/3231/0";"Sync configuration";"同步配置";"";""
"EXTRACTED/3232/0";"Select the source that your organization would like to sync users and user groups from.";"选择组织希望从其中同步用户和用户组的源。";"";""
"EXTRACTED/3233/0";"Select this option if you are using Microsoft Microsoft Entra ID for storing your users and user groups.";"如果您使用 Microsoft Microsoft Entra ID 来存储您的用户和用户组，请选择此选项。";"";""
"EXTRACTED/3234/0";"Sync users and groups from Microsoft Entra ID";"从 Microsoft Entra ID 同步用户和组";"";""
"EXTRACTED/3235/0";"Step 1: Login to Microsoft Entra ID.";"步骤 1: 登录到 Microsoft Entra ID。";"";""
"EXTRACTED/3236/0";"Step {{num}}: Authorize and set up user provisioning in Microsoft Entra ID";"步骤 {{num}}: 授权并在 Microsoft Entra ID 中设置用户配置";"";""
"EXTRACTED/3237/0";"Follow the steps below to configure the Microsoft Entra ID provisioning service.<br/>1.Access the enterprise application you created for SSO and click to get started.<br/>2.Set the \";"按照以下步骤配置Microsoft Entra ID供应服务。<br/>1.访问您为SSO创建的企业应用程序并点击开始。<br/>2.将“配置模式”设置为“自动”。<br/>3.复制并粘贴以下“租户URL”和“密钥令牌”到Microsoft Entra ID中的“管理员凭据”部分。<br/>4.测试连接进行验证并点击“保存”。";"";""
"EXTRACTED/3238/0";"Activate user provisioning";"激活用户配置";"";""
"EXTRACTED/3239/0";"1.Go back to provisioning section and activate user provisioning by clicking on Start provisioning.<br/>2.All done, from now on and Foxit Admin Console will automatically assign product licenses to group users based on the group names.";"1.返回预配部分，点击开始预配以激活用户预配。<br/>2.全部完成后，从现在开始福昕管理控制台将根据组名自动为组用户分配产品授权。";"";""
"EXTRACTED/3240/0";"Tenant URL (SCIM Base URL): ";"租户 URL (SCIM Base URL)：";"";""
"EXTRACTED/3241/0";"The URL of the application";"应用程序的SCIM端点的URL。";"";""
"EXTRACTED/3242/0";"Secret Token: ";"令牌密钥：";"";""
"EXTRACTED/3243/0";"Your Admin Console Identity Management application in Okta.";"您的Okta中的管理控制台身份管理应用程序。";"";""
"EXTRACTED/3244/0";"User sync configuration:";"用户同步配置：";"";""
"EXTRACTED/3245/0";"Go to the configuration instruction to edit the user sync SCIM configuration instruction.";"转到配置指令，编辑用户同步SCIM配置指令。";"";""
"EXTRACTED/3246/0";"User sync status:";"用户同步状态：";"";""
"EXTRACTED/3247/0";"If you turn this setting on, all changes in the sync source will be synced into the Foxit Admin Console.";"如果您打开这个设置，同步源中的所有更改都将同步到福昕管理控制台。";"";""
"EXTRACTED/3248/0";"Resetting sync will remove the sync configuration. All the configuration with the sync source will be deleted. The previously synced user will be kept inside the Admin Console. ";"重置同步将删除同步配置。同步源的所有配置将被删除。以前同步的用户将保存在管理控制台中。 ";"";""
"EXTRACTED/3249/0";"After restored to the directory list. You can reassign a license to the user.";"恢复到目录列表后，您可以重新给用户分配授权。";"";""
"EXTRACTED/3250/0";"View the service status";"查看服务状态";"";""
"EXTRACTED/3251/0";"You can view the service status of the Admin Console.";"您可以查看管理控制台的服务状态";"";""
"EXTRACTED/3252/0";"Create a support ticket and vew all issues reported by the enterprise by searching time and keywords.";"创建一个支持请求，通过搜索时间和关键字查看企业报告的所有问题。";"";""
"EXTRACTED/3253/0";"Total Users";"总用户数";"";""
"EXTRACTED/3254/0";"Contact sales: ";"联系销售： ";"";""
"EXTRACTED/3255/0";"Sync was turned off by an administrator";"同步被管理员关闭了";"";""
"EXTRACTED/3256/0";"{{productName}} has no available quota. To ensure all users can access Foxit service, please contact our sales team at {{tel}}.";"{{productName}} 没有可用的配额。为确保所有用户都能访问福昕服务，请通过{{tel}}联系我们的销售团队。";"";""
"EXTRACTED/3257/0";"{{productName}} is about to expire. Please have super administrator contact Foxit Sales Team to update your licenses.";"{{productName}} 即将过期。请让超级管理员联系 福昕销售团队以更新您的许可证。";"";""
"EXTRACTED/3258/0";"{{productName}} is about to expire. Please contact Foxit Sales Team at {{tel}} to update your quotas.";"{{productName}} 即将到期。请联系福昕销售团队，电话 {{tel}} 以更新您的配额。";"";""
"EXTRACTED/3259/0";"{{productName}} is about to expire. Please have super administrator to update your quotas.";"{{productName}} 即将到期。请让超级管理员更新您的配额。";"";""
"EXTRACTED/3260/0";"{{productName}} is about to expire. Please visit Foxit Website for more quotas.";"{{productName}} 即将过期。请访问福昕网站获取更多配额。";"";""
"EXTRACTED/3261/0";"Microsoft Entra ID automatic management";"Microsoft Entra ID 自动管理";"";""
"EXTRACTED/3262/0";"You can view the licenses distribution plan of the administrator on this page.";"您可以在此页面查看管理员的授权分配计划。";"";""
"EXTRACTED/3263/0";"Removing...";"正在移除...";"";""
"EXTRACTED/3264/0";"Cancel sync";"取消同步";"";""
"EXTRACTED/3265/0";"Save and continue";"保存并继续";"";""
"EXTRACTED/3266/0";"Your Idaptive domain in Tenant URL. Example: aah4361.my.idaptive.app";"您在租户URL中的Idaptive域。示例：aah4361.my.idaptive.app";"";""
"EXTRACTED/3267/0";"Are you sure you want to stop provision sync? After stopping, the Admin Console will no longer receive third-party synced group data and user data. Previously synced group and user data will remain unchanged.";"您确定要停止预配吗？停止后，Admin Console将不再接收第三方同步的组数据和用户数据。先前同步的组和用户数据将保持不变。";"";""
"EXTRACTED/3268/0";"There is another administrator ({{administratorEmail}}) owns the manage permission on this organization/root organization. If these permissions are removed, the administrators";"在这个组织/根组织上还有其他管理员({{administratorEmail}})拥有管理权限。如果移除这些权限，这些管理员对组织/根组织的管理权限也将自动移除。如果这些管理员在吊销后没有剩余权限，他们也将被移除。";"";""
"EXTRACTED/3269/0";"Refresh to get the latest status.";"刷新以获取最新状态。";"";""
"EXTRACTED/3270/0";"Synchronizing, please refresh to get the latest status.";"正在同步，请刷新以获取最新状态。";"";""
"EXTRACTED/3271/0";"The total number of users that {{product}} can be assigned to.";"{{product}}可以分配的用户总数。";"";""
"EXTRACTED/3272/0";"Total number of users who have been assigned {{product}}. ";"已分配{{product}}的用户总数。 ";"";""
"EXTRACTED/3273/0";"The number of users who have been assigned {{product}} licenses and launched {{product}} on this day.";"当天已分配了{{product}}授权并启动{{product}}的用户数量。";"";""
"EXTRACTED/3274/0";"The number of users who have been assigned {{product}} licenses.";"已分配{{product}}授权的用户数量。";"";""
"EXTRACTED/3275/0";"The number of users who have been assigned Foxit eSign China Internal licenses and have used  Foxit eSign China Internal at least once.";"已分配福昕电子签章对内签署服务授权且至少使用过一次此服务的用户数量。";"";""
"EXTRACTED/3276/0";"Sync Scope Settings:";"同步范围设置:";"";""
"EXTRACTED/3277/0";"Group scope is required.";"需要选择组范围。";"";""
"EXTRACTED/3278/0";"Scope is required.";"范围是必需的。";"";""
"EXTRACTED/3279/0";"Scope";"范围";"";""
"EXTRACTED/3280/0";"Define the groups and users that you would like to provision to Admin Console by selecting the desired values in Scope. It is worth noting that if you choose to sync all/assigned groups and users, the wait time will be long. ";"通过在范围中选择所需的值，定义要提供给管理控制台的组和用户。值得注意的是，如果选择同步所有/分配的组和用户，等待时间会很长。 ";"";""
"EXTRACTED/3281/0";"Group Scope";"组范围";"";""
"EXTRACTED/3282/0";"Sync all groups and users";"同步全部组和用户";"";""
"EXTRACTED/3283/0";"Set Group Scope for Directory Trustee (Optional)";"设置目录受托人的组范围（可选）";"";""
"EXTRACTED/3284/0";"Sync only assigned groups and users";"仅同步已分配的组和用户";"";""
"EXTRACTED/3285/0";"Group Scope for {{area}} Data Center";"{{area}}数据中心的组范围";"";""
"EXTRACTED/3286/0";"Group Scope for {{Enterprise}}";"{{Enterprise}}的组范围";"";""
"EXTRACTED/3287/0";"After configuration, if this directory is shared with enterprises in the {{area}} data center, the group and its users will be automatically synchronized with that enterprise. ";"配置完成后，如果该目录与{{area}}数据中心中的企业共享，则该组及其用户将自动与该企业同步。";"";""
"EXTRACTED/3288/0";"After configuration, the group and its users will be automatically synchronized with the enterprise that is shared in the {{area}} data center.";"配置完成后，该组及其用户将同步给{{area}}数据中心的共享企业。";"";""
"EXTRACTED/3289/0";"Configure the group scope for directory trustee. If the directory and its associated domains are shared with other companies, use this setting to pre-configure the data center for users in different groups. If this setting is not configured, all users will be automatically assigned to the directory owner";"配置目录受托人的组范围。如果目录及其关联的域与其他公司共享，请使用此设置预配置数据中心，以便为不同组的用户预配置。如果未配置此设置，则所有用户将默认自动分配给目录所有者的 Admin Console。要更改用户区域，目录所有者必须进行手动调整。";"";""
"EXTRACTED/3290/0";"Select group scope";"选择组范围";"";""
"EXTRACTED/3291/0";"The system will synchronize all group structures and users under the group scope you select. If you cancel the group scope, the synchronized user group will not be updated.  ";"系统将同步您选择的组范围下的所有组结构和用户。如果取消组范围，同步的用户组将不会更新。  ";"";""
"EXTRACTED/3292/0";"Fail to get group information.";"组信息获取失败。";"";""
"EXTRACTED/3293/0";"Verifying...";"正在验证...";"";""
"EXTRACTED/3294/0";"Variable";"可变量";"";""
"EXTRACTED/3295/0";"Header";"标题";"";""
"EXTRACTED/3296/0";"Text";"文本";"";""
"EXTRACTED/3297/0";"Default";"默认";"";""
"EXTRACTED/3298/0";"Font Size";"字号";"";""
"EXTRACTED/3299/0";"Bold";"粗体";"";""
"EXTRACTED/3300/0";"Font color";"字体颜色";"";""
"EXTRACTED/3301/0";"Default color";"默认颜色";"";""
"EXTRACTED/3302/0";"undo";"撤销";"";""
"EXTRACTED/3303/0";"redo";"重做";"";""
"EXTRACTED/3304/0";"Underline";"下划线";"";""
"EXTRACTED/3305/0";"Italic";"斜体";"";""
"EXTRACTED/3306/0";"Strikethrough";"删除线";"";""
"EXTRACTED/3307/0";"Background Color";"背景色";"";""
"EXTRACTED/3308/0";"Emotion";"表情";"";""
"EXTRACTED/3309/0";"Increase";"增加";"";""
"EXTRACTED/3310/0";"Decrease";"减少";"";""
"EXTRACTED/3311/0";"Left";"左";"";""
"EXTRACTED/3312/0";"Center";"中";"";""
"EXTRACTED/3313/0";"Right";"右";"";""
"EXTRACTED/3314/0";"Insert link";"插入链接";"";""
"EXTRACTED/3315/0";"Clear Background Color";"清除背景色";"";""
"EXTRACTED/3316/0";"Unordered list";"无序列表";"";""
"EXTRACTED/3317/0";"Clear Style";"清除类型";"";""
"EXTRACTED/3318/0";"Domain Status";"域状态";"";""
"EXTRACTED/3319/0";"No group";"无组";"";""
"EXTRACTED/3320/0";"The number of {{product}} licenses you can assign to users.";"您可以分配给用户的{{product}}授权数量。";"";""
"EXTRACTED/3321/0";"The number of users who can be assigned {{product}}.";"可以被分配{{product}}的用户数量。";"";""
"EXTRACTED/3322/0";"The number of available licenses is less than 10%.";"可用的授权数量低于10%。";"";""
"EXTRACTED/3323/0";"Total number of envelopes for {{product}} purchased by your organization.";"您的组织所购买的用于{{product}}的信封总数。";"";""
"EXTRACTED/3324/0";"Total number of envelopes that your users can use.";"您的用户可使用的信封总数。";"";""
"EXTRACTED/3325/0";"The number of available envelopes is less than 10%.";"可用信封的数量少于10%。";"";""
"EXTRACTED/3326/0";"Available envelopes";"可用的信封";"";""
"EXTRACTED/3327/0";"The number of users who have been assigned {{product}} licenses and launched any Foxit product on this day.";"在这天被分配了{{product}}授权并启动了福昕产品的用户数量。";"";""
"EXTRACTED/3328/0";"Foxit PDF Editor Pro + configuration";"Foxit PDF Editor Pro +配置";"";""
"EXTRACTED/3329/0";"Configuration for Foxit eSign";"福昕电子签章配置";"";""
"EXTRACTED/3330/0";"Configuration for editor products";"编辑器产品配置";"";""
"EXTRACTED/3331/0";"The number of users who have been assigned {{product}} licenses and have used  {{product}} at least once.";"已分配{{product}}授权且至少使用过一次{{product}}的用户数量。";"";""
"EXTRACTED/3332/0";"Enter a valid email address. The user may not have accepted the invitation or has been removed from the organization.";"请输入符合要求的电子邮件地址。该用户可能未接受邀请或已从组织中删除。";"";""
"EXTRACTED/3333/0";"Foxit PDF Editor Education Bundle configuration";"福昕高级PDF编辑器教育版套餐配置";"";""
"EXTRACTED/3334/0";"Activated licenses on Windows";"已激活的Windows版授权";"";""
"EXTRACTED/3335/0";"Activated licenses on Cloud";"已激活的网页版授权";"";""
"EXTRACTED/3336/0";"Activated licenses on Mac";"已激活的Mac版授权";"";""
"EXTRACTED/3337/0";"Activated licenses on Mobile";"已激活的移动版授权";"";""
"EXTRACTED/3338/0";"Activated licenses on Linux";"已激活的Linux版授权";"";""
"EXTRACTED/3339/0";"Network drives integration";"网络驱动集成";"";""
"EXTRACTED/3340/0";"Choose with network drives can integrate:";"选择网络驱动器集成：";"";""
"EXTRACTED/3341/0";"This setting lets you control your users";"此设置允许您控制用户对网络驱动器集成的访问。默认情况下，您的用户可以访问福昕高级PDF编辑器网页版中的任何网络驱动器集成。如果未选中，您的用户将无法访问网络驱动器集成。";"";""
"EXTRACTED/3342/0";"You will resend invitation emails to all users who have received them but not yet accepted. Are you sure you want to resend invitations?";"您将向所有已收到但尚未接受邀请的用户重新发送邀请邮件。您确定要重新发送邀请吗？";"";""
"EXTRACTED/3343/0";"Foxit eSign envelope used";"已使用的福昕电子签章信封";"";""
"EXTRACTED/3344/0";"Foxit eSign document used";"已使用的福昕电子签章文档";"";""
"EXTRACTED/3345/0";"Number of assigned users";"分配的用户数量";"";""
"EXTRACTED/3346/0";"Resend email invitation";"重新发送邀请邮件";"";""
"EXTRACTED/3347/0";"Create invitation link";"创建邀请链接";"";""
"EXTRACTED/3348/0";"Create a link to invite if users cannot receive the email. You can send it privately to the users for activation.";"如果用户无法收到电子邮件，请创建一个邀请链接。您可以将其私下发送给用户以进行激活。";"";""
"EXTRACTED/3349/0";"Create a link to invite if users cannot receive the email. Make sure you copy the link below. You can send it privately to the users for activation.";"如果用户无法收到电子邮件，请创建一个邀请链接。确保复制下面的链接。您可以将其私下发送给用户以进行激活。";"";""
"EXTRACTED/3350/0";"The link for invitation will expire on {{time}}";"邀请链接将于{{time}}过期";"";""
"EXTRACTED/3351/0";"Link has expired, please refresh to get a new link.";"链接已过期，请刷新以获取新的链接。";"";""
"EXTRACTED/3352/0";"Sync all users";"同步所有用户";"";""
"EXTRACTED/3353/0";"Maximum number of devices you can activate on Desktop or Mobile is {{devices}}.";"您最多可以在桌面或移动设备上激活 {{devices}} 台设备。";"";""
"EXTRACTED/3354/0";"Maximum number of devices you can activate on Desktop is {{devices}}.";"您可以在桌面上激活的最大设备数为 {{devices}}。";"";""
"EXTRACTED/3355/0";"Maximum number of devices you can activate on Mobile is {{devices}}.";"您最多可以在移动设备上激活 {{devices}} 台设备。";"";""
"EXTRACTED/3356/0";"Maximum number of devices you can activate on Windows is {{devices}}.";"您可以在 Windows 上激活的最大设备数量为 {{devices}}。";"";""
"EXTRACTED/3357/0";"Maximum number of devices you can activate on Mac is {{devices}}.";"您可以在 Mac 上激活的最大设备数量为 {{devices}}。";"";""
"EXTRACTED/3358/0";"Maximum number of devices you can activate on {{Product}} is {{devices}}.";"您可以在{{Product}}上激活的最大设备数为 {{devices}}。";"";""
"EXTRACTED/3359/0";"French";"法语";"";""
"EXTRACTED/3360/0";"The allowed devices field has an incorrect license value.";"允许的设备字段的授权值不正确。";"";""
"EXTRACTED/3361/0";"Customize Admin Console";"定制管理控制台";"";""
"EXTRACTED/3362/0";"Modify the logo shown in Admin Console to match your company";"修改管理控制台中显示的标志，使其与您公司的品牌相匹配。";"";""
"EXTRACTED/3363/0";"Upload an icon at least 120x60 px in either a transparent .PNG or .SVG format.";"上传一个至少120x60像素的透明.png或.svg格式的图标。";"";""
"EXTRACTED/3364/0";"Modify the enterprise image shown in Admin Console to match your company";"修改管理控制台中显示的企业图像，使其与您公司的品牌相匹配。";"";""
"EXTRACTED/3365/0";"Upload an icon at least 72x72 px in either a transparent .PNG or .SVG format.";"上传一个至少72x72像素的透明.png或.svg格式的图标。";"";""
"EXTRACTED/3366/0";"Foxit Tutorial Library";"福昕教程库";"";""
"EXTRACTED/3367/0";"Gain access to a vast repository of tutorial materials for all Foxit software products.";"获取所有福昕软件产品的海量教程资源库访问权限。";"";""
"EXTRACTED/3368/0";"Ask AI Assistant";"向AI助手提问";"";""
"EXTRACTED/3369/0";"Documents Used";"已使用的文档";"";""
"EXTRACTED/3370/0";"Documents used";"已使用的文档";"";""
"EXTRACTED/3371/0";"Total Documents";"文档总数";"";""
"EXTRACTED/3372/0";"Total documents";"文档总数";"";""
"EXTRACTED/3373/0";"Total number of documents for {{product}} purchased by your organization.";"您的组织购买的{{product}}文档总数量。";"";""
"EXTRACTED/3374/0";"Available Documents";"可用的文档";"";""
"EXTRACTED/3375/0";"Total number of documents that your users have used.";"您的用户使用的文档总数。";"";""
"EXTRACTED/3376/0";"Available documents";"可用的文档";"";""
"EXTRACTED/3377/0";"Total number of documents that your users can use.";"您的用户可使用的文档总数。";"";""
"EXTRACTED/3378/0";"The number of available documents is less than 10%.";"可用文档的数量少于10%。";"";""
"EXTRACTED/3379/0";"The total number of Foxit eSign documents your organization has purchased.";"您的组织所购买的福昕电子签章文档的总数。";"";""
"EXTRACTED/3380/0";"Total quota of Foxit eSign China External that your users have used.";"您的用户已使用的福昕电子签章对外签署服务的总配额。";"";""
"EXTRACTED/3381/0";"Assigned users";"分配的用户";"";""
"EXTRACTED/3382/0";"eSign quota";"电子签章配额";"";""
"EXTRACTED/3383/0";"Used eSign quota";"已使用的电子签章配额";"";""
"EXTRACTED/3384/0";"Available eSign quota";"可用的电子签章配额";"";""
"EXTRACTED/3385/0";"Total quota of Foxit eSign China External purchased by your organization.";"您的组织购买的福昕电子签章对外签署服务的总配额。";"";""
"EXTRACTED/3386/0";"Total Number of credits used";"使用的总配额";"";""
"EXTRACTED/3387/0";"Users who used eSign";"使用电子签章的用户";"";""
"EXTRACTED/3388/0";"Used eSign";"已使用的电子签章";"";""
"EXTRACTED/3389/0";"Total Number of envelopes used";"已使用的信封总数";"";""
"EXTRACTED/3390/0";"Total Number of documents used";"文档总数";"";""
"EXTRACTED/3391/0";"Number of total envelopes used";"已使用的信封总数";"";""
"EXTRACTED/3392/0";"Number of total documents used";"已使用的文档总数";"";""
"EXTRACTED/3393/0";"Total user used";"已使用的用户总数";"";""
"EXTRACTED/3394/0";"Total envelopes used";"已使用的信封总数";"";""
"EXTRACTED/3395/0";"Total documents used";"已使用的文档总数";"";""
"EXTRACTED/3396/0";"Use statistics";"使用统计";"";""
"EXTRACTED/3397/0";"User Envelope";"用户信封";"";""
"EXTRACTED/3398/0";"User Document";"用户文档";"";""
"EXTRACTED/3399/0";"Envelope name";"信封名称";"";""
"EXTRACTED/3400/0";"Document name";"文档名称";"";""
"EXTRACTED/3401/0";"Envelope Detail";"信封详细信息";"";""
"EXTRACTED/3402/0";"Top {{Num}}";"Top {{Num}}";"";""
"EXTRACTED/3403/0";"Other {{Num}} Users";"其他{{Num}}个用户";"";""
"EXTRACTED/3404/0";"Available users";"可用的用户";"";""
"EXTRACTED/3405/0";"Number of total users";"用户总数";"";""
"EXTRACTED/3406/0";"The total number of users for {{product}} purchased by your organization.";"您的组织购买的{{product}}用户总数。";"";""
"EXTRACTED/3407/0";"More Data";"更多数据";"";""
"EXTRACTED/3408/0";"Customize the assigned license: ";"自定义分配的授权： ";"";""
"EXTRACTED/3409/0";"Subscription License";"订阅授权";"";""
"EXTRACTED/3410/0";"Perpetual License";"永久授权";"";""
"EXTRACTED/3411/0";"Account abnormal exit or termination. Please contact Foxit support.";"账户异常退出或终止。请联系福昕技术支持。";"";""
"EXTRACTED/3412/0";"The max version of a license that can be activated. \";"授权可以被激活的最高版本。“-”代表用户可以激活任意版本的产品。";"";""
"EXTRACTED/3413/0";"License Assignment Settings";"授权分配设置";"";""
"EXTRACTED/3414/0";"Customize the license assignment rules to assign/acquire product licenses.";"自定义授权分配规则以分配/获取产品授权。";"";""
"EXTRACTED/3415/0";"You can visit the <a> License Assignment Settings </a> page to view the license assignment rules. You can also customize the license assignment rules for manual authorization or automatic authorization.";"您可以访问<a>授权分配设置</a>页面查看授权分配规则。您还可以自定义手动授权或自动授权的授权分配规则。";"";""
"EXTRACTED/3416/0";"Default authorization order";"默认授权顺序";"";""
"EXTRACTED/3417/0";"Rule 1: Default order to assign/acquire Foxit PDF Editor Windows licenses: Foxit PDF Editor Pro Windows > Foxit PDF Editor Windows.";"规则1：分配/获取福昕高级PDF编辑器Windows产品授权的默认顺序：福昕高级PDF编辑器专业版-Windows版 > 福昕高级PDF编辑器标准版-Windows版。";"";""
"EXTRACTED/3418/0";"Rule 2: When the same product license has different expiration dates, the user has priority to obtain the product license with a longer validity period.";"规则2：当同一个产品授权到期时间不同时，用户优先获得有效期较长的产品授权。";"";""
"EXTRACTED/3419/0";"Customize authorization order";"自定义授权顺序";"";""
"EXTRACTED/3420/0";"Product Name";"产品名称";"";""
"EXTRACTED/3421/0";"Subscription Type";"订阅类型";"";""
"EXTRACTED/3422/0";"All types";"所有类型";"";""
"EXTRACTED/3423/0";"All versions";"所有版本";"";""
"EXTRACTED/3424/0";"All dates";"所有日期";"";""
"EXTRACTED/3425/0";"Invalid date";"失效日期";"";""
"EXTRACTED/3426/0";"Authorization information synchronization";"授权信息同步";"";""
"EXTRACTED/3427/0";"<a> Foxit eSign </a> authorization data that can be synchronized has been detected in the cloud, and the data will be automatically synchronized for you soon.";"检测到云端有可同步的<a>福昕电子签章</a>授权数据，即将为您自动同步数据。";"";""
"EXTRACTED/3428/0";"Data is synchronizing...";"数据正在同步...";"";""
"EXTRACTED/3429/0";"Data is being synchronized asynchronously. Failure to authorize is displayed in the batch authorization result.";"数据正在异步同步。批量授权结果显示授权失败。";"";""
"EXTRACTED/3430/0";"Directories";"目录";"";""
"EXTRACTED/3431/0";"If you configure SAML and it has the same email as the one you created to log into the Admin Console. The account you created initially with the Admin Console will be automatically replaced with the SAML account. ";"如果您配置SAML并且它与您创建的用于登录管理控制台的电子邮件相同。 您最初使用管理控制台创建的账户将自动替换为SAML账户。 ";"";""
"EXTRACTED/3432/0";"{{Group}} will be removed and the group users will no longer have access to this site. You can restore the group and users in the removed list. Are you sure you want to remove the group?";"{{Group}}将被删除，组用户将无法再访问此站点。您可以恢复已删除列表中的组和用户。您确定要删除该组吗？";"";""
"EXTRACTED/3433/0";"Data is synchronizing";"正在同步数据";"";""
"EXTRACTED/3434/0";"Traditional Chinese";"繁体中文";"";""
"EXTRACTED/3435/0";"Synchronization exception, please try again";"同步异常，请重试";"";""
"EXTRACTED/3436/0";"The server has not responded for a long time, or the synchronization is abnormal.";"服务器长时间没有响应，或者同步异常。";"";""
"EXTRACTED/3437/0";"Directory list";"目录列表";"";""
"EXTRACTED/3438/0";"Add Domain";"添加域";"";""
"EXTRACTED/3439/0";"Domain Details";"域名详情";"";""
"EXTRACTED/3440/0";"Connector";"连接器";"";""
"EXTRACTED/3441/0";"Create a directory by naming it and selecting an authentication method for the directory.";"通过命名目录并为目录选择身份验证方法来创建目录。";"";""
"EXTRACTED/3442/0";"Add a Directory";"添加目录";"";""
"EXTRACTED/3443/0";"Set directory name";"设置目录名称";"";""
"EXTRACTED/3444/0";"SAML and user sync configuration";"SAML和用户同步配置";"";""
"EXTRACTED/3445/0";"Directory sync configuration";"目录同步配置";"";""
"EXTRACTED/3446/0";"Please input directory name";"请输入目录名称";"";""
"EXTRACTED/3447/0";"Save & Continue";"保存&继续";"";""
"EXTRACTED/3448/0";"Verification";"验证";"";""
"EXTRACTED/3449/0";"You can customize the authorization order by adjusting the products below to assign/acquire product licenses.";"您可以通过调整以下产品来自定义授权顺序以分配/获取产品授权。";"";""
"EXTRACTED/3450/0";"No domain";"没有域";"";""
"EXTRACTED/3451/0";"Are you sure you want to remove this directory? After deletion, we will transfer the SAML Users that you have synchronized to the Domain Users list. They still able to access to this site and collaborate with your team.";"您确定要删除此目录吗？ 删除后，我们会将您已同步的SAML用户转移到域用户列表中。他们仍然能够访问此站点并与您的团队协作。";"";""
"EXTRACTED/3452/0";"Are you sure you want to remove directory? Remove your access to a trusted directory will also result in the inability to access the domain. A new application must be submitted if you need access again. Users who have been synchronized to the organization will not be deleted and can continue using the licenses assigned to them.";"您确定要删除目录吗？删除您对受信任目录的访问也将导致无法访问该域。如果您需要再次访问权限，必须提交新的申请。已与组织同步的用户将不会被删除，并可以继续使用分配给他们的授权。";"";""
"EXTRACTED/3453/0";"Are you sure you want to remove directory? <br/><br/> <strong>Remove Directory:</strong> When deleted, the trustee";"您确定要删除目录吗？<br/><br/><strong>删除目录:</strong> 删除后，受托人对该目录的访问权限将被移除，但他们对关联域名的访问权限将保留。<br/><br/><strong>删除所有:</strong> 删除该目录和受托人共享的域名。删除后，受托人将需要重新申请访问该目录和关联域名。";"";""
"EXTRACTED/3454/0";"Clear account information on the server. ";"清除服务器上的账户信息。 ";"";""
"EXTRACTED/3455/0";"Select the Domain to add to the directory";"选择要添加到目录的域";"";""
"EXTRACTED/3456/0";"Unavailable";"不可用";"";""
"EXTRACTED/3457/0";"Custom Expiration Date: ";"自定义过期日期： ";"";""
"EXTRACTED/3458/0";"Domain successfully added";"域添加成功";"";""
"EXTRACTED/3459/0";"Domain successfully added. To complete the setup process, you need to verify the Domain.";"域添加成功。 要完成设置过程，您需要验证域。";"";""
"EXTRACTED/3460/0";"Verify now";"立即验证";"";""
"EXTRACTED/3461/0";"Got it";"知道了";"";""
"EXTRACTED/3462/0";"Select the source that your organization would like to sync users or user groups from. Please select {{Other}} if you cannot find the correct service provider. Once the connector is selected, it cannot be changed.";"选择您的组织希望从中同步用户或用户组的来源。如果找不到正确的服务提供商，请选择{{Other}}。一旦选定了连接，其将不能更改。";"";""
"EXTRACTED/3463/0";"Add Domains to the directory to make the directory active. Otherwise, the directory cannot be used.";"将域添加到目录以使目录处于活动状态。 否则，无法使用该目录。";"";""
"EXTRACTED/3464/0";"Confirmation for Sharing Domain and Directory";"分享域和目录的确认";"";""
"EXTRACTED/3465/0";"This domain has already been verified by another entity within your organization. Please confirm if you would like to share this domain and directory.";"这个域名已经被您组织内的另一个实体验证过了。请确认是否要分享这个域名和目录。";"";""
"EXTRACTED/3466/0";"Domain has been verified by another organization";"域名已被另一个组织验证";"";""
"EXTRACTED/3467/0";"<p>This domain has been registered by another organization <strong>{{organizationName}}</strong>. You have two options:</p> <p><strong>Proceed with Verification:</strong> If verification succeeds, you will gain ownership of this domain. The original organization";"<p>此域名已被另一组织注册 <strong>{{organizationName}}</strong>。您有两个选择:</p> <p><strong>继续验证:</strong> 如果验证成功，您将获得该域名的所有权。原始组织的绑定和同步用户数据将被永久删除。此操作不可逆转，请谨慎使用。</p> <p><strong>请求访问权限:</strong> 向当前域名所有者发送访问请求。经其批准后，您将获得对该域名及其相关目录的访问权限。</p>";"";""
"EXTRACTED/3468/0";"We have exported the users in a CSV file, please download the file.";"我们已将用户导出到CSV文件中，请下载文件。";"";""
"EXTRACTED/3469/0";"Request Access";"申请访问权限";"";""
"EXTRACTED/3470/0";"Add domain";"添加域";"";""
"EXTRACTED/3471/0";"More";"更多";"";""
"EXTRACTED/3472/0";"Add Sync";"添加同步";"";""
"EXTRACTED/3473/0";"Provision";"预配";"";""
"EXTRACTED/3474/0";"SAML user/group sync:";"SAML用户/组同步：";"";""
"EXTRACTED/3475/0";"Auto-Provision:";"自动预配：";"";""
"EXTRACTED/3476/0";"Status details:";"状态详情：";"";""
"EXTRACTED/3477/0";"Domains:";"域：";"";""
"EXTRACTED/3478/0";"Occupied";"被占据";"";""
"EXTRACTED/3479/0";"No domain yet";"还没有域";"";""
"EXTRACTED/3480/0";"No domain found, please verify the domain first.";"未找到域，请先验证域。";"";""
"EXTRACTED/3481/0";"Remove all";"移除所有";"";""
"EXTRACTED/3482/0";"Sync Settings";"同步设置";"";""
"EXTRACTED/3483/0";"You can change the sync source on the <a> SAML configuration </a> page.  If the sync setup, the sync source cannot be change. ";"您可以在<a>SAML 配置</a>页面上更改同步源。如果是同步设置，则不能更改同步源。 ";"";""
"EXTRACTED/3484/0";"Connector:";"连接器：";"";""
"EXTRACTED/3485/0";"The sync source cannot be changed. If you want to change the sync source, you need to delete the directory first. All the configuration with the sync source will be deleted. The previously synced user and user groups will be kept inside the Foxit Admin Console.";"无法更改同步源。如果要更改同步源，需要先删除该目录。所有具有同步源的配置都将被删除。先前同步的用户和用户组将保留在福昕管理控制台中。";"";""
"EXTRACTED/3486/0";"Please add Domains first.";"请先添加域。";"";""
"EXTRACTED/3487/0";"Stop Provision Sync";"停止预配";"";""
"EXTRACTED/3488/0";"Provision Settings";"预配设置";"";""
"EXTRACTED/3489/0";"You can set the frequency of synchronization here:";"您可以在此设置同步频率：";"";""
"EXTRACTED/3490/0";"Select";"选择";"";""
"EXTRACTED/3491/0";"Enable Provision";"启用预配";"";""
"EXTRACTED/3492/0";"Go to the configuration instruction to edit the user sync SCIM configuration instruction. Make changes to user and group provisioning in your Microsoft Entra ID. You can synchronize all changes in the Foxit Admin Console.";"转到配置说明以编辑用户同步 SCIM 配置说明。在您的 Microsoft Entra ID 中对用户和组的配置进行更改。您可以在福昕管理控制台中同步所有更改。";"";""
"EXTRACTED/3493/0";"Selected list";"选定列表";"";""
"EXTRACTED/3494/0";"List by users";"按用户排列";"";""
"EXTRACTED/3495/0";"List by group";"按组排列";"";""
"EXTRACTED/3496/0";"No users here, please select users from the users list";"没有用户，请从用户列表中选择用户";"";""
"EXTRACTED/3497/0";"Clear all";"全部清除";"";""
"EXTRACTED/3498/0";"Select all";"全部选取";"";""
"EXTRACTED/3499/0";"SAML users";"SAML用户";"";""
"EXTRACTED/3500/0";"Domain users";"域用户";"";""
"EXTRACTED/3501/0";"All Directory Users";"所有目录用户";"";""
"EXTRACTED/3502/0";"Domain Users";"域用户";"";""
"EXTRACTED/3503/0";"All users in Directory Users list, including SAML users, domain users, and unsynced users.";"目录用户列表中的所有用户，包括SAML用户、域用户和未同步的用户。";"";""
"EXTRACTED/3504/0";"Users and groups synchronized from all directories created in this organization";"从此组织中创建的目录同步的用户和组";"";""
"EXTRACTED/3505/0";"Users synchronized from domain";"从域同步的用户";"";""
"EXTRACTED/3506/0";"Users that has been removed by the identity provider";"已被身份提供者移除的用户";"";""
"EXTRACTED/3507/0";"Users removed from the Admin Console, with no access to Foxit products.";"用户已从管理控制台中移除，无法访问福昕产品。";"";""
"EXTRACTED/3508/0";"The maximum number of data entries that can be selected is 1000.";"可以选择的最大数据条目为 1000。";"";""
"EXTRACTED/3509/0";"Top";"Top";"";""
"EXTRACTED/3510/0";"Other {{count}} Users";"其他{{count}}个用户";"";""
"EXTRACTED/3511/0";"Note: If you purchase Foxit PDF Editor Pro +/ Foxit PDF Editor Education Bundle, we will give priority to assigning the licenses of Foxit PDF Editor Pro +/ Foxit PDF Editor Education Bundle to the user.";"注意：如果您购买Foxit PDF Editor Pro +/Foxit PDF Editor Education Bundle，我们将优先为用户分配Foxit PDF Editor Pro +/Foxit PDF Editor Education Bundle的授权。";"";""
"EXTRACTED/3512/0";"Domain that require validation";"需要验证的域";"";""
"EXTRACTED/3513/0";"Are you sure you want to remove this Domain from the directory? After deletion, we will transfer the SAML Users that you have synchronized to the Domain Users list. They still able to access to this site and collaborate with your team.";"您确定要从目录中删除此域吗？ 删除后，我们会将您已同步的SAML用户转移到域用户列表中。 他们仍然能够访问此站点并与您的团队协作。";"";""
"EXTRACTED/3514/0";"Available user accounts";"可用的用户账号";"";""
"EXTRACTED/3515/0";"Synchronizing users/groups";"同步用户/组";"";""
"EXTRACTED/3516/0";"Sub-organizations";"子组织";"";""
"EXTRACTED/3517/0";"Assigned";"指定";"";""
"EXTRACTED/3518/0";"Used";"已被使用";"";""
"EXTRACTED/3519/0";"SMS";"SMS";"";""
"EXTRACTED/3520/0";"2FA";"2FA";"";""
"EXTRACTED/3521/0";"KBA";"KBA";"";""
"EXTRACTED/3522/0";"PingIdentity";"PingIdentity";"";""
"EXTRACTED/3523/0";"eSign Quota";"福昕电子签章配额";"";""
"EXTRACTED/3524/0";"This setting is not valid for users of virtual scenarios.";"此设置对虚拟场景用户无效。";"";""
"EXTRACTED/3525/0";"Console Settings";"控制台设置";"";""
"EXTRACTED/3526/0";"Email settings:";"邮件设置:";"";""
"EXTRACTED/3527/0";"Select the language for emails that are sent to your users.";"选择发送给用户的电子邮件的语言。";"";""
"EXTRACTED/3528/0";"Language";"语言";"";""
"EXTRACTED/3529/0";"Check the Domain information. We";"检查域名信息。我们将检查记录以验证您对该域名的所有权。";"";""
"EXTRACTED/3530/0";"The password requirements are applied to all users using Foxit Account. All levels of password include a lockout mechanism: if Foxit detects multiple failed login attempts in a small window of time, the customer account will be temporarily unavailable to prevent brute force attacks. Please choose a level of authentication for your users.";"密码要求适用于所有使用福昕账户的用户。各级密码均包含锁定机制：如果福昕检测到短时间内多次登录尝试失败，用户账户将暂时不可用，以防止暴力破解。请为您的用户选择身份验证级别。";"";""
"EXTRACTED/3531/0";"Two-step verification";"两步验证";"";""
"EXTRACTED/3532/0";"Two-step verification is recommended for extra security. Once the configuration is enabled, your enterprise members will need to go through two-step verification when logging in. They can also customize their two-step verification method in the account settings.";"建议使用两步验证以提高安全性。一旦启用配置，您的企业成员在登录时将需要进行两步验证。他们还可以在账户设置中自定义他们的两步验证方法。";"";""
"EXTRACTED/3533/0";"Organization name configuration";"组织名称配置";"";""
"EXTRACTED/3534/0";"Once enabled, users will see the first-level organization name（not the enterprise name） that has been set in the custom organization when they log in. This feature is suitable for large enterprises that have multiple subsidiaries.";"启用后，用户登录时将看到在自定义组织中设置的一级组织名称（而不是企业名称）。 此功能适用于拥有多个子公司的大型企业。";"";""
"EXTRACTED/3535/0";"Display the top-level organization name";"显示一级组织名称";"";""
"EXTRACTED/3536/0";"Enabled successfully";"成功启用";"";""
"EXTRACTED/3537/0";"Disabled successfully";"成功禁用";"";""
"EXTRACTED/3538/0";"Are you sure you want to enable this setting? Once enabled, users will see the name of the top-level organization that has been set in the custom organization when they log in.";"您确定要启用此设置吗？一旦启用，用户登录时将会看到已在自定义组织中设置的一级组织的名称。";"";""
"EXTRACTED/3539/0";"Require two-step verification";"需要两步验证";"";""
"EXTRACTED/3540/0";"Confirm two-step verification";"确认两步验证";"";""
"EXTRACTED/3541/0";"Are you sure you want to enable two-step verification? All users will be notified via email.";"您确定要启用两步验证吗？所有用户都将通过电子邮件收到通知。";"";""
"EXTRACTED/3542/0";"Login settings for automatic SSO";"自动SSO的登录设置";"";""
"EXTRACTED/3543/0";"To ensure the security of your login, if you have configured single sign-on (SSO), we will allow users to log in to the Foxit application only with the configured SSO account. The following allows you to set some SSO users in the enterprise to log in with Foxit accounts instead of SSO accounts.";"为了保证您的登录安全，如果您配置了单点登录（SSO），我们将允许用户仅使用配置的SSO账户登录福昕应用程序。以下允许您设置企业中的部分SSO用户使用福昕账户登录，而不是使用SSO账户登录。";"";""
"EXTRACTED/3544/0";"Other";"其他";"";""
"EXTRACTED/3545/0";"Department Name";"部门名称";"";""
"EXTRACTED/3546/0";"A department";"部门";"";""
"EXTRACTED/3547/0";"Import mac templates";"导入mac模板";"";""
"EXTRACTED/3548/0";"MAC address";"MAC地址";"";""
"EXTRACTED/3549/0";"{{vasName}} used";"{{vasName}}已使用";"";""
"EXTRACTED/3550/0";"This page contains information and instructions related to a third-party application (Okta). These instructions may vary on your environment and need to be confirmed with your Okta vendor, if necessary. If you have specific needs or specific settings you need to apply, you may need to check those with your IdP admins.";"此页面包含与第三方应用程序 (Okta) 相关的信息和说明。 这些说明可能因您的环境而异，如有必要，需要与您的Okta供应商确认。 如果您有特定需求或需要应用特定设置，您可能需要与您的IdP管理员核对这些内容。";"";""
"EXTRACTED/3551/0";"Sync users and groups from Okta";"从Okta同步用户和组";"";""
"EXTRACTED/3552/0";"Step 1: Login to Okta";"步骤1：登录Okta";"";""
"EXTRACTED/3553/0";"If you do not have an Okta admin account, you can create one.";"如果您没有Okta管理员账户，您可以创建一个。";"";""
"EXTRACTED/3554/0";"Go to Okta";"转到Okta";"";""
"EXTRACTED/3555/0";"Step 2: Add Foxit Admin Console integration in Okta";"步骤2：在Okta中添加福昕管理控制台集成";"";""
"EXTRACTED/3556/0";"To setup SSO (SAML 2.0) between Foxit Admin Console and Okta, follow the steps below:<br/>1. Go to applications section and click \";"要在福昕管理控制台和Okta之间设置SSO(SAML 2.0)，请按照以下步骤操作：<br/>1.转到应用程序部分并单击“浏览应用程序目录”。<br/>2.输入 “福昕”在“搜索集成目录”字段中选择应用程序“福昕管理控制台”，然后单击“添加集成”。<br/>3.在“常规设置”页面上填写必填字段，然后登录选项页面。";"";""
"EXTRACTED/3557/0";"Step 3: Configure automatic user provisioning";"步骤3：配置自动用户预配";"";""
"EXTRACTED/3558/0";"Follow the steps below to configure the Okta provisioning service.<br/>1. Go to the Provisioning settings tab, and click \";"按照以下步骤配置Okta预配服务。<br/>1.转到“预配设置”选项卡，然后单击“配置API集成”。<br/>2.选择“启用API集成”。<br/>3.完成身份验证字段。将管理控制台中“租户URL”和“令牌密钥”字段中的值复制并粘贴到“基本URL”和“API令牌”中的Okta字段。<br/>4.单击“测试API凭据”以测试您的API凭据。如果收到错误，请验证并重试您的凭据。点击“保存”。<br/>5.编辑供应给应用程序页面。选择配置选项：创建用户、更新用户属性、停用用户，然后单击“保存”。<br/> ";"";""
"EXTRACTED/3559/0";"Step 4: Create groups on the Okta admin page";"步骤4：在Okta管理页面上创建组";"";""
"EXTRACTED/3560/0";"Step 5: Assign group and activate user provisioning";"步骤5：分配组并激活用户配置";"";""
"EXTRACTED/3561/0";"1.Go to “Applications” page and click the app \";"1.进入“应用程序”页面，点击应用程序“福昕管理控制台”。然后切换到“分配”选项卡，点击“分配”，并选择“分配给组”。{{isShareTip}}<br/>2.切换到“推送组”选项卡，点击“推送组”，并选择“按名称查找组”。输入组名以搜索组，选择要添加的组。点击“保存”，该组将添加到推送组列表。<br/>3.配置完成后，打开配置状态。Okta将开始处理并开始发送用于在福昕管理控制台中进行配置的数据。";"";""
"EXTRACTED/3562/0";"If the domain is shared among different instances of enterprises, groups need to assigned to the domain owner";"如果域名在不同企业实例之间共享，则需要将组分配给域所有者的应用程序。";"";""
"EXTRACTED/3563/0";"SMS Usage";"SMS使用";"";""
"EXTRACTED/3564/0";"2FA Usage";"2FA使用";"";""
"EXTRACTED/3565/0";"KBA Usage";"KBA使用";"";""
"EXTRACTED/3566/0";"SMS Document Link and Mobile two factor authentication";"SMS文档链接和移动设备双重身份验证";"";""
"EXTRACTED/3567/0";"Phone Two-Factor Authentication";"电话双重身份验证";"";""
"EXTRACTED/3568/0";"Knowledge Based Authentication";"基于知识的认证";"";""
"EXTRACTED/3569/0";"Two-step verification successfully set.";"两步验证设置成功。";"";""
"EXTRACTED/3570/0";"Two-step verification successfully unset.";"已成功取消两步验证。";"";""
"EXTRACTED/3571/0";"Foxit PDF Editor Pro + Education Bundle";"Foxit PDF Editor Pro + Education Bundle";"";""
"EXTRACTED/3572/0";"Foxit PDF Editor Pro + Education Bundle configuration";"Foxit PDF Editor Pro + Education Bundle配置";"";""
"EXTRACTED/3573/0";"OKTA automatic management";"OKTA自动化管理";"";""
"EXTRACTED/3574/0";"JumpCloud automatic management";"JumpCloud自动管理";"";""
"EXTRACTED/3575/0";"Automatic deactivation";"自动停用";"";""
"EXTRACTED/3576/0";"Create and Continue";"创建并继续";"";""
"EXTRACTED/3577/0";"The directory configuration is incomplete";"目录配置不完整";"";""
"EXTRACTED/3578/0";"Verifying";"正在验证";"";""
"EXTRACTED/3579/0";"Needs approval";"需要批准";"";""
"EXTRACTED/3580/0";"Are you sure you want to remove this Domain? Please make sure that no user accounts are using this Domain name before you continue. After deletion, they will no longer have access to this site and won";"您确定要删除此域吗？ 在继续之前，请确保没有用户账户正在使用此域名。 删除后，他们将无法再访问此网站，也无法与您的团队协作。";"";""
"EXTRACTED/3581/0";"Are you sure you want to cancel request?";"您确定要取消请求吗？";"";""
"EXTRACTED/3582/0";"Exporting Data to a CSV file.";"将数据导出到CSV文件。";"";""
"EXTRACTED/3583/0";"Document";"文档";"";""
"EXTRACTED/3584/0";"Schedule Onboarding Session?";"安排入职会议？";"";""
"EXTRACTED/3585/0";"Our team will help set your workflows and adjust the system to meet your needs.";"我们的团队将帮助您设置工作流程并调整系统以满足您的需求。";"";""
"EXTRACTED/3586/0";"Book Now";"现在预订";"";""
"EXTRACTED/3587/0";"All users already exist.";"所有用户都已存在。";"";""
"EXTRACTED/3588/0";"Japanese";"日语";"";""
"EXTRACTED/3589/0";"Email: {{email}}";"邮箱：{{email}}";"";""
"EXTRACTED/3590/0";"Create a support ticket and enter description of your problem.";"创建一个支持请求并输入问题描述。";"";""
"EXTRACTED/3591/0";"Domain users in Foxit System (excluding SAML users)";"福昕系统里的域用户（不包含SAML用户）";"";""
"EXTRACTED/3592/0";"Users whose region does not match the organization";"用户所在地区与组织的数据中心不匹配。";"";""
"EXTRACTED/3593/0";"Filter users by type";"按类型筛选用户";"";""
"EXTRACTED/3594/0";"Try our eSign product for FREE!";"免费试用我们的eSign产品！";"";""
"EXTRACTED/3595/0";"User Type";"用户类型";"";""
"EXTRACTED/3596/0";"The total number of {{ProductName}} licenses purchased by your organization.";"您的组织购买的{{ProductName}}授权总数量。";"";""
"EXTRACTED/3597/0";"The total number of {{ProductName}} licenses assigned by administrators.";"管理员分配的{{ProductName}}授权总数。";"";""
"EXTRACTED/3598/0";"The total number of {{ProductName}} licenses that administrators can assign.";"管理员可以分配的{{ProductName}}授权总数。";"";""
"EXTRACTED/3599/0";"The number of unique users who started {{ProductName}} on this day. ";"在这一天开始使用{{ProductName}}的唯一用户数。 ";"";""
"EXTRACTED/3600/0";"Total number of users who can be assigned {{ProductName}} licenses.";"可以分配{{ProductName}}授权的用户总数。";"";""
"EXTRACTED/3601/0";"Total number of users that can used {{ProductName}}";"可以使用{{ProductName}}的用户总数";"";""
"EXTRACTED/3602/0";"The total number of {{Name}} purchased by your organization.";"您的组织购买的{{Name}}总数。";"";""
"EXTRACTED/3603/0";"Total number of {{Name}} that your users have used.";"您的用户已使用的{{Name}}总数。";"";""
"EXTRACTED/3604/0";"Total number of {{Name}} that users can use.";"用户可以使用的{{Name}}总数。";"";""
"EXTRACTED/3605/0";"The number of available {{Name}} is less than 10%.";"可用的{{Name}}数量不到10%。";"";""
"EXTRACTED/3606/0";"licenses";"授权";"";""
"EXTRACTED/3607/0";"documents";"文档";"";""
"EXTRACTED/3608/0";"envelopes";"信封";"";""
"EXTRACTED/3609/0";"The total number of users that administrators can assign {{ProductName}} licenses.";"管理员可以分配{{ProductName}}授权的用户总数。";"";""
"EXTRACTED/3610/0";"The total number of manageable users includes invited users and SSO users.";"可管理用户总数包括受邀用户和单点登录用户。";"";""
"EXTRACTED/3611/0";"The number of manageable groups you create yourself.";"您自己创建的可管理组的数量。";"";""
"EXTRACTED/3612/0";"Number of users who have logged in.";"已登录的用户数。";"";""
"EXTRACTED/3613/0";"Egnyte";"Egnyte";"";""
"EXTRACTED/3614/0";"If enabled, users can store files at Foxit cloud and share documents with others for collaboration.";"如果启用，用户可以将文件存储在福昕云，并与他人共享文档以进行协作。";"";""
"EXTRACTED/3615/0";"Disable Foxit Cloud Documents";"禁用福昕云文档";"";""
"EXTRACTED/3616/0";"If you disable Cloud Documents, users will not be able to store files at Foxit and the stored files will also be automatically deleted from Foxit servers. They will also not be able to share documents for collaboration. Are you sure you want to disable Cloud Documents?";"如果禁用云文档，用户将无法在福昕存储文件，存储的文件也将自动从福昕服务器上删除。 他们也将无法共享文档以进行协作。 您确定要禁用云文档吗？";"";""
"EXTRACTED/3617/0";"Your Admin Console has expired. Please contact Foxit to update it.";"您的管理控制台已过期。请联系福昕进行更新。";"";""
"EXTRACTED/3618/0";"Your Admin Console has expired. Please contact your Foxit sales representative to update it.";"您的管理控制台授权期限已过，请联系您的销售代表更新授权。";"";""
"EXTRACTED/3619/0";"You don";"您的管理控制台中没有有效的产品授权，请联系您的销售代表更新授权。";"";""
"EXTRACTED/3620/0";"Domain is being verified, please pay attention to check the verification result.";"域名正在验证中，请注意查看验证结果。";"";""
"EXTRACTED/3621/0";"Invalid Email. Please try another one.";"无效的邮件地址。请尝试另一种。";"";""
"EXTRACTED/3622/0";"Invalid Phone. Please try another one.";"无效的电话号码。请尝试另一个。";"";""
"EXTRACTED/3623/0";"Source attribute:";"源属性：";"";""
"EXTRACTED/3624/0";"User principal name";"用户主体名称";"";""
"EXTRACTED/3625/0";"Select the source attribute you want to map as your account. Once the source attribute is set, it cannot be changed.";"选择您想要映射为账户的源属性。一旦源属性被设置，其将不可更改。";"";""
"EXTRACTED/3626/0";"The eSign service is temporarily unavailable. Please try again later.";"福昕电子签章服务暂时不可用，请稍后再试。";"";""
"EXTRACTED/3627/0";"Enter the newest API Key you generated in JumpCloud. Generating a new API key will revoke access to the previous API key. This will render all calls using the previous API key inaccessible. ";"输入您在JumpCloud中生成的最新API密钥。生成新的API密钥将撤销对前一个API密钥的访问。这将令使用前一个API密钥的所有调用无法访问。 ";"";""
"EXTRACTED/3628/0";"Sync users and groups from JumpCloud";"从JumpCloud同步用户和组";"";""
"EXTRACTED/3629/0";"This page contains information and instructions related to a third-party application (JumpCloud). These instructions may vary on your environment and need to be confirmed with your JumpCloud vendor, if necessary. If you have specific needs or specific settings you need to apply, you may need to check those with your IdP admins.";"本页包含与第三方应用程序(JumpCloud)相关的信息和说明。这些说明可能因您的环境而异，如有必要，请与您的JumpCloud供应商确认。如果您需要应用特定需求或特定设置，则可能需要与IdP管理员进行核对。";"";""
"EXTRACTED/3630/0";"Step 1: Login to JumpCloud";"步骤1：登录JumpCloud";"";""
"EXTRACTED/3631/0";"Step 2: Create an app on the JumpCloud admin page";"步骤2：在JumpCloud管理页面创建应用";"";""
"EXTRACTED/3632/0";"Step 3: Create groups on the JumpCloud admin page";"步骤3：在JumpCloud管理页面创建组";"";""
"EXTRACTED/3633/0";"Step 4: Assign groups to App";"步骤4：为应用分配组";"";""
"EXTRACTED/3634/0";"If you do not have a JumpCloud admin account, you have to create one first.";"如果您没有一个JumpCloud管理账户，您需要先创建一个。";"";""
"EXTRACTED/3635/0";"Go to \";"前往“用户认证 > SSO”页面，点击您的应用。然后切换到用户组选项卡，选择组并点击保存。{{isSharesTip}}";"";""
"EXTRACTED/3636/0";"To setup SSO (SAML 2.0) between Foxit Admin Console and JumpCloud, follow the steps below:</br>1. Go to USER AUTHENTICATION > SSO and click \";"要在福昕管理控制台和JumpCloud之间设置SSO（SAML 2.0），请按照以下步骤操作：</br>1.转到用户身份验证>SSO，然后点击“添加新应用程序”。</br>2.点击“自定义SAML应用程序”并输入显示标签。</br>3.切换到身份管理选项卡。在 JumpCloud 的 基准 URL 中输入管理控制台的租户 URL，在 JumpCloud 的令牌密钥中输入管理控制台的密钥。在JumpCloud的测试用户电子邮件中输入您在管理控制台中配置的域的测试电子邮件。</br>4.点击测试连接。</br>5.连接成功后点击激活。</br>6.在提示已成功验证身份管理程序集成后点击保存。";"";""
"EXTRACTED/3637/0";"Your Admin Console Identity Management application in the JumpCloud portal.";"JumpCloud门户中的管理控制台身份管理应用程序。";"";""
"EXTRACTED/3638/0";"Go to JumpCloud";"跳转至JumpCloud";"";""
"EXTRACTED/3639/0";"Number of total Documents";"文档总数";"";""
"EXTRACTED/3640/0";"Number of total Envelopes";"信封总数";"";""
"EXTRACTED/3641/0";"Download {{productName}}";"下载{{productName}}";"";""
"EXTRACTED/3642/0";"Expiring Soon";"马上过期";"";""
"EXTRACTED/3643/0";"Plan Auto Renews on";"计划自动续订于";"";""
"EXTRACTED/3644/0";"Data retention policy";"数据保留策略";"";""
"EXTRACTED/3645/0";"Only the envelope usage details data within the current subscription period is kept. If the subscription plan is updated, we will not retain the data before the update.";"只保留当前订阅期间的信封使用详细信息数据。如果订阅计划已更新，我们将不保留更新前的数据。";"";""
"EXTRACTED/3646/0";" In order to ensure the stability of Foxit Admin Console, we will update the envelope usage data every day.";" 为了保证福昕管理控制台的稳定性，我们将每天更新一次信封使用数据。";"";""
"EXTRACTED/3647/0";"Pooling of envelopes is allowed among licensed users. Licensed users can use all envelopes.";"允许在授权用户之间共用信封。获得授权的用户可以使用所有信封。";"";""
"EXTRACTED/3648/0";"Pooling of envelopes is not allowed among licensed users. The maximum number of envelopes that can be used by each licensed user is {{num}}. If you want to enable envelope pooling, please contact sales to purchase.";"授权用户之间不允许共享信封池。每个授权用户可以使用的最大信封数是{{num}}。如果您想要启用信封池，请联系销售人员购买。";"";""
"EXTRACTED/3649/0";"Foxit PDF Editor - <i>Windows</i> configuration";"福昕高级PDF编辑器 - <i>Windows</i> 配置";"";""
"EXTRACTED/3650/0";"Foxit PDF Editor - <i>Mac</i> configuration";"福昕高级PDF编辑器 - <i>Mac</i> 配置";"";""
"EXTRACTED/3651/0";"Notifications, {{num}} unread";"通知，{{num}} 条未读";"";""
"EXTRACTED/3652/0";"Notifications";"通知";"";""
"EXTRACTED/3653/0";"No notifications yet";"尚无通知";"";""
"EXTRACTED/3654/0";"Approve Now";"立即批准";"";""
"EXTRACTED/3655/0";"Review Now";"现在审查";"";""
"EXTRACTED/3656/0";"{{num}} users applied to join your organization";"{{num}} 位用户申请加入您的组织";"";""
"EXTRACTED/3657/0";"<a>{{userlist}}</a> request(s) to join your organization and gain access to {{prdouctName}}. You can click Approve Now to approve immediately.";"<a>{{userlist}}</a>请求加入您的组织并获得对{{prdouctName}}的访问权限。您可以点击“立即批准”进行批准。";"";""
"EXTRACTED/3658/0";"Pending approval";"待批准";"";""
"EXTRACTED/3659/0";"Under Review";"审核中";"";""
"EXTRACTED/3660/0";"Rejected";"已拒绝";"";""
"EXTRACTED/3661/0";"User Source";"用户来源";"";""
"EXTRACTED/3662/0";"Submitted";"已提交";"";""
"EXTRACTED/3663/0";"Completed";"已完成";"";""
"EXTRACTED/3664/0";"Reject";"拒绝";"";""
"EXTRACTED/3665/0";"Approver";"审批人的评论";"";""
"EXTRACTED/3666/0";"Enter comments (optional)";"输入评论（可选）";"";""
"EXTRACTED/3667/0";"Envelopes Used: number of envelopes used/total number of envelopes that this user can use";"使用的信封数：已使用的信封数量/该用户可以使用的信封总数";"";""
"EXTRACTED/3668/0";"Data acquisition failed. <br/>Please choose a correct date range.";"数据获取失败。<br/>请选择正确的日期范围。";"";""
"EXTRACTED/3669/0";"Access {{productName}}";"访问{{productName}}";"";""
"EXTRACTED/3670/0";"eSign Pro";"电子签章服务专业版";"";""
"EXTRACTED/3671/0";"eSign Essentials";"eSign Essentials";"";""
"EXTRACTED/3672/0";"You won";"您将无法再查看此请求。";"";""
"EXTRACTED/3673/0";"Successfully added user to organization and assigned license.";"已成功将用户添加到组织并分配授权。";"";""
"EXTRACTED/3674/0";"Join Request";"加入请求";"";""
"EXTRACTED/3675/0";"Requester";"请求者";"";""
"EXTRACTED/3676/0";"Cautions";"注意事项";"";""
"EXTRACTED/3677/0";"If the domain has linked to a directory, the trustee will be able to access all domains within the directory.";"如果该域名已链接到一个目录，受托人将能够访问目录中的所有域名。";"";""
"EXTRACTED/3678/0";"If you revoke the trustee, users who have been synchronized to the organization will be deleted and cannot continue using the licenses assigned to them.";"如果您撤销受托人，已同步到组织的用户将被删除，并且无法继续使用分配给他们的授权。";"";""
"EXTRACTED/3679/0";"Data center";"数据中心";"";""
"EXTRACTED/3680/0";"{{region}} Datacenter";"{{region}}数据中心";"";""
"EXTRACTED/3681/0";"Indicates the data center location where your organization";"指示您的组织数据存储和管理的数据中心位置。";"";""
"EXTRACTED/3682/0";"Domain has been shared with another organization";"域名已与另一组织共享。";"";""
"EXTRACTED/3683/0";"Approve request";"批准请求";"";""
"EXTRACTED/3684/0";"This domain has been shared with organization {Organization Name}. By confirming, the original trustee will be revoked.";"这个域名已与组织{Organization Name}共享。确认后，原受托人将被撤销。";"";""
"EXTRACTED/3685/0";"Reason for Joining";"加入理由";"";""
"EXTRACTED/3686/0";"Process";"过程";"";""
"EXTRACTED/3687/0";"If you remove the license related to Foxit eSign, the ownership of the documents, templates and other assets attached to the removed users will be deleted. The used templates and envelopes will not be returned. Are you sure you want to remove the user";"如果您移除与福昕电子签名相关的授权，则附加到所移除用户的文档、模板和其他资产的所有权将被删除。使用的模板和信封将不予退还。是否确实要移除用户的授权？";"";""
"EXTRACTED/3688/0";"Statistics are available  before the current day";"统计数据在当前日期之前可用";"";""
"EXTRACTED/3689/0";"{{emails}} failed to operate.";"{{emails}}无法操作。";"";""
"EXTRACTED/3690/0";"License activation rules";"授权激活规则";"";""
"EXTRACTED/3691/0";"Single Product Settings";"单个产品设置";"";""
"EXTRACTED/3692/0";"Rule {{step}}:";"规则{{step}}：";"";""
"EXTRACTED/3693/0";"Default order to assign/acquire Foxit PDF Editor Windows licenses: Foxit PDF Editor Pro Windows > Foxit PDF Editor Windows.";"默认顺序为分配/获取 福昕高级PDF编辑器 Windows 许可证: 福昕高级PDF编辑器 Pro Windows > 福昕高级PDF编辑器 Windows。";"";""
"EXTRACTED/3694/0";"Default order to assign/acquire Foxit PDF Editor Windows licenses: Foxit PDF Editor - <i>Win</i> > Foxit PDF Editor - <i>Win Standard</i>";"默认顺序分配/获取 福昕高级PDF编辑器 Windows 许可证: 福昕高级PDF编辑器 - <i>Win</i> > 福昕高级PDF编辑器 - <i>Win 标准版</i>";"";""
"EXTRACTED/3695/0";"Default order to assign/acquire Foxit PDF Editor Windows licenses: Foxit PDF Editor - <i>Windows</i> > Foxit PDF Editor - <i>Windows Standard</i>.";"默认顺序分配/获取 福昕高级PDF编辑器 Windows授权: 福昕高级PDF编辑器 - <i>Windows</i> > 福昕高级PDF编辑器 - <i>Windows 标准版</i>。";"";""
"EXTRACTED/3696/0";"When the same product license has different expiration dates, the user has priority to obtain the product license with a longer validity period.";"当同一个产品授权到期时间不同时，用户优先获得有效期较长的产品授权。";"";""
"EXTRACTED/3697/0";"When the same product license has different devices, the user has priority to obtain the product license with more devices.";"当同一产品授权包含不同设备时，用户优先获得设备更多的产品授权。";"";""
"EXTRACTED/3698/0";"When the same product license has different pooling envelopes, the user has priority to obtain the product license with shared envelope pooling.";"当同一产品授权包含不同的信封池时，用户优先获得共享信封池的产品授权。";"";""
"EXTRACTED/3699/0";"License activation rules for the Editor Cloud products:";"网页平台的编辑器产品授权激活规则：";"";""
"EXTRACTED/3700/0";"For Editor Cloud products, we activate user licenses in the following order by default. ";"对于网页平台的编辑器产品，默认情况下，我们按以下顺序激活用户授权。 ";"";""
"EXTRACTED/3701/0";"License activation rules for the Editor Mobile products:";"移动平台的编辑器产品授权激活规则：";"";""
"EXTRACTED/3702/0";"For Editor Mobile products, we activate user licenses in the following order by default. ";"对于移动平台的编辑器产品，默认情况下，我们按以下顺序激活用户授权。 ";"";""
"EXTRACTED/3703/0";"License activation rules for the Editor Windows products:";"Windows平台的编辑器产品授权激活规则：";"";""
"EXTRACTED/3704/0";"For the Editor Windows product, we prioritize activating the version that users have access to. User licenses will be activated in the following order if there are no activation restrictions for specific versions. ";"对于Windows平台的编辑器产品，我们优先激活用户有权访问的版本。如果特定版本没有激活限制，用户授权将按以下顺序激活。 ";"";""
"EXTRACTED/3705/0";"License activation rules for the Editor Mac products:";"Mac平台的编辑器产品授权激活规则：";"";""
"EXTRACTED/3706/0";"For Editor Mac products, we prioritize activating the version that users have access to. User licenses will be activated in the following order if there are no activation restrictions for specific versions.";"对于Mac平台的编辑器产品，我们优先激活用户有权访问的版本。如果特定版本没有激活限制，用户授权将按以下顺序激活。";"";""
"EXTRACTED/3707/0";"Automatic License assignment rules for the eSign products:";"电子签章产品的自动授权分配规则：";"";""
"EXTRACTED/3708/0";"For eSign products, we assign and activate user licenses in the following order by default.";"对于电子签章产品，默认情况下，我们按以下顺序分配和激活用户授权。";"";""
"EXTRACTED/3709/0";"Foxit Online Office Automatic License Allocation Rules:";"福昕在线Office产品的自动授权分配规则:";"";""
"EXTRACTED/3710/0";"For Foxit Online Office products, license activation follows this default priority sequence.";"对于福昕在线Office产品，默认情况下，我们按以下顺序激活产品授权。";"";""
"EXTRACTED/3711/0";"Foxit AI PPT Automatic License Allocation Rules:";"福昕AI PPT产品的自动授权分配规则:";"";""
"EXTRACTED/3712/0";"For Foxit AI PPT products, license activation follows this default priority sequence.";"对于福昕AI PPT产品，默认情况下，我们按以下顺序激活产品授权。";"";""
"EXTRACTED/3713/0";"Learn more about license activation rules.";"了解更多关于授权激活的规则。";"";""
"EXTRACTED/3714/0";"Assign licenses to selected users and groups.";"分配授权给选定的用户和组";"";""
"EXTRACTED/3715/0";"License Quota";"授权配额";"";""
"EXTRACTED/3716/0";"{{productName}} has no available quota. To ensure all users can access Foxit service, please contact your super administrator for more quotas.";"{{productName}} 没有可用配额。为了确保所有用户都可以访问福昕服务，请联系您的超级管理员获取更多配额。";"";""
"EXTRACTED/3717/0";"{{productName}} has no available quota. To ensure all users can access Foxit service, please visit Foxit Website for more quotas.";"{{productName}} 没有可用的配额。为确保所有用户都能访问福昕服务，请访问福昕网站获取更多配额。";"";""
"EXTRACTED/3718/0";"{{productName}} has no available quota. To ensure all users can access Foxit service, please contact Foxit Sales Team at {{tel}} to update your quotas.";"{{productName}} 没有可用配额。为确保所有用户都能访问福昕服务，请联系福昕销售团队，邮箱 {{tel}}，以更新您的配额。";"";""
"EXTRACTED/3719/0";"{{productName}} has no available quota. To ensure all users can access Foxit service, please have super administrator for more quotas.";"{{productName}} 没有可用的配额。为了确保所有用户都能访问福昕服务，请联系超级管理员获取更多配额。";"";""
"EXTRACTED/3720/0";"eSign China External ";"福昕电子签章对外签署服务 ";"";""
"EXTRACTED/3721/0";"Pooling of envelopes is not allowed among licensed users. If you want to enable envelope pooling, please contact sales to purchase.";"授权用户之间不允许共享信封池。如果您想要启用信封池，请联系销售人员购买。";"";""
"EXTRACTED/3722/0";"More configuration for Foxit eSign";"福昕电子签章的更多配置";"";""
"EXTRACTED/3723/0";"Shared document pooling";"共享文档池";"";""
"EXTRACTED/3724/0";"Pooling of documents is allowed among licensed users. Licensed users can use all documents.";"授权用户之间允许共享文档池。授权用户可以使用所有文档。";"";""
"EXTRACTED/3725/0";"Time Range";"时间范围";"";""
"EXTRACTED/3726/0";"In Trial";"试用中";"";""
"EXTRACTED/3727/0";"Users can view the time range for license usage data.";"用户可以查看授权使用数据的时间范围。";"";""
"EXTRACTED/3728/0";"License Usage of group and organization";"组和组织的使用授权";"";""
"EXTRACTED/3729/0";"Please select range for export";"请选择导出范围";"";""
"EXTRACTED/3730/0";"Export all usage data under the time range";"导出该时间范围内的所有使用数据";"";""
"EXTRACTED/3731/0";"Export only the usage data of the currently selected item";"仅导出当前所选条目的使用数据";"";""
"EXTRACTED/3732/0";"Export all usage data of PDF Editor and eSign under the time range";"导出该时间范围内PDF编辑器和电子签章的所有使用数据";"";""
"EXTRACTED/3733/0";"Export usage data of the currently selected product";"导出当前所选产品的使用数据";"";""
"EXTRACTED/3734/0";"Export all usage data of PDF Editor";"导出PDF编辑器的所有使用数据";"";""
"EXTRACTED/3735/0";"Export all usage data of eSign";"导出电子签章的所有使用数据";"";""
"EXTRACTED/3736/0";"Export usage data by group";"按组导出使用数据";"";""
"EXTRACTED/3737/0";"Export usage data by organization";"按组织导出使用数据";"";""
"EXTRACTED/3738/0";"Unshared document pooling";"不共享文档池";"";""
"EXTRACTED/3739/0";"Pooling of documents is not allowed among licensed users. If you want to enable document pooling, please contact sales to purchase.";"授权用户之间不允许共享文档池。如果您想要启用文档池，请联系销售人员购买。";"";""
"EXTRACTED/3740/0";"It helps you to customize your organization";"它将帮助您自定义组织的客户端激活策略";"";""
"EXTRACTED/3741/0";"Export the usage data under the current expiration date";"导出当前有效期内的使用数据";"";""
"EXTRACTED/3742/0";"Export the usage data under all expiration dates";"导出所有有效期内的使用数据";"";""
"EXTRACTED/3743/0";"Access policies";"访问策略";"";""
"EXTRACTED/3744/0";"You can define the policy for user access to Foxit products. By default, if users are assigned licenses, they can access Foxit";"您可以定义用户访问福昕产品的策略。默认情况下，如果用户获得了授权，他们就可以访问福昕的产品。如果用户被阻止访问某个产品，即使他们拥有该产品的授权，他们也无法访问该产品。";"";""
"EXTRACTED/3745/0";"Set access policies for products ";"设置产品的访问策略 ";"";""
"EXTRACTED/3746/0";"Select a policy for {{productName}}";"选择{{productName}}的策略";"";""
"EXTRACTED/3747/0";"Feature Settings";"功能设置";"";""
"EXTRACTED/3748/0";"Configure the features allowed to use in the application, which will only affect the latest version of the products.";"配置应用程序中允许使用的功能，这只会影响产品的最新版本。";"";""
"EXTRACTED/3749/0";"Configure the features allowed to use in {{productName}}";"配置允许在 {{productName}} 中使用的功能";"";""
"EXTRACTED/3750/0";"Feature settings";"功能设置";"";""
"EXTRACTED/3751/0";"Features access settings";"功能访问设置";"";""
"EXTRACTED/3752/0";"Support Center";"支持中心";"";""
"EXTRACTED/3753/0";"If selected, the feature can be displayed in the application. You can customize which users can access this feature, including all users or specific users.";"如果选中，该功能可以显示在应用程序中。您可以自定义哪些用户可以访问该功能，包括所有用户或特定用户。";"";""
"EXTRACTED/3754/0";"Docs settings";"文档设置";"";""
"EXTRACTED/3755/0";"If you enable this option, enterprise users are required to apply AIP labels when saving documents.";"如果您启用此选项，则企业用户在保存文档时需要应用AIP标签。";"";""
"EXTRACTED/3756/0";"AIP default and mandatory labeling";"AIP默认和强制标签";"";""
"EXTRACTED/3757/0";"AI Assistant";"AI助手";"";""
"EXTRACTED/3758/0";"Foxit Sign China";"中国福昕电子签章服务";"";""
"EXTRACTED/3759/0";"Discovery";"发现";"";""
"EXTRACTED/3760/0";"Paper duplication checker";"论文查重";"";""
"EXTRACTED/3761/0";"General configuration";"常规配置";"";""
"EXTRACTED/3762/0";"Select the users you want to block access to Foxit products and services.";"选择您想要阻止访问福昕产品和服务的用户。";"";""
"EXTRACTED/3763/0";"Are you sure you want to change to another policy?";"您确定要切换到其他策略吗？";"";""
"EXTRACTED/3764/0";"If you block all users from accessing the product, and Admin Console will no longer record usage data for the product.<p>Are you sure you want to block all users access?</p>";"如果您阻止所有用户访问该产品，管理控制台将不再记录该产品的使用数据。<p>您确定要阻止所有用户访问吗？</p>";"";""
"EXTRACTED/3765/0";"Please confirm whether you want to block all users from accessing this product. This action will result in all usage data for this product no longer being displayed in the Admin Console.";"请确认您是否要阻止所有用户访问本产品。此操作将导致该产品的所有使用数据不再显示在管理控制台中。";"";""
"EXTRACTED/3766/0";"Please confirm whether you want to block all users (except for the super administrator) from accessing this product. This action will result in all usage data for this product no longer being displayed in the Admin Console.";"请确认您是否想要阻止所有用户（除超级管理员以外）访问该产品。此操作将导致产品的所有使用数据不再显示在管理控制台中。";"";""
"EXTRACTED/3767/0";"Product Access Policy Configuration";"产品访问策略配置";"";""
"EXTRACTED/3768/0";"Change Access Policies";"更改访问策略";"";""
"EXTRACTED/3769/0";"You can set authorization models, modify products";"您可以设置授权模式、修改产品的访问策略、定制产品功能。";"";""
"EXTRACTED/3770/0";"Sorry, the link you are trying to access is invalid or unavailable.";"抱歉，您尝试访问的链接无效或不可用。";"";""
"EXTRACTED/3771/0";"Revalidate all domains to obtain the latest validation results.";"重新验证所有域以获取最新的验证结果";"";""
"EXTRACTED/3772/0";"Trusted";"信任的";"";""
"EXTRACTED/3773/0";"Your session has expired. Please log in again.";"您的会话已过期。请重新登录。";"";""
"EXTRACTED/3774/0";"To ensure user management smoothness, we suggest adding up to 500 users at a time. If you need to add more users, we recommend doing so in batches to avoid potential issues.";"为了确保用户管理的顺利进行，我们建议一次最多添加500个用户。如果您需要添加更多的用户，我们建议分多个批次添加，以避免任何潜在问题。";"";""
"EXTRACTED/3775/0";"Notify users when: ";"在以下情况下通知用户： ";"";""
"EXTRACTED/3776/0";"Inviting users to join your organization";"邀请用户加入您的组织";"";""
"EXTRACTED/3777/0";"Assigning/Updating licenses to users";"分配/更新用户授权";"";""
"EXTRACTED/3778/0";"Removing user licenses";"移除用户授权";"";""
"EXTRACTED/3779/0";"Default email template";"默认电子邮件模板";"";""
"EXTRACTED/3780/0";"Custom email template";"自定义电子邮件模板";"";""
"EXTRACTED/3781/0";"Preview";"预览";"";""
"EXTRACTED/3782/0";"Disclaimer: Any content included in this email represents only the views of your company and does not necessarily represent the views of Foxit Software Incorporated. ";"免责声明：本电子邮件中包含的任何内容仅代表贵公司的观点，并不一定代表福昕软件公司的观点。 ";"";""
"EXTRACTED/3783/0";"PDF Editor Suite Pro for Education configuration";"PDF Editor Suite Pro for Education配置";"";""
"EXTRACTED/3784/0";"Product Data Overview";"产品数据概览";"";""
"EXTRACTED/3785/0";"Data Overview (Plugin)";"数据概览（插件）";"";""
"EXTRACTED/3786/0";"The total number of {{plugin}} documents purchased by your organization.";"您的组织所购买的{{plugin}}文档总数。";"";""
"EXTRACTED/3787/0";"The total number of {{plugin}} licenses purchased by your organization.";"您的组织购买的{{plugin}}授权总数。";"";""
"EXTRACTED/3788/0";"The total number of {{plugin}} licenses assigned by administrators.";"管理员分配的{{plugin}}授权总数。";"";""
"EXTRACTED/3789/0";"The total number of {{plugin}} licenses that administrators can assign.";"管理员可分配的{{plugin}}授权总数。";"";""
"EXTRACTED/3790/0";"eSign Document";"电子签章文档";"";""
"EXTRACTED/3791/0";"Subscribed Documents Used";"使用的订阅文档";"";""
"EXTRACTED/3792/0";"Smart Redact Documents used";"使用的智能密文文档";"";""
"EXTRACTED/3793/0";"Are you sure you want to share the domain and related directory between your organization and {{OrganizationName}}?";"您确定要在您的组织和{{OrganizationName}}之间共享该域和相关目录吗？";"";""
"EXTRACTED/3794/0";"You have successfully shared the domain . Please check your <strong>SAML user sync configuration</strong> and ensure they are complete. If the configuration is incomplete, user data will not be automatically synchronized to the shared enterprise.";"您已成功共享域名。请检查您的<strong>SAML用户同步配置</strong>，确保其完整。如果配置不完整，用户数据将无法自动同步到共享的企业。";"";""
"EXTRACTED/3795/0";"Configure Now";"立即配置";"";""
"EXTRACTED/3796/0";"{{EnterpriseName}} belong to the same data center, and the domain can only be shared with one of the enterprises.";"{{EnterpriseName}}属于同一数据中心，该域名只能与其中一家企业共享。";"";""
"EXTRACTED/3797/0";"Reject requests";"拒绝请求";"";""
"EXTRACTED/3798/0";"Enterprise Name and Enterprise Name belong to the data center, and the domain can only be shared with one of the enterprises.";"企业名称和企业名称属于数据中心，域名只能与其中一家企业共享。";"";""
"EXTRACTED/3799/0";"Foxit Admin Console Knowledge Base";"福昕管理控制平台知识库";"";""
"EXTRACTED/3800/0";"Find answers on all things Admin Console. ";"查找有关管理控制平台的所有问题的答案。 ";"";""
"EXTRACTED/3801/0";"Select the users you want to access the feature.";"选择您想要访问该功能的用户。";"";""
"EXTRACTED/3802/0";"licenses used (Plugin)";"使用的授权（插件）";"";""
"EXTRACTED/3803/0";"Standard";"标准版";"";""
"EXTRACTED/3804/0";"Pro";"专业版";"";""
"EXTRACTED/3805/0";"Enterprise";"企业版";"";""
"EXTRACTED/3806/0";"Without Smart Redact plugin";"没有智能密文插件";"";""
"EXTRACTED/3807/0";"Without {{plugin}} plugin";"没有{{plugin}}插件";"";""
"EXTRACTED/3808/0";"Plugin";"插件";"";""
"EXTRACTED/3809/0";"Manual SSO Sync does not update user data automatically. Go to Directory Settings and click “Synchronize” to apply updates.";"手动 SSO 同步不会自动更新用户数据。请前往目录设置并点击“同步”以应用更新。";"";""
"EXTRACTED/3810/0";"Link format error.";"链接格式错误。";"";""
"EXTRACTED/3811/0";"URL";"URL";"";""
"EXTRACTED/3812/0";"Choose eligible users";"选择符合条件的用户";"";""
"EXTRACTED/3813/0";"Select users that will be eligible for automatic assignment of this product. All existing and new users added to the selected organizations are eligible to be automatically provisioned a license. The number of licenses that can be automatically assigned by each organization is limited by the license quota. You can access the <span style=";"选择有资格自动分配此产品的用户。添加到所选组织的全部现有用户和新用户都有资格自动配置授权。每个组织可以自动分配的授权数量受到授权配额的限制。您可以访问<span style='color: #f58320;cursor: pointer;'>配额</span>页面查看更多信息。";"";""
"EXTRACTED/3814/0";"Resetting will clear all fields and cannot be undone. Are you sure you want to reset?";"重置将清除所有字段且无法撤消。您确定要重置吗？";"";""
"EXTRACTED/3815/0";"Setup admin";"设置管理员";"";""
"EXTRACTED/3816/0";"(The settings will be synced to Foxit eSign.)";"（设置将同步到福昕电子签章。）";"";""
"EXTRACTED/3817/0";"Setup administrators cannot be assigned Foxit eSign related product licenses. This role has similar privileges to a system administrator. Please note that there maybe delay in synchronizing the data.";"无法为设置管理员分配福昕电子签章相关产品授权。此角色具有与系统管理员类似的权限。请注意，同步数据可能会有延迟。";"";""
"EXTRACTED/3818/0";"Select eSign products:";"选择电子签章产品：";"";""
"EXTRACTED/3819/0";"Foxit eSign Accounts: {{email}} (Account# {{accountID}})";"福昕电子签章账户：{{email}} (账户# {{accountID}})";"";""
"EXTRACTED/3820/0";"Related Foxit eSign Accounts:";"相关福昕电子签章账户：";"";""
"EXTRACTED/3821/0";"Please select at least one product for {{Administrator}}.";"请为{{Administrator}}至少选择一种产品。";"";""
"EXTRACTED/3822/0";"Synchronized with eSign";"与电子签章同步";"";""
"EXTRACTED/3823/0";"Specific accounts";"特定账户";"";""
"EXTRACTED/3824/0";"{{email}} (Account# {{accountID}})";"{{email}} (账户# {{accountID}})";"";""
"EXTRACTED/3825/0";"Foxit eSign Accounts:";"福昕电子签章账户：";"";""
"EXTRACTED/3826/0";"All accounts";"所有账户";"";""
"EXTRACTED/3827/0";"No custom mail template has been created. ";"尚未创建自定义邮件模板。 ";"";""
"EXTRACTED/3828/0";"Please note that assigning eSign product licenses to the Setup Admin will result in the removal of their Setup Admin role.";"请注意，将电子签章产品授权分配给设置管理员将导致其设置管理员角色被删除。";"";""
"EXTRACTED/3829/0";"The user is Setup Admin. Assigning eSign product licenses to this user will result in the removal of their Setup Admin role. Are you sure you want to assign licenses to this user?";"用户是设置管理员。向该用户分配电子签章产品授权将导致其设置管理员角色被删除。您确定要向该用户分配授权吗？";"";""
"EXTRACTED/3830/0";"Please be aware that the selected licenses may contain the same products. It is recommended to review them before proceeding. If you wish to proceed, please click ";"请注意，所选授权可能包含相同的产品。建议在继续之前先查看下。如果您想继续，请点击“{{btnName}}”。";"";""
"EXTRACTED/3831/0";"Associate organization attributes with Foxit eSign to synchronize users and licenses";"将组织属性与福昕电子签章关联以同步用户和授权";"";""
"EXTRACTED/3832/0";"When this feature is enabled, if users within the organization assigned licenses for the eSign related product, they will be automatically synchronized with eSign. The organization";"启用此功能后，如果组织内的用户被分配了电子签章相关产品的授权，他们将自动与电子签章进行同步。组织的配额必须与订单关联。如果部门没有设置配额，信封使用量将不受限制。这些设置无法修改。";"";""
"EXTRACTED/3833/0";"Select the organization attributes:";"选择组织属性：";"";""
"EXTRACTED/3834/0";"Sub-Organization";"子组织";"";""
"EXTRACTED/3835/0";"Binding eSign Product:";"绑定电子签章产品：";"";""
"EXTRACTED/3836/0";"Add a product admin to the organization";"向组织添加产品管理员";"";""
"EXTRACTED/3837/0";"Type a user name or email address to add a product admin to the organization.";"请输入用户名或电子邮件地址以将产品管理员添加到组织中。";"";""
"EXTRACTED/3838/0";"Select Product";"选择产品";"";""
"EXTRACTED/3839/0";"Add product order";"添加产品订单";"";""
"EXTRACTED/3840/0";"( If you enable Cloud Documents, users can store files at Foxit and share documents with others for collaboration. )";"（如果启用云文档，用户可以将文件存储在福昕，并与他人共享文档以进行协作。）";"";""
"EXTRACTED/3841/0";"The user has been assigned a license for eSign-related products. If this user is still to be set as a Setup Admin, we will remove the following licenses of the user.";"用户已被分配电子签章相关产品的授权。如果该用户仍被设置为设置管理员，我们将移除该用户的以下授权。";"";""
"EXTRACTED/3842/0";"Assigned license(s):";"分配的授权:";"";""
"EXTRACTED/3843/0";"Remove and continue";"移除并继续";"";""
"EXTRACTED/3844/0";"Select Order Expiration Date: ";"请选择订单过期日期：";"";""
"EXTRACTED/3845/0";"Select date";"选择日期";"";""
"EXTRACTED/3846/0";"Set License Quota";"设置授权配额";"";""
"EXTRACTED/3847/0";"Set Envelope Quota";"设置信封配额";"";""
"EXTRACTED/3848/0";"({{num}} available)";"({{num}} 可用)";"";""
"EXTRACTED/3849/0";"Unable to place an order for this product.";"无法为此产品下订单。";"";""
"EXTRACTED/3850/0";"For organizations that can synchronize data with eSign, license quotas and envelope quotas cannot be set unless they are associated with the corresponding order. Organizations that do not synchronize data with eSign are owned by the enterprise and cannot set envelope quotas.";"对于可以与电子签章同步数据的组织，除非与相应的订单关联，否则无法设置授权配额和信封配额。不与电子签章同步数据的组织由企业拥有，无法设置信封配额。";"";""
"EXTRACTED/3851/0";"Envelope Quota";"信封配额";"";""
"EXTRACTED/3852/0";"Notify product admin";"通知产品管理员";"";""
"EXTRACTED/3853/0";"Send email notification to product admin that quota has been updated";"向产品管理员发送配额已更新的电子邮件通知";"";""
"EXTRACTED/3854/0";"If users in the organization have been assigned licenses for eSign-related products, please note that deleting the organization will also delete the user";"如果组织中的用户已被分配了与电子签名相关的产品的授权，请注意删除该组织将同时删除用户的文档数据，且无法恢复。如果产品配额不足，我们将移除用户的授权。";"";""
"EXTRACTED/3855/0";"We will remove users license if the product quota is not enough.";"如果产品配额不足，我们将删除用户授权。";"";""
"EXTRACTED/3856/0";"Are you sure you want to delete the organization?";"您确定要删除这个组织吗？";"";""
"EXTRACTED/3857/0";"Deletion failed. The organization is a sub-organization of Foxit eSign and cannot be deleted.";"删除失败。该组织是福昕电子签章的子组织，无法删除。";"";""
"EXTRACTED/3858/0";"(eSign admin)";"(电子签章管理员)";"";""
"EXTRACTED/3859/0";"This user is set as a Super admin/Setup admin in the {{accountList}} of Foxit eSign.";"此用户已在福昕电子签章的{{accountList}}中设为超级管理员/设置管理员。";"";""
"EXTRACTED/3860/0";"[Account# {{accountId}}]";"账户# {{accountId}}";"";""
"EXTRACTED/3861/0";"Step";"步骤";"";""
"EXTRACTED/3862/0";"Create groups and establish connections with Foxit Admin Console";"使用福昕管理控制台创建组并建立连接";"";""
"EXTRACTED/3863/0";"1.Go back to the \";"1. 返回到“福昕身份管理”主设置页面，然后访问用户和组部分。";"";""
"EXTRACTED/3864/0";"1.In the OKTA Console, go to “Directory > Groups” page, add group and add users to the group who should have access to the app.";"1. 在OKTA控制台中，转到“目录 > 组”页面，添加组并将用户添加到应该具有对该应用程序的访问权限的组中。";"";""
"EXTRACTED/3865/0";"Create an app on the Microsoft Entra ID admin page";"在 Microsoft Entra ID 管理页面上创建应用程序";"";""
"EXTRACTED/3866/0";"To setup SSO (SAML 2.0) between Foxit Admin Console and Microsoft Entra ID, follow the steps below:<br/>1.Go to Enterprise applications page and create your own application.<br/>2.Go to the Overview page of your app and edit Basic SAML Configuration.<br/>3.Confirm the SP Assertion Consumer Service URL with your domain owner. Then fill in Identifier and Reply URL on Basic SAML Configuration page. Please note that the Identifier must be unique in Microsoft Entra ID, you are free to enter a virtual SP Entity ID that differs from the domain owner";"要在福昕管理控制台和Microsoft Entra ID之间设置SSO（SAML 2.0），请按照以下步骤操作:<br/>1.进入企业应用页面并创建您自己的应用。<br/>2.进入您的应用的概览页面，编辑基本SAML配置。<br/>3.与您的域名所有者确认SP断言消费者服务URL。然后在基本SAML配置页面填写标识符和回复URL。请注意，标识符在Microsoft Entra ID中必须唯一，您可以自由输入与域名所有者不同的虚拟SP实体ID。<br/>4.编辑用户属性和声明，创建一个新的声明。";"";""
"EXTRACTED/3867/0";"Method {{number}}";"方法 {{number}}";"";""
"EXTRACTED/3868/0";"Create groups according to Foxit rules. Foxit will automatically assign corresponding product licenses for the groups with the following names (note the case difference):";"根据福昕规则创建组。福昕将自动为以下名称的组分配相应的产品授权（请注意大小写区别）:";"";""
"EXTRACTED/3869/0";"2.Create groups with custom names. Please provide a group name that matches the group name in {{platform}}. You can also choose an existing group in {{platform}}. Associate the group with the licenses of the products that need to be automatically assigned.";"2.创建具有自定义名称的组。请提供与{{platform}}中的组名称匹配的组名称。您还可以选择{{platform}}中的现有组。将组与需要自动分配授权的产品的授权关联起来。";"";""
"EXTRACTED/3870/0";"Create groups according to Foxit rules. A product corresponds to a group. The names of these groups need to be fixed and case-sensitive. The group names are as follows.";"根据福昕规则创建组。一个产品对应一个组。这些组的名称需要固定且区分大小写。组的名称如下所示。";"";""
"EXTRACTED/3871/0";"Create group connections";"创建组连接";"";""
"EXTRACTED/3872/0";"Once the configuration is removed, the Admin Console will no longer assign licenses to users added to this group. However, users who have already been synchronized into the group will not be affected. Are you sure you want to delete the group connections?";"一旦配置被移除，管理员控制台将不再为添加到该组中的用户分配授权。然而，已经同步到该组的用户将不受影响。您确定要删除组连接吗？";"";""
"EXTRACTED/3873/0";"Group name";"组名称";"";""
"EXTRACTED/3874/0";"No data has been pushed by this group so far.";"这个组目前还没有推送任何数据。";"";""
"EXTRACTED/3875/0";"You can add up to 10 groups and associate each group with licenses for the products. Please note that if the group name does not match the group name in {{platform}}, Foxit will not be able to automatically assign licenses to users.";"您可以添加最多10个组，并将每个组与产品的授权关联起来。请注意，如果组名称与{{platform}}中的组名称不匹配，福昕将无法自动分配授权给用户。";"";""
"EXTRACTED/3876/0";"Auto-licensing products";"自动授权产品";"";""
"EXTRACTED/3877/0";"Group name in {{platform}}";"在 {{platform}} 中的组名称";"";""
"EXTRACTED/3878/0";"Please enter to confirm the group name";"请输入以确认组名称";"";""
"EXTRACTED/3879/0";"or";"或者";"";""
"EXTRACTED/3880/0";"Select groups";"选择组";"";""
"EXTRACTED/3881/0";"Select group(s)";"选择组";"";""
"EXTRACTED/3882/0";"Select the group(s) you want to automatically assign licenses to.";"选择您想要自动分配授权的组别。";"";""
"EXTRACTED/3883/0";"Group list in {{platform}}";"在{{platform}}中的组列表";"";""
"EXTRACTED/3884/0";"Total groups";"总组数";"";""
"EXTRACTED/3885/0";"Group for {{production}}";"{{production}}的组";"";""
"EXTRACTED/3886/0";"No search result";"无搜索结果";"";""
"EXTRACTED/3887/0";"Please complete the sync settings first.";"请先完成同步设置。";"";""
"EXTRACTED/3888/0";"Please add the group name";"请添加组名称";"";""
"EXTRACTED/3889/0";"Please select the products to associate with";"请选择要关联的产品";"";""
"EXTRACTED/3890/0";"Group is synchronizing...</br></br>It may take a while for the data to be synchronized</br>if the volume of data is large. Please be patient.";"组正在同步中...</br></br>如果数据量较大，数据同步可能需要一些时间。</br>请耐心等待。";"";""
"EXTRACTED/3891/0";"If the group name does not match the group name in {{platform}}, Foxit will not be able to automatically assign licenses to users.";"如果组名称与{{platform}}中的组名称不匹配，福昕将无法自动为用户分配授权。";"";""
"EXTRACTED/3892/0";"When a product associated with the group is updated, any new users added to the group later will automatically be assigned the updated product. This change will not affect any of the previously added users.";"当与该组关联的产品更新时，稍后添加到该组的任何新用户都将自动分配更新后的产品。此更改不会影响先前添加的任何用户。";"";""
"EXTRACTED/3893/0";"Name conflict with automated rule naming convention";"与自动化规则命名约定发生名称冲突";"";""
"EXTRACTED/3894/0";"Search group";"搜索组";"";""
"EXTRACTED/3895/0";"Refresh the list";"刷新列表";"";""
"EXTRACTED/3896/0";"Allow user&group administrators to customize sub-organization structure, excluding the synced structure.";"允许用户和组管理员自定义子组织结构。";"";""
"EXTRACTED/3897/0";"<strong>{{organizationName}}</strong> in <strong>{{productName}}</strong>";"<strong>{{productName}}</strong>中的<strong>{{organizationName}}</strong>";"";""
"EXTRACTED/3898/0";"The {{esignAdminList}} can synchronize users and licenses with Foxit eSign. Only one product administrator can be assigned. Please confirm if you would like to change the administrator for this organization.";"{{esignAdminList}}可以与福昕电子签章同步用户和授权。只能指派一个产品管理员。请确认是否要更改该组织的管理员。";"";""
"EXTRACTED/3899/0";"No";"否";"";""
"EXTRACTED/3900/0";"Sync group";"同步组";"";""
"EXTRACTED/3901/0";"Access the product here";"在这里访问产品";"";""
"EXTRACTED/3902/0";"Are you sure you want to switch to another page without saving the current changes?";"您确定要在不保存当前更改的情况下切换到另一页吗？";"";""
"EXTRACTED/3903/0";"It is not possible to move this organization as it is associated with the organization of Foxit eSign.";"无法移动此组织，因为它与福昕电子签章的组织相关联。";"";""
"EXTRACTED/3904/0";"If you need to move it, please delete the current organization and create a new one.";"如果你需要移动它，请删除当前的组织并创建一个新的。";"";""
"EXTRACTED/3905/0";"Local File";"本地文件";"";""
"EXTRACTED/3906/0";"Foxit PDF Editor Configuration";"福昕高级PDF编辑器配置";"";""
"EXTRACTED/3907/0";"Foxit PDF Editor Linux configuration";"福昕版式软件Linux版配置";"";""
"EXTRACTED/3908/0";"User(s) cannot be moved. If you want to move user(s), please update the quota of the organization or remove licenses for some users.";"用户无法移动。如果您想要移动用户，请更新组织的配额或移除一些用户的授权。";"";""
"EXTRACTED/3909/0";"If users in the organization have been assigned licenses for eSign-related products, moving users may result in changes to the user";"如果组织中的用户已被分配了与电子签名相关的产品的授权，则移动用户可能会导致用户的电子签名信封配额和文档数据发生变化。";"";""
"EXTRACTED/3910/0";"Are you sure you want to move user(s)? ";"您确定要移动用户吗？";"";""
"EXTRACTED/3911/0";"Some users in the organization have been assigned licenses for eSign-related products, moving users may result in changes to the user";"组织中的一些用户已被分配了电子签章相关产品的授权，移动用户可能会导致用户的电子签章信封配额和文档数据发生变化。";"";""
"EXTRACTED/3912/0";"Resync";"重新同步";"";""
"EXTRACTED/3913/0";"Are you sure you want to delete this administrator? If you delete this administrator, the sub-organization will no longer be associated with Foxit eSign, and the quotas and document usage data of the sub-organization will be cleared.";"您确定要删除此管理员吗？如果您删除此管理员，子组织将不再与福昕电子签章关联，且子组织的配额和文档使用数据将被清除。";"";""
"EXTRACTED/3914/0";"The licenses will be removed if the license quota is unavailable for the company.";"如果公司的授权配额不可用，授权将被移除。";"";""
"EXTRACTED/3915/0";"If users in the organization have been assigned licenses for eSign-related products, deleting users may result in changes to the user";"如果组织中的用户被分配了电子签章相关产品的授权，删除用户可能会导致用户的电子签章信封配额和文档数据发生变化。";"";""
"EXTRACTED/3916/0";"For organizations that are not associated with Foxit eSign orders and for departments that do not have envelope quota settings, envelope usage is recorded under the category ";"对于未与福昕电子签章订单相关联的组织和没有信封配额设置的部门，信封使用情况将在""无组织的用户""类别下记录。";"";""
"EXTRACTED/3917/0";"Upgrade to Suite";"升级至套件产品";"";""
"EXTRACTED/3918/0";"Try Now";"立即尝试";"";""
"EXTRACTED/3919/0";"Refresh and synchronize licenses to ensure they are current and up-to-date.";"刷新和同步授权以确保其当前和最新。";"";""
"EXTRACTED/3920/0";"Upgrade your licenses to the Suite products for free!";"免费升级您的授权到套件产品！";"";""
"EXTRACTED/3921/0";"What will you get by upgrading to the Suite products?";"升级到套件产品会给您带来什么好处？";"";""
"EXTRACTED/3922/0";"<ul><li>Powerful desktop PDF solution to create and edit PDF documents and integrate with Foxit eSign.</li><li>Powerful online all-in-one PDF Editing and eSigning tool to make your document workflows easy and secure.</li><li>Productivity at your finger tips. Stay productive with documents anywhere using the Foxit PDF Editor for mobile app.</li><li>Legally-binding e-signature service to prepare, send, sign, and track agreements.</li></ul>";"<ul><li>强大的桌面PDF解决方案，用于创建和编辑PDF文档并与福昕电子签章集成。</li><li>功能强大的在线全能PDF编辑和电子签名工具，使您的文档工作流程简单和安全。</li><li>生产力尽在指尖。使用福昕高级PDF编辑器移动应用程序随时随地保持高效。</li><li>具有法律约束力的电子签名服务，用于准备、发送、签署和跟踪协议。</li></ul>";"";""
"EXTRACTED/3923/0";"How the upgrade works?";"升级是如何工作的？";"";""
"EXTRACTED/3924/0";"<ul><li>To access the new suite products, all it takes is a simple click on the upgrade button!</li><li>The upgrades will only take a few minutes, please be patient.</li><li>When it";"<ul><li>访问新套件产品只需点击升级按钮即可！</li><li>升级过程只需几分钟，请耐心等待。</li><li>到期续订时，将适用于新产品的费用。有关条款和条件，请点击<a href='https://www.foxit.com/product/terms-of-service.html' target='_blank'>这里</a>。</li></ul>";"";""
"EXTRACTED/3925/0";"View more upgrade details";"查看更多升级详情";"";""
"EXTRACTED/3926/0";"Before upgrade";"升级前";"";""
"EXTRACTED/3927/0";"After upgrade";"升级后";"";""
"EXTRACTED/3928/0";"Upgrade Now";"立即升级";"";""
"EXTRACTED/3929/0";"The upgrade is in progress, please be patient.";"升级正在进行中，请耐心等待。";"";""
"EXTRACTED/3930/0";"Successfully upgraded to the Suite products!";"升级至套件产品成功！";"";""
"EXTRACTED/3931/0";"You can access these products now!";"您现在可以访问这些产品！";"";""
"EXTRACTED/3932/0";"PDF Editor Desktop";"PDF编辑器桌面版";"";""
"EXTRACTED/3933/0";"PDF Editor Mobile";"PDF编辑器移动版";"";""
"EXTRACTED/3934/0";"PDF Editor Cloud";"PDF编辑器网页版";"";""
"EXTRACTED/3935/0";"Failed to upgrade to the Suite products!";"升级到套件产品失败！";"";""
"EXTRACTED/3936/0";"We apologize for the inconvenience. The system failed to upgrade. Please try again. You can still access Foxit services normally now, or you can try again later.";"抱歉给您带来不便。系统升级失败，请重试。您现在仍然可以正常访问福昕服务，或者您可以稍后再试。";"";""
"EXTRACTED/3937/0";"Try again";"重试";"";""
"EXTRACTED/3938/0";"Access now";"立即访问";"";""
"EXTRACTED/3939/0";"Or ask Foxit Support Team for help";"或者向福昕支持团队寻求帮助。";"";""
"EXTRACTED/3940/0";"Users within eSign suborganizations and departments will be given priority access to the licenses tied to their specific orders.";"在电子签章子组织和部门中的用户将被优先赋予与他们特定订单相关的授权访问权限。";"";""
"EXTRACTED/3941/0";"The movement of users within the organization may result in discrepancies between the total envelope usage and the usage details data statistics.";"用户在组织内的移动可能会导致总信封使用量和使用详情数据统计之间的差异。";"";""
"EXTRACTED/3942/0";"Changing the data statistics method may result in the inability to access certain data. The data in the Foxit Admin Console is for reference only. For more data, please access Foxit eSign for viewing.";"更改数据统计方法可能导致无法访问某些数据。福昕管理控制台中的数据仅供参考。如需查看更多数据，请访问福昕电子签章进行查看。";"";""
"EXTRACTED/3943/0";"Add Sub-organization";"添加子组织";"";""
"EXTRACTED/3944/0";"Edit Sub-organization";"编辑子组织";"";""
"EXTRACTED/3945/0";"Add Organization";"添加组织";"";""
"EXTRACTED/3946/0";"Edit Organization";"编辑组织";"";""
"EXTRACTED/3947/0";"Add a regular organization where organization users will not be automatically synchronized to any platform.";"添加一个常规组织，组织用户不会自动同步到任何平台。";"";""
"EXTRACTED/3948/0";"The sub-organization primarily serves eSign products. A separate eSign account will be created for the prodcut admin and the users within the sub-organization will be automatically synchronized with this eSign account.";"该子组织主要提供电子签章产品。将为产品管理员创建一个单独的电子签章账户，并且子组织内的用户将自动与该电子签章账户同步。";"";""
"EXTRACTED/3949/0";"The department primarily serves eSign products. Currently, only the information of parent departments is synchronized to eSign. All the departments will share the same eSign account. The department info and users within the department will be automatically synchronized with this eSign account. ";"该部门主要为电子签章产品提供服务。目前，只有父部门的信息被同步到电子签章系统中。所有部门将共享同一个电子签章账户。部门信息以及部门内的用户将自动与该电子签章账户同步。";"";""
"EXTRACTED/3950/0";"Sub-organization Name";"子组织名称";"";""
"EXTRACTED/3951/0";"Parent Sub-organization";"父级子组织";"";""
"EXTRACTED/3952/0";"Parent Department";"父部门";"";""
"EXTRACTED/3953/0";"Set admin and quota for Foxit eSign";"为福昕电子签章设置管理员和配额。";"";""
"EXTRACTED/3954/0";"Set quota for Foxit eSign";"为福昕电子签章设置配额。";"";""
"EXTRACTED/3955/0";"Envelope usage will not be limited if no quota is set for departments.";"如果没有为部门设置配额，信封使用将不受限制。";"";""
"EXTRACTED/3956/0";"Client support contact";"客户支持联系方式";"";""
"EXTRACTED/3957/0";"Specify a person who provides support for users when they encounter issues in accessing client. Please note that there may be a delay in updating the information.";"指定一个在用户在访问客户端时遇到问题时提供支持的人员。请注意，更新信息可能会有延迟。";"";""
"EXTRACTED/3958/0";"Phone";"手机";"";""
"EXTRACTED/3959/0";"Customize plugin license:";"自定义插件授权：";"";""
"EXTRACTED/3960/0";"Select {{plugins}} plan";"选择{{plugins}}计划";"";""
"EXTRACTED/3961/0";"Select user group";"选择用户组";"";""
"EXTRACTED/3962/0";"Apply";"应用";"";""
"EXTRACTED/3963/0";"Activation Devices";"激活设备";"";""
"EXTRACTED/3964/0";"When the same product license has different activation devices, the user has priority to obtain the product license with more activation devices.";"当同一产品授权具有不同的激活设备时，用户优先获取具有更多激活设备的产品授权。";"";""
"EXTRACTED/3965/0";"Device: {{num}}";"设备：{{num}}";"";""
"EXTRACTED/3966/0";"Your license was upgraded on {{date}}. You can view the previous data by <a> visiting Report</a>.";"您的授权已于{{date}}升级。您可以通过<a>访问报告</a>查看以前的数据。";"";""
"EXTRACTED/3967/0";"Your license was upgraded on {{date}}. You are currently accessing historical product data under its previous name.";"您的授权已于{{date}}进行了升级。您当前正在访问其先前名称下的历史产品数据。";"";""
"EXTRACTED/3968/0";"You have acquired licenses for various types of eSign. Here is a list of the total number of licenses and eSign envelopes purely for reference. Please refer to the <span class=";"您已获得各种类型的电子签名授权。以下是授权和电子签名信封的总数列表，仅供参考。请参考<span class='tip'>产品</span>页面获取精确参数。";"";""
"EXTRACTED/3969/0";"No permission to access this page.";"没有权限访问此页面。";"";""
"EXTRACTED/3970/0";"Never Show";"不再显示";"";""
"EXTRACTED/3971/0";"We apologize for the inconvenience. The system failed to upgrade. You can still access Foxit services normally now.  You can try again later or ask Foxit Support Team for help.";"非常抱歉给您带来不便。系统升级失败。您现在仍然可以正常访问福昕服务。您可以稍后再试，或者向福昕支持团队寻求帮助。";"";""
"EXTRACTED/3972/0";"You can not access this site now, please ask Foxit Support Team for help. ";"您现在无法访问该网站，请向福昕支持团队寻求帮助。";"";""
"EXTRACTED/3973/0";"Enterprise administrator from another data center uses the system.";"来自另一个数据中心的企业管理员使用该系统。";"";""
"EXTRACTED/3974/0";"Enterprise Directory user from a different data center.";"来自不同数据中心的企业目录用户。";"";""
"EXTRACTED/3975/0";"Reset time range to default";"将时间范围重置为默认值";"";""
"EXTRACTED/3976/0";"Backup data";"备份数据";"";""
"EXTRACTED/3977/0";"Update orders";"更新订单";"";""
"EXTRACTED/3978/0";"Update data";"更新数据";"";""
"EXTRACTED/3979/0";"Progress({{num}})";"进度({{num}})";"";""
"EXTRACTED/3980/0";"Data recovery is in progress, please be patient.";"正在进行数据恢复，请耐心等待。";"";""
"EXTRACTED/3981/0";"Data recovery";"数据恢复";"";""
"EXTRACTED/3982/0";"Re-upgrade";"重新升级";"";""
"EXTRACTED/3983/0";"Order restoration";"订单恢复";"";""
"EXTRACTED/3984/0";"Statistical recovery";"统计恢复";"";""
"EXTRACTED/3985/0";"Re-upgrade is in progress, please be patient.";"正在进行重新升级，请耐心等待。";"";""
"EXTRACTED/3986/0";"This organization cannot be deleted because there is another administrator ({{administratorEmail}}) owns the manage permission on this organization/root organization. <br/><strong>Please contact the super admin to remove the related administrators.</strong> ";"此组织无法删除，因为另外一个管理员({{administratorEmail}})在此组织/根组织上拥有管理权限。<br/><strong>请联系超级管理员删除相关管理员。</strong>";"";""
"EXTRACTED/3987/0";"Foxit PDF Editor+ Configuration";"Foxit PDF Editor+配置";"";""
"EXTRACTED/3988/0";"Edit data center";"编辑数据中心";"";""
"EXTRACTED/3989/0";"Data Storage Center";"数据存储中心";"";""
"EXTRACTED/3990/0";"Set data center";"设置数据中心";"";""
"EXTRACTED/3991/0";"The system is editing data center for users, results will shown in <span style=";"系统正在为用户编辑数据中心，结果将显示在<span style='color: #f58320;'>“批量操作结果”</span>中。";"";""
"EXTRACTED/3992/0";"You can edit the data storage center for users in your organization.";"您可以编辑您组织中用户的数据存储中心。";"";""
"EXTRACTED/3993/0";"You can change the data storage region for users in your organization.<br/>Note:<br/><li>The change takes effect only after the user confirms it via the email sent by the system.</li><li>Data in the original data center will not be migrated and will no longer be accessible after the change.</li><li>Any licenses assigned to the user will be automatically reclaimed once the user joins the new data center.</li>";"您可以更改组织中用户的数据存储区域。<br/>注意:<br/><li>更改仅在用户通过系统发送的电子邮件确认后生效。</li><li>原数据中心中的数据不会被迁移，且更改后将无法访问。</li><li>用户加入新数据中心后，分配给该用户的任何许可证将被自动回收。</li>";"";""
"EXTRACTED/3994/0";"Edit data center with CSV file";"使用CSV文件编辑数据中心";"";""
"EXTRACTED/3995/0";"CSV with users and regions";"包含用户和地区的CSV文件";"";""
"EXTRACTED/3996/0";"Upload the CSV file to edit data center for users. You can download the sample CSV file to check the required format. Please note that once you make the change, the previous account data of the users will not be transferred or accessible and the licenses of users will be automatically revoked if the user has already set a country/region.";"将CSV文件上传到用户数据中心进行编辑。您可以下载示例CSV文件以检查所需的格式。请注意，一旦您进行更改，用户的先前帐户数据将不会被转移或访问，并且如果用户已经设置了国家/地区，则用户的授权将自动被吊销。";"";""
"EXTRACTED/3997/0";"Your organization has not purchased this product license. The products your organization has purchased include: {{ProductName}}.";"您的组织尚未购买此产品授权。您的组织已购买的产品包括：{{ProductName}}。";"";""
"EXTRACTED/3998/0";"Please provide a correct product name.";"请提供一个正确的产品名称。";"";""
"EXTRACTED/3999/0";"The directory does not exist.";"目录不存在。";"";""
"EXTRACTED/4000/0";"The directory cannot be synchronized. Please confirm if the directory is syncing, configured correctly, or has a domain added.";"目录无法同步。请确认目录是否正在同步，是否配置正确，或是否已添加域。";"";""
"EXTRACTED/4001/0";"There are no users to export in the directory.";"在目录中没有要导出的用户。";"";""
"EXTRACTED/4002/0";"Please provide the correct command following the example.";"请按照示例提供正确的命令。";"";""
"EXTRACTED/4003/0";"User \";"用户 ""{{userEmail}}"" 未找到。";"";""
"EXTRACTED/4004/0";"Please confirm the required setup steps before proceeding with domain verification.";"请在进行域验证之前确认所需的设置步骤。";"";""
"EXTRACTED/4005/0";"The domain does not exist.";"域名不存在。";"";""
"EXTRACTED/4006/0";"You don’t have permission to execute the command.";"您没有执行该命令的权限。";"";""
"EXTRACTED/4007/0";"Please refer to the command template and provide the domain name.";"请参考命令模板并提供域名。";"";""
"EXTRACTED/4008/0";"Please provide the correct domain name.";"请提供正确的域名。";"";""
"EXTRACTED/4009/0";"This user {{emails}} does not have a license for \";"这个用户 {{emails}} 没有""{{LicenseName}}""的授权。";"";""
"EXTRACTED/4010/0";"No user has a license for \";"没有用户拥有""{{LicenseName}}""的授权。";"";""
"EXTRACTED/4011/0";"Sorry, the domain cannot be verified at this time. It may already be verified or currently undergoing verification. ";"抱歉，目前无法验证该域。它可能已经验证过或正在进行验证。";"";""
"EXTRACTED/4012/0";"Data center(US/Europe/Canada/Australia)";"数据中心(US/Europe/Canada/Australia)";"";""
"EXTRACTED/4013/0";":";"：";"";""
"EXTRACTED/4014/0";"The owner of this domain does not allow trustees to modify user information. If you want to modify it, please contact the owner of the Domain.";"这个域名的所有者不允许受托人修改用户信息。如果您想要修改，请联系域名所有者。";"";""
"EXTRACTED/4015/0";"Disabled users";"禁用的用户";"";""
"EXTRACTED/4016/0";"Disabled groups";"禁用的组";"";""
"EXTRACTED/4017/0";"Search user email";"搜索用户电子邮件";"";""
"EXTRACTED/4018/0";"Root Directory";"根目录";"";""
"EXTRACTED/4019/0";"Add groups";"添加组";"";""
"EXTRACTED/4020/0";"Total Groups";"总组数";"";""
"EXTRACTED/4021/0";"Adding up to 10 groups at a time allows you to disable automatic SSO during user login.";"一次最多添加10个组，允许您在用户登录期间禁用自动SSO。";"";""
"EXTRACTED/4022/0";"Invalid email: {{email}}";"无效的电子邮件: {{email}}";"";""
"EXTRACTED/4023/0";"To obtain the latest domain user list, it is recommended to access the directory settings page and click ";"要获取最新的域用户列表，建议访问目录设置页面并单击“同步”以获取最新信息。";"";""
"EXTRACTED/4024/0";"A maximum of 10 groups can be selected at a time.";"一次最多可选择10个组。";"";""
"EXTRACTED/4025/0";"This page contains information and instructions related to a third-party application (OneLogin). These instructions may vary on your environment and need to be confirmed with your OneLogin vendor, if necessary. If you have specific needs or specific settings you need to apply, you may need to check those with your IdP admins. ";"这个页面包含与第三方应用程序（OneLogin）相关的信息和说明。这些说明可能会因您的环境而异，需要与您的OneLogin供应商确认。如果您有特定需求或需要应用特定设置，您可能需要与您的IdP管理员核实。";"";""
"EXTRACTED/4026/0";"Sync users and roles from OneLogin";"从OneLogin同步用户和角色";"";""
"EXTRACTED/4027/0";"Step 1: Login to OneLogin";"步骤1：:登录到OneLogin";"";""
"EXTRACTED/4028/0";"If you do not have an OneLogin admin account, you can create one.";"如果您没有OneLogin管理员账户，您可以创建一个。";"";""
"EXTRACTED/4029/0";"Step 2: Create an app on the OneLogin admin page";"步骤2: 在OneLogin管理页面上创建一个应用程序.";"";""
"EXTRACTED/4030/0";"To setup SSO (SAML 2.0) between Foxit Admin Console and OneLogin, follow the steps below:<br/>1.Switch to Applications tab and click “Add App”. Search and select SCIM Provisioner with SAML (SCIM v2 Enterprise, full SAML), then save the app configuration.<br/>2.Open the Configuration page and fill in the application details based on the SP Entity ID and SP Assertion Consumer Service URL in the Directory Settings page of the Admin Console.<br/>3.Complete the SAML configuration in the Directory Settings page of the Admin Console based on the x.509 Certificate, Issuer URL, and SAML 2.0 Endpoint (HTTP) from the SSO page in OneLogin.<br/>4.Open the Parameters page and add the email, first name, last name fields.";"要在福昕管理控制台和OneLogin之间设置SSO（SAML 2.0），请按照以下步骤操作:<br/>1.切换到“应用程序”选项卡，点击“添加应用程序”。搜索并选择具有SAML的SCIM提供程序（SCIM v2企业版，完整的SAML），然后保存应用程序配置。<br/>2.打开配置页面，并根据Admin Console的目录设置页面中的SP实体ID和SP断言使用者服务URL填写应用程序详细信息。<br/>3.根据OneLogin中SSO页面的x.509证书、发行者URL和SAML 2.0端点（HTTP），在Admin Console的目录设置页面中完成SAML配置。<br/>4.打开参数页面并添加电子邮件、名字和姓氏字段。";"";""
"EXTRACTED/4031/0";"Step 3: Configure the provisioning settings";"步骤 3: 配置配置设置";"";""
"EXTRACTED/4032/0";"1.Copy the Tenant URL and Secret Token, and paste them into the SCIM Base URL and SCIM Bearer Token fields on the Configuration page under Applications > SCIM Provisioner with SAML (SCIM v2 Enterprise, full SAML) in OneLogin.<br/>2.Open the Provisioning page and check the option ";"1.复制租户URL和密钥令牌，然后粘贴到OneLogin中“应用程序”>“带SAML的SCIM提供程序（SCIM v2企业版，完整SAML）”下“配置”页面上的 SCIM Base URL 和 SCIM Bearer 令牌字段中。<br/>2.打开配置页面并选中“启用配置”选项。当在OneLogin中删除用户或用户的应用程序访问权限被移除时，请选择此设置的“暂停”。";"";""
"EXTRACTED/4033/0";"Step 4: Create roles on the OneLogin admin page";"步骤 4: 在 OneLogin 管理员页面上创建角色";"";""
"EXTRACTED/4034/0";"1.In the OneLogin Console, go to “Users > Roles” page, add role and select the app to add.<br/>2.Add a rule for the selected roles on the Rules page under Applications > SCIM Provisioner with SAML (SCIM v2 Enterprise, full SAML) in OneLogin.<br/>3.Edit the field SCIMusername and field Groups on the Parameters page.<br/>4.Click the “Refresh” button on the Provisioning page.";"1. 在 OneLogin 控制台中，转到“用户 > 角色”页面，添加角色并选择要添加的应用程序。<br/>2. 在 OneLogin 中的应用程序 > SCIM提供程序与SAML 规则页面为所选角色添加规则（SCIM v2 企业版，完整SAML）。<br/>3. 在参数页面上编辑 SCIM用户名字段和组字段。<br/>4. 在配置页面上点击“刷新”按钮。";"";""
"EXTRACTED/4035/0";"Step 5: Establish the relationship between OneLogin roles and products in the Foxit Admin Console";"第5步: 在福昕管理控制台建立OneLogin角色和产品之间的关系";"";""
"EXTRACTED/4036/0";"Step 6: Activate user provisioning";"步骤 6: 激活用户配置";"";""
"EXTRACTED/4037/0";"Go to the Users page and switch to the Application page. Select the roles that need to be synchronized, then click ”Save User“. Re-enter the Application page and click ”Pending“ to push the user.";"前往用户页面，切换到应用程序页面。选择需要同步的角色，然后点击“保存用户”。重新进入应用程序页面，点击“待处理”以推送用户。";"";""
"EXTRACTED/4038/0";"For users synchronized through provisioning, it";"对于通过配置同步的用户，建议在 OneLogin 中进行所有操作，而不是在管理控制台中。";"";""
"EXTRACTED/4039/0";"Avoid deleting users directly in the Admin Console to prevent potential provisioning issues. User deletions should be performed in OneLogin.";"避免直接在管理控制台中删除用户，以避免潜在的配置问题。用户删除应在 OneLogin 中执行。";"";""
"EXTRACTED/4040/0";"Go to OneLogin";"前往 OneLogin";"";""
"EXTRACTED/4041/0";"Creating a role and connecting to Foxit Admin Console. Please provide a role name that matches the role name in OneLogin. Associate the role with the licenses of the products that need to be automatically assigned.";"创建一个角色并连接到福昕管理控制台。请提供一个与OneLogin中角色名称匹配的角色名称。将该角色与需要自动分配的产品许可关联起来。";"";""
"EXTRACTED/4042/0";"If the role name does not match the role name in OneLogin, Foxit will not be able to automatically assign licenses to users. ";"如果角色名称与OneLogin中的角色名称不匹配， 福昕将无法自动为用户分配授权。";"";""
"EXTRACTED/4043/0";"When a product associated with the role is updated, any new users added to the role later will automatically be assigned the updated product. This change will not affect any of the previously added users.";"当与该角色关联的产品更新时，稍后添加到该角色的新用户将自动分配更新后的产品。此更改不会影响先前添加的任何用户。";"";""
"EXTRACTED/4044/0";"Create role connections";"创建角色连接";"";""
"EXTRACTED/4045/0";"Role name";"角色名称";"";""
"EXTRACTED/4046/0";"You can add up to 10 groups and associate each role with licenses for the products. Please note that if the role name does not match the role name in OneLogin, Foxit will not be able to automatically assign licenses to users.";"您可以添加最多10个组，并将每个角色与产品的授权关联起来。请注意，如果角色名称与OneLogin中的角色名称不匹配， 福昕将无法自动为用户分配授权。";"";""
"EXTRACTED/4047/0";"Please enter to confirm the role name";"请输入以确认角色名称";"";""
"EXTRACTED/4048/0";"Role name in OneLogin";"OneLogin中的角色名称";"";""
"EXTRACTED/4049/0";"OneLogin automatic management";"OneLogin自动管理";"";""
"EXTRACTED/4050/0";"Once the configuration is removed, the Admin Console will no longer assign licenses to users added to this role. However, users who have already been synchronized into the role will not be affected. Are you sure you want to delete the role connections?";"一旦配置被移除，Admin Console将不再向添加到此角色的用户分配授权。然而，已经同步到该角色的用户将不受影响。您确定要删除角色连接吗？";"";""
"EXTRACTED/4051/0";"Add role connection";"添加角色连接";"";""
"EXTRACTED/4052/0";"The total number of {{LicenseName}} licenses that administrators can assign to the group members.";"管理员可以分配给组成员的{{LicenseName}}授权总数。";"";""
"EXTRACTED/4053/0";"Total number of users in the group who can be assigned {{LicenseName}} licenses.";"组中可以分配{{LicenseName}}授权的用户总数。";"";""
"EXTRACTED/4054/0";"Default sync for all users with the domain after verification";"验证后默认同步所有带有该域名的用户";"";""
"EXTRACTED/4055/0";"If you uncheck this option, the users with the same domain in the Foxit System will be removed from Admin Console. Please confirm if you want to proceed with unchecking this option.";"如果取消选中此选项，福昕系统中具有相同域的用户将从管理控制台中移除。请确认是否要继续取消选中此选项。";"";""
"EXTRACTED/4056/0";"Foxit PDF Editor Premium Configuration";"Foxit PDF Editor Premium配置";"";""
"EXTRACTED/4057/0";"Upon selection, accounts with the same domain in the Foxit System will be automatically synchronized to the Admin Console.";"选择后，在福昕系统中具有相同域的帐户将自动同步到管理控制台。";"";""
"EXTRACTED/4058/0";"Adding domain to directory.";"将域添加到目录。";"";""
"EXTRACTED/4059/0";"Removing the domain of the directory";"删除目录的域名";"";""
"EXTRACTED/4060/0";"Domain {{DomainName}} has been removed.";"领域 {{DomainName}} 已被移除。";"";""
"EXTRACTED/4061/0";"Product Details";"产品详情";"";""
"EXTRACTED/4062/0";"This section provides a detailed overview.";"本节提供了详细的概述。";"";""
"EXTRACTED/4063/0";"SMS Used/Total";"已使用的SMS";"";""
"EXTRACTED/4064/0";"User Notification (SMS/Text)";"用户通知（SMS/文本）";"";""
"EXTRACTED/4065/0";"TFA Used/Total";"已使用的TFA";"";""
"EXTRACTED/4066/0";"Two-Factor Authentication";"双因素认证";"";""
"EXTRACTED/4067/0";"KBA Used/Total";"已使用的KBA";"";""
"EXTRACTED/4068/0";"Knowledge-Based Authentication";"Knowledge-Based Authentication";"";""
"EXTRACTED/4069/0";"Some product licenses are expiring soon.";"该产品的一些授权即将到期。";"";""
"EXTRACTED/4070/0";"Click here to get installation packages for different orders.";"点击这里获取不同订单的安装包。";"";""
"EXTRACTED/4071/0";"Licenses Used/Total";"已使用授权数/总数";"";""
"EXTRACTED/4072/0";"The total number of user licenses assigned by administrators. / The total number of user licenses of the order you can assign.";"管理员分配的用户授权总数。/您可以分配的订单的用户授权总数。";"";""
"EXTRACTED/4073/0";"eSign Envelopes Used/Total";"已使用的电子签名信封";"";""
"EXTRACTED/4074/0";"eSign Documents Used/Total";"使用的电子签名文件";"";""
"EXTRACTED/4075/0";"Total number of envelopes that your users have used. / The total number of envelopes purchased by your organization.";"您的用户已使用的信封总数。/ 您的组织购买的信封总数。";"";""
"EXTRACTED/4076/0";"Total number of documents that your users have used. / The total number of documents purchased by your organization.";"您的用户使用过的文档总数。/ 您的组织购买的文档总数。";"";""
"EXTRACTED/4077/0";"eSign Quota Used/Total";"已使用的电子签名配额";"";""
"EXTRACTED/4078/0";"Total number of eSign quota that your users have used. / The total number of eSign quota purchased by your organization.";"您的用户已经使用的 eSign 配额总数。/ 您的组织购买的 eSign 配额总数。";"";""
"EXTRACTED/4079/0";"Total number of text translate quota that your users have used. / The total number of text translate quota purchased by your organization.";"您的用户已经使用的文本翻译配额总数。/ 您的组织购买的文本翻译配额总数。";"";""
"EXTRACTED/4080/0";"Total number of document translate quota that your users have used. / The total number of document translate quota purchased by your organization.";"您的用户已经使用的文档翻译配额总数。/ 您的组织购买的文档翻译配额总数。";"";""
"EXTRACTED/4081/0";"The total number of envelopes purchased by your organization.";"您的组织购买的信封总数。";"";""
"EXTRACTED/4082/0";"The total number of documents purchased by your organization.";"您的组织购买的文件总数。";"";""
"EXTRACTED/4083/0";"The total number of user licenses of the order you can assign.";"您可以分配的订单用户授权总数。";"";""
"EXTRACTED/4084/0";"Text translate quota used/Total (character-based)";"文本翻译配额已使用/总数（基于字符）";"";""
"EXTRACTED/4085/0";"Document translate quota used/Total (page-based)";"文件翻译配额已使用/总数（基于页面）";"";""
"EXTRACTED/4086/0";"Configuration for Smart Redact Server";"Smart Redact Server的配置";"";""
"EXTRACTED/4087/0";"Total storage space";"总存储空间";"";""
"EXTRACTED/4088/0";"Smart Redact Server";"Smart Redact Server";"";""
"EXTRACTED/4089/0";"Storage Space";"存储空间";"";""
"EXTRACTED/4090/0";"Sync from directory";"从目录同步";"";""
"EXTRACTED/4091/0";"Please agree to the policy of automatically synchronizing users. If the license quota is insufficient, the system will automatically revoke user licenses.";"请同意自动同步用户的政策。如果授权配额不足，系统将自动收回用户授权。";"";""
"EXTRACTED/4092/0";"Sync users from directory";"从目录同步用户";"";""
"EXTRACTED/4093/0";"Select to auto-sync users directly from the directory. Synchronization may take some time. Please be patient and the synchronization results can be viewed in the Bulk Operation Results.";"从目录中选择自动同步用户。同步可能需要一些时间。请耐心等待，同步结果可以在批量操作结果中查看。";"";""
"EXTRACTED/4094/0";"Select directory";"选择目录";"";""
"EXTRACTED/4095/0";"No directory can be synchronized.";"没有目录可以同步";"";""
"EXTRACTED/4096/0";"Directly synchronize the entire directory";"直接同步整个目录。";"";""
"EXTRACTED/4097/0";"Synchronize only specific groups";"仅同步特定的组。";"";""
"EXTRACTED/4098/0";"Sync";"同步";"";""
"EXTRACTED/4099/0";"Agree";"同意";"";""
"EXTRACTED/4100/0";"Select Groups";"选择组";"";""
"EXTRACTED/4101/0";"Select the groups you want to synchronize to the Custom Organization.";"选择您想要同步到自定义组织的组。";"";""
"EXTRACTED/4102/0";"Please select groups";"请选择组。";"";""
"EXTRACTED/4103/0";"Synchronize from directory {{name}}.";"从目录 {{name}} 同步。";"";""
"EXTRACTED/4104/0";"Synchronization in progress, please refresh to obtain synchronization results.";"同步进行中，请刷新以获取同步结果。";"";""
"EXTRACTED/4105/0";"Users synced from third parties cannot be moved.";"从第三方同步的用户无法移动。";"";""
"EXTRACTED/4106/0";"Users synced from third parties cannot be deleted.";"从第三方同步的用户无法被删除。";"";""
"EXTRACTED/4107/0";"Auto-sync results";"自动同步结果";"";""
"EXTRACTED/4108/0";"The Admin Console retains synchronization records for only the past month.";"管理员控制台仅保留最近一个月的同步记录。";"";""
"EXTRACTED/4109/0";"Object name";"对象名称";"";""
"EXTRACTED/4110/0";"Initiated by";"发起人";"";""
"EXTRACTED/4111/0";"Started";"已开始";"";""
"EXTRACTED/4112/0";"This metric exclusively measures the number of licensed users within the organization. It should be noted that the licensed users are calculated separately from the organization";"该指标专门衡量组织内的授权用户数量。值得注意的是，授权用户是单独计算的，与组织预定义的授权配额限制不同。";"";""
"EXTRACTED/4113/0";"Trial Application Management:";"试用申请管理:";"";""
"EXTRACTED/4114/0";"You can configure settings to enable verified domain users within your organization to request trial access to the Admin Console.";"您可以配置设置以允许组织内已验证域名的用户申请试用Admin Console的访问权限。";"";""
"EXTRACTED/4115/0";"Select domain";"选择域名";"";""
"EXTRACTED/4116/0";"Domain List";"域名列表";"";""
"EXTRACTED/4117/0";"(N/A)";"(N/A)";"";""
"EXTRACTED/4118/0";"Renew Licenses";"续订授权";"";""
"EXTRACTED/4119/0";"Your {{productName}} is about to expire. Please renew your licenses.";"您的 {{productName}} 即将到期。请续订您的授权。";"";""
"EXTRACTED/4120/0";"Your {{productName}} is about to expire. Please have super administrator to update your licenses.";"您的 {{productName}} 即将到期。请让超级管理员更新您的授权。";"";""
"EXTRACTED/4121/0";"Request Quote";"请求报价";"";""
"EXTRACTED/4122/0";"Renew Licenses Now";"立即续订授权";"";""
"EXTRACTED/4123/0";"By proceeding with this request you agree to the terms of our <link1 target=";"继续此请求即表示您同意我们的<link1 target='_blank' href={{privacyPolicyUrl}} style='color:#F58320'>隐私政策</link1>和<link2 target='_blank' href={{termUseUrl}} style='color:#F58320'>服务条款</link2>。我们将使用您的电子邮件地址处理请求。收到邮件后，您可选择管理个人数据的方式。";"";""
"EXTRACTED/4124/0";"Select a Product";"选择一个产品";"";""
"EXTRACTED/4125/0";"Preferred Partner / Reseller Name";"首选合作伙伴 / 经销商名称";"";""
"EXTRACTED/4126/0";"Please select a product";"请选择一个产品";"";""
"EXTRACTED/4127/0";"Please select license quantity";"请选择授权数量";"";""
"EXTRACTED/4128/0";"Please input phone number";"请输入电话号码";"";""
"EXTRACTED/4129/0";"To continue, click ";"若要继续，请点击“同意并继续”以接受<link2 target=""_blank"" href={{termUseUrl}} style=""color:#F58320"">服务条款</link2>并确认<link1 target=""_blank"" href={{privacyPolicyUrl}} style=""color:#F58320"">隐私政策</link1>。";"";""
"EXTRACTED/4130/0";"Agree & Continue";"同意并继续";"";""
"EXTRACTED/4131/0";"Decline";"拒绝";"";""
"EXTRACTED/4132/0";"We have sent your request to the sales representative, please wait for them to confirm the order information with you.";"我们已经将您的请求发送给销售代表，请等待他们与您确认订单信息。";"";""
"EXTRACTED/4133/0";"Request More Licenses";"申请更多授权";"";""
"EXTRACTED/4134/0";"Number of Licenses";"授权数量";"";""
"EXTRACTED/4135/0";"Place order";"下订单";"";""
"EXTRACTED/4136/0";"Please input number of licenses";"请输入授权数量";"";""
"EXTRACTED/4137/0";"The number of licenses must be numeric.";"授权数量必须是数字。";"";""
"EXTRACTED/4138/0";"Customize the expiration time of invitation links, with a customizable range of 1 to 14 days. Once the specified time expires, the link will automatically become invalid.";"自定义邀请链接的过期时间，可自定义范围为1至14天。一旦指定时间到期，链接将自动失效。";"";""
"EXTRACTED/4139/0";"Set Link Expiration Time:";"设置链接过期时间:";"";""
"EXTRACTED/4140/0";"day(s)";"天";"";""
"EXTRACTED/4141/0";"We are updating your licenses, this might take several minutes. Please refresh the page manually once it is completed. ";"我们正在更新您的许可证，这可能需要几分钟时间。请在完成后手动刷新页面。";"";""
"EXTRACTED/4142/0";"Foxit PDF Editor(Perpetual)";"福昕高级PDF编辑器（永久的）";"";""
"EXTRACTED/4143/0";"The current subscription does not support renewals or additional purchases. You can renew or purchase new version licenses to ensure continuity.";"当前订阅不支持续订或额外购买。您可以续订或购买新版本授权以确保连续性。";"";""
"EXTRACTED/4144/0";"Foxit Connectors Add-on";"Foxit Connectors Add-on";"";""
"EXTRACTED/4145/0";"Foxit Connectors Add-on Used/Total";"Foxit Connectors Add-on已使用数/总数";"";""
"EXTRACTED/4146/0";"{{area}}";"{{area}}";"";""
"EXTRACTED/4147/0";"The total number of connectors currently connected/The total number of connectors you are able to connect.";"当前连接的connector总数/您可以使用的connector总数。";"";""
"EXTRACTED/4148/0";"The total number of connectors currently connected.";"  当前已连接的connector总数。";"";""
"EXTRACTED/4149/0";"The user does not exist.";"用户不存在。";"";""
"EXTRACTED/4150/0";"Cannot find this user in the user list.";"在用户列表中找不到该用户。";"";""
"EXTRACTED/4151/0";"The group does not exist.";"该组不存在。";"";""
"EXTRACTED/4152/0";"{{productName}} has no available quota. To ensure all users can access Foxit service, please request more licenses.";"{{productName}} 没有可用的配额。为了确保所有用户都能访问福昕服务，请申请更多授权。";"";""
"EXTRACTED/4153/0";"Request More";"请求更多";"";""
"EXTRACTED/4154/0";"{{productName}} has no available quota. Please have super administrator to update your licenses.";"{{productName}} 没有可用的配额。请让超级管理员更新您的授权。";"";""
"EXTRACTED/4155/0";"There is a directory being synchronized. Please try again later.";"目录正在同步中。请稍后重试。";"";""
"EXTRACTED/4156/0";"This organization cannot be deleted because there is another administrator ({{administratorEmail}}) owns the manage permission on this organization/root organization. Please make sure that the administrator";"这个组织无法被删除，因为其他管理员（{{administratorEmail}}）拥有该组织/根组织的管理权限。请确保在删除组织之前已经移除了管理员在该组织/根组织上的权限。";"";""
"EXTRACTED/4157/0";"My Products";"我的产品";"";""
"EXTRACTED/4158/0";"My Orders";"我的订单";"";""
"EXTRACTED/4159/0";"Order Type";"订单类型";"";""
"EXTRACTED/4160/0";"Order Status";"订单状态";"";""
"EXTRACTED/4161/0";"Choose your payment method";"选择您的支付方式";"";""
"EXTRACTED/4162/0";"Add New Card";"添加新卡片";"";""
"EXTRACTED/4163/0";"Name on Card";"卡片上的姓名";"";""
"EXTRACTED/4164/0";"Card number";"卡号";"";""
"EXTRACTED/4165/0";"MM/YY";"MM/YY";"";""
"EXTRACTED/4166/0";"CVC";"CVC";"";""
"EXTRACTED/4167/0";"Security code";"安全码";"";""
"EXTRACTED/4168/0";"You are allowed to activate up to {{num}} devices concurrently across Windows or Mac.";"您可以同时在Windows或Mac上激活多达{{num}}台设备。";"";""
"EXTRACTED/4169/0";"You are allowed to activate up to {{num}} devices concurrently across Windows, Mac, or Linux.";"您可以同时在Windows、Mac或Linux上激活最多{{num}}台设备。";"";""
"EXTRACTED/4170/0";"Used Credits";"已使用次数";"";""
"EXTRACTED/4171/0";"Available Credits";"可用次数";"";""
"EXTRACTED/4172/0";"Available Seats";"可用席位";"";""
"EXTRACTED/4173/0";"The total number of Foxit AI PPT credits that your organization can use.";"您的组织可以使用的福昕 AI PPT总次数。";"";""
"EXTRACTED/4174/0";"The total number of Foxit AI PPT credits that your users have used.";"您的用户已经使用的福昕 AI PPT总次数。";"";""
"EXTRACTED/4175/0";"Total number of Foxit AI PPT credits that your users can use.";"您的用户可以使用的福昕 AI PPT总次数。";"";""
"EXTRACTED/4176/0";"The total number of Foxit Online Office license seats that administrators can assign.";"管理员可以分配的福昕在线Office授权席位总数。";"";""
"EXTRACTED/4177/0";"The total number of Foxit Online Office license seats  that your users have assigned.";"您的用户已被分配的福昕在线Office授权席位总数。";"";""
"EXTRACTED/4178/0";"Total number of Foxit Online Office license seats that your users can assign.";"您的用户可以分配的福昕在线Office授权席位总数。";"";""
"EXTRACTED/4179/0";"The total credits of AI PPT purchased by your organization.";"您的组织购买的AI PPT的总次数。";"";""
"EXTRACTED/4180/0";"The total credits of AI PPT your users have used.";"用户已使用的AI PPT的总次数。";"";""
"EXTRACTED/4181/0";"Number of Foxit Online Office seats purchased by your organization.";"您的组织购买的福昕在线Office总授权席位。";"";""
"EXTRACTED/4182/0";"Number of Foxit Online Office seats occupied by your users.";"您的用户已使用的福昕在线Office授权席位。";"";""
"EXTRACTED/4183/0";"Licensed Seats";"授权席位";"";""
"EXTRACTED/4184/0";"Used Credits/Total";"已使用的次数/总数";"";""
"EXTRACTED/4185/0";"AI PPT credits used/Total";"已使用的AI PPT次数/总数";"";""
"EXTRACTED/4186/0";"The total credits of AI PPT your users have used./The total credits of AI PPT purchased by your organization.";"您的用户已使用的福昕AI PPT次数。/您的组织购买的福昕AI PPT总次数。";"";""
"EXTRACTED/4187/0";"Online Office seats assigned/Total";"已授权的在线Office席位/总数";"";""
"EXTRACTED/4188/0";"Number of Foxit Online Office seats occupied by your users./Number of Foxit Online Office seats purchased by your organization.";"管理员分配的在线Office席位总数。/您可以分配的在线Office席位总数。";"";""
"EXTRACTED/4189/0";"Usage Credit";"使用次数";"";""
"EXTRACTED/4190/0";"Custom Domain";"自定义域名";"";""
"EXTRACTED/4191/0";"This configuration allows binding the OneLogin service URL to a customer-defined domain name (e.g., https://your-company.onelogin.com).";"这个配置允许将OneLogin服务的URL绑定到客户定义的域名（例如，https://your-company.onelogin.com）。";"";""
"EXTRACTED/4192/0";"Request New Licenses";"请求新许可证";"";""
"EXTRACTED/4193/0";"To purchase, the number of licenses must be greater than 10.";"购买时，许可证数量必须大于10。";"";""
"EXTRACTED/4194/0";"Contact Sales";"联系销售";"";""
"EXTRACTED/4195/0";"Automatic billing";"自动计费";"";""
"EXTRACTED/4196/0";"Ready for renewal";"准备续订";"";""
"EXTRACTED/4197/0";"Online Order";"在线订单";"";""
"EXTRACTED/4198/0";"Offline Order";"离线订单";"";""
"EXTRACTED/4199/0";"Renew";"续订";"";""
"EXTRACTED/4200/0";"SSO Sync";"SSO 同步";"";""
"EXTRACTED/4201/0";"The user has not accepted the invitation to join the organization.";"用户尚未接受加入该组织的邀请。";"";""
"EXTRACTED/4202/0";"The user has been deactivated and cannot access to Foxit services.";"用户已被停用，无法访问福昕服务。";"";""
"EXTRACTED/4203/0";"The user has been revoked and cannot access to Foxit services.";"用户已被撤销访问 福昕服务的权限。";"";""
"EXTRACTED/4204/0";"The user has been removed from the Admin Console.";"用户已从Admin Console中移除。";"";""
"EXTRACTED/4205/0";"The user is not in the organization.";"用户不在组织中。";"";""
"EXTRACTED/4206/0";"<i>Windows</i> {{bit}}-bit:";"<i>Windows</i> {{bit}}-位:";"";""
"EXTRACTED/4207/0";"Click to View Order Details & Download";"点击查看订单详情并下载";"";""
"EXTRACTED/4208/0";"Click icon to download/access:";"点击图标下载/访问:";"";""
"EXTRACTED/4209/0";"Download/access the product:";"下载/访问产品:";"";""
"EXTRACTED/4210/0";"Go to {{productName}}";"前往{{productName}}";"";""
"EXTRACTED/4211/0";"Document Retention Policy Settings";"文件保留策略设置";"";""
"EXTRACTED/4212/0";"Allows administrators to centrally configure document lifecycle and retention policies. The default policy is 7 years, but users can define custom retention policies for individual files and folders. Any Custom or Permanent policy set at this level overrides existing policies and applies to both current and future files.";"允许管理员集中配置文档生命周期和保留策略。默认策略为7年，但用户可以为单个文件和文件夹定义自定义保留策略。在此级别设置的任何自定义或永久策略都会覆盖现有策略，并适用于当前和未来的文件。";"";""
"EXTRACTED/4213/0";"Retention Period: ";"保留期限:";"";""
"EXTRACTED/4214/0";"Set custom period:";"设置自定义周期:";"";""
"EXTRACTED/4215/0";" year(s)";"年";"";""
"EXTRACTED/4216/0";"Retain permanently";"永久保留";"";""
"EXTRACTED/4217/0";"Disable Foxit DMS";"禁用福昕 DMS";"";""
"EXTRACTED/4218/0";"If you disable Foxit DMS, users will not be able to store files at Foxit or share documents for collaboration. Are you sure you want to disable Foxit DMS?";"如果您禁用福昕 DMS，用户将无法在福昕存储文件或共享文档进行协作。您确定要禁用福昕 DMS吗？";"";""
"EXTRACTED/4219/0";"( If enabled, users can store files in Foxit Cloud and share documents with others for collaboration. )";"（如果启用，用户可以将文件存储在福昕云中，并与他人共享文档以进行协作。）";"";""
"EXTRACTED/4220/0";"Enterprise Foxit DMS Storage";"企业福昕 DMS 存储";"";""
"EXTRACTED/4221/0";"Users with licenses for basic products such as Editor+, Editor, eSign, AI, and Editor (Desktop/Cloud/Mobile) can use an unlimited amount of free storage space, which is shared across the enterprise.";"拥有Editor+、Editor、电子签章、AI及Editor（桌面版/云端/移动版）等基础产品许可证的用户可以使用企业共享的无限免费存储空间。";"";""
"EXTRACTED/4222/0";"{{number}}";"{{number}}";"";""
"EXTRACTED/4223/0";"Please confirm the order information. Once confirmed, we will immediately forward your request to the corresponding salesperson.";"请确认订单信息。确认后，我们将立即把您的请求转发给相应的销售人员。";"";""
"EXTRACTED/4224/0";"Request/ Renew Additional License:";"请求/续订额外的许可证:";"";""
"EXTRACTED/4225/0";"Admin Subscription Access";"管理员订阅访问";"";""
"EXTRACTED/4226/0";"Allows the Super Admin to request or renew additional licenses from the Foxit Admin Console.";"允许超级管理员从福昕管理控制台请求或续订额外的许可证。";"";""
"EXTRACTED/4227/0";"Number of New Licenses";"新增许可数量";"";""
"EXTRACTED/4228/0";"Renewing licenses";"续期许可证";"";""
"EXTRACTED/4229/0";"Order data is being requested. Please go to the product details page in <a> My Products </a> to obtain the order ID.";"订单数据正在请求中。请前往 <a> 我的产品 </a> 的产品详情页获取订单ID。";"";""
"EXTRACTED/4230/0";"{{productName}} you purchased online has no available quota. Please have the super administrator update your licenses.";"{{productName}} 您在线购买的配额已用尽。请让超级管理员更新您的许可证。";"";""
"EXTRACTED/4231/0";"{{productName}} you purchased offline has no available quota. Please have the super administrator update your licenses.";"{{productName}} 您离线购买的许可证没有可用配额。请让超级管理员更新您的许可证。";"";""
"EXTRACTED/4232/0";"{{productName}} you purchased online is about to expire. Please have the super administrator update your licenses.";"您在线购买的{{productName}} 即将到期。请让超级管理员更新您的许可证。";"";""
"EXTRACTED/4233/0";"{{productName}} you purchased offline is about to expire. Please have the super administrator update your licenses.";"{{productName}} 您离线购买的许可即将到期。请让超级管理员更新您的许可。";"";""
"EXTRACTED/4234/0";"Products currently sold on the Foxit website can be purchased additionally. Products expiring within 45 days can be renewed.";"福昕官网目前在售的产品可进行额外购买。45天内到期的产品可办理续费。";"";""
"EXTRACTED/4235/0";"Request Licenses";"请求许可证";"";""
"EXTRACTED/4236/0";"Online order refers to purchases made by customers through the Foxit official website. Offline order refers to purchases made through sales representatives and channel partners.";"在线订单是指客户通过福昕官方网站进行的购买。线下订单是指通过销售代表和渠道合作伙伴进行的购买。";"";""
"EXTRACTED/4237/0";"select";"选择";"";""
"EXTRACTED/4238/0";"Please fill in Preferred Partner/Reseller Name";"请填写首选合作伙伴/经销商名称";"";""
"EXTRACTED/4239/0";"{{params}} is required.";"{{params}} 是必需的。";"";""
"EXTRACTED/4240/0";"Untagged";"未标记";"";""
"EXTRACTED/4241/0";"Displays the last active time of users when using Foxit products or services.";"显示用户使用福昕产品或服务时的最后活跃时间。";"";""
"EXTRACTED/4242/0";"The first activation time of the client product (including Windows, Mac, and mobile devices)";"客户端产品的首次激活时间（包括 Windows、Mac 和移动设备）";"";""
"EXTRACTED/4243/0";"Pending Review";"待审核";"";""
"EXTRACTED/4244/0";"Pending Approval";"待审批";"";""
"EXTRACTED/4245/0";"Enter Quantity:";"输入数量:";"";""
"EXTRACTED/4246/0";"(11 to 9,999,998)";"(11 到 9,999,998)";"";""
"EXTRACTED/4247/0";"View Users";"查看用户";"";""
"EXTRACTED/4248/0";"View Subgroups";"查看子组";"";""
"EXTRACTED/4249/0";"Configure Provisioning";"预配设置";"";""
"EXTRACTED/4250/0";"Before setting up provisioning in Admin Console, you need to configure the application in your identity provider. Please follow the guide in our Knowledge Base to complete the setup.";"在管理控制台中预配配置之前，您需要在您的身份提供者中配置应用程序。请按照我们知识库中的指南完成设置。";"";""
"EXTRACTED/4251/0";"To complete your provision configuration, copy the value for Tenant URL (SCIM Base URL) below to your identity provider:";"要完成您的预配设置，请将下面的租户 URL（SCIM Base URL）值复制到您的身份提供者：";"";""
"EXTRACTED/4252/0";"View KB Documentation";"查看 KB 文档";"";""
"EXTRACTED/4253/0";"Login identity provider";"登录身份提供者";"";""
"EXTRACTED/4254/0";"Provision Sync Scope Configuration (Optional)";"预配同步范围（可选）";"";""
"EXTRACTED/4255/0";"To ensure successful data synchronization, please clearly define the target groups and user scope to be synced to the Admin Console. <strong>A single group has a unique sharing target and can only be associated with one enterprise.</strong>";"为了确保数据同步成功，请明确定义要同步到管理控制台的目标群体和用户范围。<strong>单个群组具有唯一的共享目标，且只能关联一个企业。</strong>";"";""
"EXTRACTED/4256/0";"When entering group names, make sure they exactly match those used in the third-party system. Any discrepancy may result in synchronization failure. If your organization is already shared with other organizations, it is recommended to complete this configuration promptly.";"输入组名时，请确保与第三方系统中使用的名称完全一致。任何差异都可能导致同步失败。如果您的组织已与其他组织共享，建议尽快完成此配置。";"";""
"EXTRACTED/4257/0";"Additionally, the same group names should be kept consistent with the existing settings in \";"此外，组名应与“同步设置”中的现有设置保持一致，以防止现有用户因配置更改而被错误分配到其他组织，从而可能导致许可证丢失的风险。";"";""
"EXTRACTED/4258/0";"Group Scope for your organization:   Groups not configured to sync with other enterprises will all be assigned to your enterprise.";"您组织的组范围：未配置与其他企业同步的组将全部分配给您的企业。";"";""
"EXTRACTED/4259/0";"Group Scope for other organization:";"其他组织的组范围：";"";""
"EXTRACTED/4260/0";"Save the Scope";"保存范围";"";""
"EXTRACTED/4261/0";"Saving the configuration will invalidate the existing provisioning settings and trigger a new synchronization for provisioned users.<br/> If any auto-licensed groups have been synced to enterprises, all users in those groups and their assigned licenses will be removed.";"保存配置将使现有的配置设置失效，并触发已配置用户的新同步。<br/> 如果任何自动授权的组已同步到企业，所有这些组中的用户及其分配的许可证将被移除。";"";""
"EXTRACTED/4262/0";"Once Provision is configured, reselect the group in 20-40 minutes to verify user data updates. Reach out to support if not synced.";"配置完成后，请在20-40分钟内重新选择该组以验证用户数据更新。如未同步，请联系支持。";"";""
"EXTRACTED/4263/0";"The group <b>{{name}}</b> has been selected by other organizations";"组织<b>{{name}}</b>已被其他组织选中";"";""
"EXTRACTED/4264/0";"Warning: Group mismatches with \";"警告: 与同步设置中的组范围不一致会导致用户许可证丢失。";"";""
"EXTRACTED/4265/0";"Automatic License Assignment";"设置自动分配授权";"";""
"EXTRACTED/4266/0";"Automatically assign licenses to the groups mapped to the Foxit Admin Console.";"自动将许可证分配给映射到福昕管理控制台的组。";"";""
"EXTRACTED/4267/0";"Add more";"添加更多";"";""
"EXTRACTED/4268/0";"If the group name does not match the group name in identity provider, Foxit will not be able to automatically assign licenses to users.";"如果组名与身份提供者中的组名不匹配，福昕将无法自动为用户分配许可证。";"";""
"EXTRACTED/4269/0";"The total number of all electronic signature quotas purchased by your organization for products. ";"您的组织购买的产品中，全部电子签章配额总数";"";""
"EXTRACTED/4270/0";"The total number of electronic signature quota used by your user. The quota in Professional Edition + will be consumed first. ";"您的用户已使用的电子签章配额总数，将优先消耗专业版+中的额度";"";""
"EXTRACTED/4271/0";"Automatic Admin Role Assignment";"自动分配管理员角色";"";""
"EXTRACTED/4272/0";"Automatically assign admin permissions to the user groups mapped to the Foxit Admin Console.";"自动将管理员权限分配给映射到福昕管理控制台的用户组。";"";""
"EXTRACTED/4273/0";"Once this configuration is deleted, the Admin Console will stop assigning admin roles to new group members. Existing synchronized users will not be affected. Are you sure you want to remove this group connection?";"一旦删除此配置，管理控制台将停止为新组成员分配管理员角色。现有的同步用户不受影响。您确定要移除此组连接吗？";"";""
"EXTRACTED/4274/0";"Select or enter a user group and associate it with the corresponding admin role. Please note that if the group name does not match the group name in {{platform}}, Foxit will be unable to automatically assign admin roles to users.";"选择或输入一个用户组，并将其与相应的管理员角色关联。请注意，如果组名与{{platform}}中的组名不匹配，福昕将无法自动为用户分配管理员角色。";"";""
"EXTRACTED/4275/0";"Auto-Role Assignment";"自动角色分配";"";""
"EXTRACTED/4276/0";"Select the admin role";"选择管理员角色";"";""
"EXTRACTED/4277/0";"Enter the number of additional licenses you need";"请输入需要新增的许可证数量";"";""
"EXTRACTED/4278/0";"Your Admin Console Identity Management application in the {{platform}} portal.";"您在{{platform}}门户中的管理控制台身份管理应用程序。";"";""
"EXTRACTED/4279/0";"Press Enter to confirm the group name";"按回车键确认组名";"";""
"EXTRACTED/4280/0";"Press Enter to confirm the role name";"按回车键确认角色名称";"";""
"EXTRACTED/4281/0";"Select the user group to be granted admin permissions.";"选择要授予管理员权限的用户组。";"";""
"EXTRACTED/4282/0";"Based on the current group scope configuration, no groups are synchronized to your organization.";"根据当前的组范围配置，没有组同步到您的组织。";"";""
"EXTRACTED/4283/0";"If the synced group scope changes, it may affect user organization assignments and result in license removal. Please proceed with caution.";"如果同步的组范围发生变化，可能会影响用户的组织分配并导致许可证被移除。请谨慎操作。";"";""
"EXTRACTED/4284/0";"Use system default ({{default}} years)";"使用系统默认值（{{default}} 年）";"";""
"EXTRACTED/4285/0";"Subsequent directory syncs will overwrite all manual changes made in your Admin Console.<br/>We recommend that you first remove the user from the Identity Provider, then sign in to the Admin Console to complete permanent deletion.<br/>Do you want to continue with the deletion?";"后续的目录同步将覆盖您在管理控制台中所做的所有手动更改。<br/>我们建议您先从身份提供者中移除用户，然后登录管理控制台以完成永久删除。<br/>您要继续删除吗？";"";""
"EXTRACTED/4286/0";"Enable License Shortage Alerts";"启用许可证短缺警报";"";""
"EXTRACTED/4287/0";"Send email notifications when automatic license assignment fails due to insufficient available licenses.";"当自动许可分配因可用许可不足而失败时发送电子邮件通知。";"";""
"EXTRACTED/4288/0";"Send email notifications when license assignment fails.";"当许可证分配失败时发送电子邮件通知。";"";""
"EXTRACTED/4289/0";"Email Recipients";"电子邮件收件人";"";""
"EXTRACTED/4290/0";"Alerts will be sent to these email addresses when automatic license assignment fails.";"当自动许可分配失败时，警报将发送到这些电子邮件地址。";"";""
"EXTRACTED/4291/0";"Enter email addresses (separate multiple with semicolons)";"输入电子邮件地址（多个地址请用分号分隔）";"";""
"EXTRACTED/4292/0";"Invalid email address format";"无效的电子邮件地址格式";"";""
"EXTRACTED/4293/0";"Maximum of 10 email recipients allowed";"最多允许10个电子邮件收件人";"";""
"EXTRACTED/4294/0";"Add a domain first to continue.";"请先添加一个域名以继续。";"";""
"EXTRACTED/4295/0";"Image file is corrupted.";"图像文件已损坏。";"";""
"EXTRACTED/4296/0";"Stop";"停止";"";""
"EXTRACTED/4297/0";"Your Admin Console has expired. Please contact MSP/ Reseller to update it.";"您的管理控制台已过期。请联系 MSP/经销商进行更新。";"";""
"EXTRACTED/4298/0";"Your trial period has ended. Please contact your MSP/ Reseller for assistance.";"您的试用期已结束。请联系您的MSP/经销商寻求帮助。";"";""
"EXTRACTED/4299/0";"The renewal quantity cannot be less than the number of licenses you currently own. If you need to renew a lower quantity, after submission, this can be negotiated further with the Foxit Sales Team during subsequent communications.";"续订数量不得少于您当前拥有的许可证数量。如果您需要续订较少的数量，提交后可以在后续与福昕销售团队的沟通中进一步协商。";"";""
"EXTRACTED/4300/0";"The renewal quantity must be greater than 10 licenses. If you need to renew a lower quantity, after submission, this can be negotiated further with the Foxit Sales Team during subsequent communications.";"续订数量必须大于10个许可证。如果您需要续订较少数量，提交后可在后续与福昕销售团队的沟通中进一步协商。";"";""
"EXTRACTED/4301/0";"The purchase quantity must be greater than 10 licenses. If you need to purchase a lower quantity, after submission, this can be negotiated further with the Foxit Sales Team during subsequent communications.";"购买数量必须大于10个许可证。如果您需要购买较少的数量，提交后可以在后续与福昕销售团队的沟通中进一步协商。";"";""
"EXTRACTED/4302/0";"Users removed from the directory will remain in this list, will not be re-synced automatically, will have their licenses revoked, and will no longer be able to access Foxit products.";"从目录中移除的用户将保留在此列表中，不会自动重新同步，其许可证将被撤销，并且将无法再访问福昕产品。";"";""
"EXTRACTED/4303/0";"Read-Only admin";"只读管理员";"";""
"EXTRACTED/4304/0";"Can view all users, licenses, and settings in the Admin Console but cannot modify any data or configurations.";"可以查看管理控制台中的所有用户、许可证和设置，但无法修改任何数据或配置。";"";""
