"PSLCODE 1250";"9 1";"4 2";"Source Access Key";"Target Access Key"
"18472FC3/1/0";"This plugin allows users to run a series of commands on the selected file, and configure actions to use later.";"该插件允许用户在选定的文件上运行一系列的命令，并配置稍后使用的动作。";;
"18472FC3/2/0";"Copyright ? 2010-2026 Foxit Software Inc. All Rights Reserved.";"2010-2026 福昕软件 版权所有。";;
"18472FC3/3/0";"Untitled";"无标题";;
"18472FC3/4/0";"Action Name:";"动作名：";;
"18472FC3/5/0";"Run Action";"运行动作";;
"18472FC3/6/0";"Action is running, please try again.";"动作向导正在运行，请稍后重试。";;
"18472FC3/7/0";"Canceled";"已取消";;
"18472FC3/8/0";"Command Finish Time";"命令结束时间";;
"18472FC3/9/0";"Command Name";"命令名称";;
"18472FC3/10/0";"Command Status";"命令状态";;
"18472FC3/11/0";"Command Start Time";"命令启动时间";;
"18472FC3/12/0";"(copy)";"(副本)";;
"18472FC3/13/0";"Set current open file as the default";"将当前打开的文件设为默认";;
"18472FC3/14/0";"Default option";"默认选项";;
"18472FC3/15/0";"Done";"完成";;
"18472FC3/16/0";"Edit Action - %s";"编辑动作- %s";;
"18472FC3/17/0";"Failed";"失败";;
"18472FC3/18/0";"\\n#File Name";"\\n#文件名称";;
"18472FC3/19/0";"#File Status";"#文件状态";;
"18472FC3/20/0";"Action Files(*.sequ)|*.sequ||";"动作文件(*.sequ)|*.sequ||";;
"18472FC3/21/0";"Could not read the action file:\\n";"无法读取动作文件：\\n";;
"18472FC3/22/0";"Image Files (*.bmp,*.dib,*.jpg,*.jpeg,*.jpe,*.gif,*.tif,*.tiff,*.png)|*.bmp;*.dib;*.jpg;*.jpeg;*.jpe;*.gif;*.tif;*.tiff;*.png|";"图像文件(*.bmp,*.dib,*.jpg,*.jpeg,*.jpe,*.gif,*.tif,*.tiff,*.png)|*.bmp;*.dib;*.jpg;*.jpeg;*.jpe;*.gif;*.tif;*.tiff;*.png|";;
"18472FC3/23/0";"%s doesn&apos;t exist!\\r\\nPlease choose again!";"%s不存在！\\r\\n请重新选择！";;
"18472FC3/24/0";"Files to be processed";"要处理的文件";;
"18472FC3/25/0";"Add Files";"添加文件";;
"18472FC3/26/0";"Add Folder";"添加文件夹";;
"18472FC3/27/0";"Add Open Files";"添加打开的文件";;
"18472FC3/28/0";"&quot;&quot;%s&quot;&quot; Invalid file format.";"“%s”不合法的文件格式。";;
"18472FC3/29/0";"Move File Down";"向下移动文件";;
"18472FC3/30/0";"Move File Up";"向上移动文件";;
"18472FC3/31/0";"The name field is empty, please enter action name.";"名称域为空，请输入动作名。";;
"18472FC3/32/0";"Unable to import the action: %s\\nThe file either invalid or corrupt.";"无法导入动作：%s\\n文件不合法或者被损坏。";;
"18472FC3/33/0";"There is no action available. You can go to &quot;&quot;Create New Action&quot;&quot; to create.";"没有可用动作。您可以进入“创建新动作”进行创建。";;
"18472FC3/34/0";"The action is not complete for this document. Are you sure you want to exit it?";"该文档的动作尚未完成。您确定您想要退出？";;
"18472FC3/35/0";"Failed to open the document.";"打开文档失败。";;
"18472FC3/36/0";"&quot;&quot;%s%[1]&quot;&quot; is opened in other Foxit PDF Editor windows. Do you want to close the document and continue the action?";"“%s%[1]”在其他福昕高级PDF编辑器的窗口中已被打开了。您是否想要关闭该文档并继续该动作？";;
"18472FC3/37/0";"There are open documents in the current action file list. Do you want to close these documents before starting the action?";"有一些打开的文件包含在当前动作列表中。您是否想要在启动动作前关闭这些文档？";;
"18472FC3/38/0";"Cannot open a New Action while an existing Action is still processing. Please wait until the existing action processing has completed.";"因为有其他动作正在运行，无法打开新动作。请等待当前动作结束。";;
"18472FC3/39/0";"Pause";"暂停";;
"18472FC3/40/0";"Prompt User";"提示用户";;
"18472FC3/41/0";"Remove File";"移除文件";;
"18472FC3/42/0";"  \\nThe file already exists. Replace existing file?";"  \\n该文件已经存在。是否要替换已有文件？";;
"18472FC3/43/0";"Resume";"继续";;
"18472FC3/44/0";"Create New Action";"创建新动作";;
"18472FC3/45/0";"Manage Actions";"管理动作";;
"18472FC3/46/0";"Run Action";"运行动作";;
"18472FC3/71/0";"Action";"动作";;
"18472FC3/47/0";"Action Wizard";"动作向导";;
"18472FC3/48/0";"Save As";"另存为";;
"18472FC3/49/0";"Do you want to save changes?";"您是否想要保存修改？";;
"18472FC3/50/0";"Skipped";"跳过";;
"18472FC3/51/0";"Specify Settings";"指定的设置";;
"18472FC3/52/0";"Start";"开始";;
"18472FC3/53/0";"Stop";"停止";;
"18472FC3/54/0";"You need to save this document before adding to the list. Do you want to save it?";"在添加到列表之前，您需要保存此文档。\n您是否想要保存它？";;
"18472FC3/55/0";"Converting...";"正在转换...";;
"18472FC3/56/0";"Name";"名称";;
"18472FC3/57/0";"Date";"日期";;
"18472FC3/58/0";"Don&apos;t show again";"不再显示";;
"18472FC3/59/0";"Can&apos;t find the action file. It may be renamed or deleted. Please check it in:";"未找到动作文件。它可能被重命名或者删除。 请检查：";;
"18472FC3/60/0";"Success";"成功";;
"18472FC3/61/0";"This action has unsaved changes. Are you sure you want to discard changes?";"该动作存在未保存的修改。您确定您想要放弃这些修改？";;
"18472FC3/62/0";"Default option:";"默认选项：";;
"18472FC3/63/0";"Are you sure you want to delete this Action?";"您确认您想要删除此动作？";;
"18472FC3/64/0";"Are you sure you want to delete this Command?";"您确认您想要删除此命令？";;
"18472FC3/65/0";"Edit Custom Command";"编辑自定义命令";;
"18472FC3/66/0";"XML files*.xml";"XML文件*.xml";;
"18472FC3/67/0";"Please select a Action !";"请选择动作！";;
"18472FC3/68/0";"Please select a Command !";"请选择命令！";;
"18472FC3/69/0";"Please select Command and Action !";"请选择命令和动作！";;
"18472FC3/70/0";"Run Command";"运行命令";;
"18472FC3/72/0";"Actions List";"动作列表";;
"18472FC3/73/0";"Actions";"动作";;
"18472FC3/74/0";"Create or Manage Custom Actions";"创建或管理自定义动作";;
"18472FC3/75/0";"Create Custom Actions";"创建自定义动作";;
"18472FC3/76/0";"Manage Custom Actions";"管理自定义动作";;
"18472FC3/77/0";"Choose tools to add:";"选择要添加的工具：";;
"18472FC3/78/0";"Action steps to show:";"要显示的动作步骤：";;
"18472FC3/79/0";"Add or Edit Label";"添加或编辑标签";;
"18472FC3/80/0";"Panel Name";"面板名";;
"18472FC3/81/0";"Instruction:";"说明：";;
"18472FC3/82/0";"Set current open file as the default";"将当前打开的文件设为默认";;
"18472FC3/83/0";"Add";"添加";;
"18472FC3/84/0";"Add Panel";"添加面板";;
"18472FC3/85/0";"Add Instruction";"添加说明";;
"18472FC3/86/0";"Add Divider";"添加间隔";;
"18472FC3/87/0";"Move Up";"上移";;
"18472FC3/88/0";"Move Down";"下移";;
"18472FC3/89/0";"Remove";"移除";;
"18472FC3/90/0";"Edit";"编辑";;
"18472FC3/91/0";"Rename";"重命名";;
"18472FC3/92/0";"Copy";"复制";;
"18472FC3/93/0";"Import";"导入";;
"18472FC3/94/0";"Export";"导出";;
"18472FC3/95/0";"Create";"创建";;
"18472FC3/96/0";"Manage";"管理";;
"18472FC3/97/0";"Save Action";"保存动作";;
"18472FC3/98/0";"Action Name";"动作名";;
"18472FC3/99/0";"Action Description";"动作描述";;
"18472FC3/100/0";"OK";"确定";;
"18472FC3/101/0";"Cancel";"取消";;
"18472FC3/102/0";"Select an action";"选择动作";;
"18472FC3/103/0";"Close";"关闭";;
"089D46F8/1/0";"Foxit PDF Editor";"福昕高级PDF编辑器";;
"089D46F8/2/0";"Translate Document";"翻译文档";;
"089D46F8/3/0";"icon";"图标";;
"089D46F8/4/0";"Translate into:";"翻译成：";;
"089D46F8/5/0";"Translate";"翻译";;
"089D46F8/6/0";"Cancel";"取消";;
"089D46F8/7/0";"Dialog";"Dialog";;
"089D46F8/8/0";"Show Original";"显示原文";;
"089D46F8/9/0";"Accept";"接受";;
"089D46F8/10/0";"Intelligent Read";"智能朗读";;
"089D46F8/11/0";"Reading Mode:";"朗读模式：";;
"089D46F8/12/0";"Reading Voice:";"朗读语音：";;
"089D46F8/13/0";"Speed:";"速度：";;
"089D46F8/14/0";"Preview Voice";"预览语音";;
"089D46F8/15/0";"Foxit Ai Assistant";"福昕 AI 助手";;
"08A116E3/1/0";"AI Assistant lets users harness our AI document processing power to speed up text processing and enhance work efficiency.\nSupport Center is also integrated to provide support for the product. For Foxit PDF Editor Perpetual Releases, only the Support Center function is supported if this plugin is turned on.";"AI 助手允许用户解锁我们的 AI 文档处理功能的强大功能，以加速文本处理并提高工作效率。\n还集成了支持中心，为产品提供支持。对于福昕高级PDF编辑器永久版本，如果启用此插件，则仅启用支持中心功能。";;
"08A116E3/2/0";"Copyright ? 2023-2026 Foxit Software Inc. All Rights Reserved.";"2023-2026 福昕软件 版权所有。";;
"08A116E3/92/0";"Ask AI";"询问 AI";;
"08A116E3/156/0";"The program is automatically logging in. Please try again later.";"程序正在自动登录。请稍后重试。";;
"08A116E3/17/0";"Support Center";"支持中心";;
"08A116E3/3/0";"AI Assistant";"AI助手";;
"08A116E3/107/0";"Create bookmarks instantly with AI";"使用 AI 立即创建书签";;
"08A116E3/106/0";"AI Bookmark";"AI 书签";;
"08A116E3/198/0";"AI will parse the document structure to create bookmarks. It may contain inaccuracies. For reference only.";"AI 将解析文档结构以创建书签。它可能包含不准确的信息。仅供参考。";;
"08A116E3/199/0";"Generate Now";"立即生成";;
"08A116E3/108/0";"Generating bookmarks...";"正在生成书签...";;
"08A116E3/93/0";"Buy Now";"立即购买";;
"08A116E3/122/0";"Chat with your documents to extract key insights and generate summaries.";"与您的文档进行聊天以提取关键见解并生成摘要。";;
"08A116E3/218/0";"Your chat history with the selected document will be deleted. This operation cannot be undone.";"您与所选文档的聊天记录将被删除。该操作无法撤销。";;
"08A116E3/219/0";"Delete";"删除";;
"08A116E3/148/0";"Ask &quot;%ls&quot; in AI Chat";"在AI聊天中询问“%ls”";;
"08A116E3/149/0";"Summarize Document";"总结文档";;
"08A116E3/94/0";"AI Chat";"AI 聊天";;
"08A116E3/95/0";"Sorry, you&apos;ve completely exhausted the %d credits for this month. Please wait until the credits are reset next month to use the AI features again.";"抱歉，您已用完本月的 %d 额度。请等到下个月额度重置后才能再次使用 AI 功能。";;
"08A116E3/123/0";"You are out of AI credits. Please contact enterprise administrator to unlock access to AI features.";"您的 AI 额度已用完。请联系企业管理员解锁对 AI 功能的访问权限。";;
"08A116E3/178/0";"Your %s%[1] monthly credits are exhausted and will reset on %s%[2]. If you need more credits, please contact your enterprise administrator.";"您每月的%s%[1]额度已用完，将在%s%[2]重置。如果您需要更多的额度，请联系您的企业管理员。";;
"08A116E3/146/0";"Code: %d. An error occurred.";"错误码：%d。发生错误。";;
"08A116E3/120/0";"This operation is being performed too frequently. Please wait %d seconds before trying again.";"此操作执行过于频繁。请等待 %d 秒后再重试。";;
"08A116E3/117/0";"Sorry, illegal contents were detected in the document. Please remove them and try again.";"抱歉，文档中检测到非法内容。请删除它们并重试。";;
"08A116E3/147/0";"Translation failed: Document contains restricted content.";"翻译失败：文档包含限制内容。";;
"08A116E3/176/0";"Inputs could violate our terms of service. Please remove them and try again.";"输入可能违反我们的服务条款。请删除它们并重试。";;
"08A116E3/177/0";"Outputs review failed. Please adjust your inputs and try again.";"输出审核失败。请调整您的输入并重试。";;
"08A116E3/115/0";"An unexpected network error occurred. Please try again later.";"发生意外网络错误。请稍后重试。";;
"08A116E3/114/0";"The network is not stable, please try again later.";"网络不稳定，请稍后重试。";;
"08A116E3/119/0";"Sorry, the file size exceeds the limit of %d pages. Please modify and try again later.";"抱歉，文件大小超出了 %d 页的限制。请修改后重试。";;
"08A116E3/118/0";"Sorry, the file size exceeds the limit of %dMB. Please modify and try again later.";"抱歉，文件大小超出%dMB的限制。请修改后重试。";;
"08A116E3/116/0";"An unexpected error occurred. Please try again later.";"发生意外错误。请稍后重试。";;
"08A116E3/96/0";"AI Feature";"AI 功能";;
"08A116E3/97/0";"Read documents aloud with realistic AI voice";"用逼真的 AI 声音朗读文件";;
"08A116E3/98/0";"Intelligent Read";"智能朗读";;
"08A116E3/99/0";"Translate your document into multiple languages with ease";"轻松将您的文档翻译成多种语言";;
"08A116E3/100/0";"Translate Document";"翻译文档";;
"08A116E3/157/0";"Required file &quot;%s%[1]&quot; not found, please reinstall %s%[2] to fix this issue.";"找不到所需的文件“%s%[1]”，请重新安装 %s%[2] 以修复此问题。";;
"08A116E3/4/0";"Note";"备注";;
"08A116E3/220/0";"\nFile not found.\nCheck if the file was moved, renamed, or deleted.";"\n文件未找到。\n请检查文件是否被移动、重命名或删除。";;
"08A116E3/12/0";"All Supported Files|*.pdf;*.jpg;*.png|PDF Files (*.pdf)|*.pdf|Image Files (*.jpg; *.png)||";"全部可支持的文件|*.pdf;*.jpg;*.png|PDF文件 (*.pdf)|*.pdf|图像文件(*.jpg; *.png)||";;
"08A116E3/217/0";"PDF Files (*.pdf)|*.pdf||";"PDF 文件(*.pdf)|*.pdf||";;
"08A116E3/121/0";"Accept";"接受";;
"08A116E3/124/0";"Processing document...";"正在处理文档...";;
"08A116E3/125/0";"The document is a scanned image. The current edition does not support this feature.";"该文档是扫描图像。当前版本不支持此功能。";;
"08A116E3/101/0";"Sorry, your current country/region does not support AI features.";"抱歉，您当前的国家/地区不支持AI功能。";;
"08A116E3/126/0";"The document is a scanned image. OCR is required before translation can be performed.";"该文档是扫描图像。在进行翻译之前需要OCR。";;
"08A116E3/73/0";"The command execute failed. ";"命令执行失败。 ";;
"08A116E3/72/0";"Sorry, you do not have permission to access this document.";"抱歉，您没有权限访问该文档。";;
"08A116E3/39/0";"Sorry, this operation is currently not supported.";"抱歉，目前不支持此操作。";;
"08A116E3/131/0";"Your subscription has expired. Please resubscribe to unlock access to AI features.";"您的订阅已过期。请重新续订后解锁对 AI 功能的访问权限。";;
"08A116E3/195/0";"Translated by Foxit AI Assistant.";"由福昕 AI 助手翻译。";;
"08A116E3/102/0";"%ls (to %ls)";"%ls（到%ls）";;
"08A116E3/103/0";"Arabic/Chinese (Simplified)/Chinese (Traditional)/Dutch/English/Filipino/French/German/Gujarati/Haitian Creole/Hebrew/Hungarian/Indonesian/Italian/Japanese/Korean/Pashto/Polish/Portuguese/French (Canada)/Romanian/Russian/Spanish/Thai/Urdu/Vietnamese";"阿拉伯语/中文（简体）/中文（繁体）/荷兰语/英语/菲律宾语/法语/德语/古吉拉特语/海地克里奥尔语/希伯来语/匈牙利语/印度尼西亚语/意大利语/日语/韩语/普什图语/波兰语/葡萄牙语/法语（加拿大）/罗马尼亚语/俄语/西班牙语/泰语/乌尔都语/越南语";;
"08A116E3/154/0";"Chinese (Simplified)/Chinese (Traditional)/English/Dutch/Filipino/French/German/Indonesian/Italian/Japanese/Korean/Portuguese/Spanish";"简体中文/繁体中文/英语/荷兰语/菲律宾语/法语/德语/印尼语/意大利语/日语/韩语/葡萄牙语/西班牙语";;
"08A116E3/104/0";"Local Language (%ls)";"本地语言 (%ls)";;
"08A116E3/150/0";"Partial content not translated.";"部分内容未翻译。";;
"08A116E3/204/0";"Translation finished.";"翻译完成。";;
"08A116E3/152/0";"Translated: %d/%d pages";"已翻译：%d/%d 页";;
"08A116E3/205/0";"Translated by AI: %d/%d pages";"由 AI 翻译： %d/%d 页";;
"08A116E3/153/0";"All pages have been translated.";"所有页面均由AI翻译。";;
"08A116E3/206/0";"All pages translated by AI. For reference only.";"AI 生成的回复仅供参考。";;
"08A116E3/196/0";"The AI-generated response is for reference only.";"AI 生成的响应仅供参考。";;
"08A116E3/127/0";"Translating to %ls...";"正在翻译为 %ls...";;
"08A116E3/197/0";"Translated by AI. For reference only.";"AI 翻译，仅供参考。";;
"08A116E3/128/0";"This might take a few seconds.";"这可能需要几秒钟。";;
"08A116E3/129/0";"The translation has not been completed. Do you want to save changes to &apos;%ls&apos; before closing?";"翻译尚未完成。关闭前是否要保存对“%ls”的更改？";;
"08A116E3/130/0";"The translation has not been completed. Do you want to continue saving?";"翻译尚未完成。是否继续保存？";;
"08A116E3/105/0";"You are out of AI credits. Please subscribe to unlock access to AI features.";"您的 AI 额度已用完。请订阅以解锁对 AI 功能的访问权限。";;
"08A116E3/141/0";"Analyzing document structure...";"正在分析文档结构...";;
"08A116E3/113/0";"Cancel";"取消";;
"08A116E3/112/0";"Add to end";"添加至末尾";;
"08A116E3/111/0";"Overwrite";"覆盖";;
"08A116E3/110/0";"The file already contains bookmarks. Would you like the newly generated bookmarks to overwrite the original ones or be added at the end of the bookmark list? You can choose to Overwrite or Add to end.";"该文件已包含书签。您希望新生成的书签覆盖原有书签，还是添加到书签列表末尾？您可以选择“覆盖”或“添加到末尾”。";;
"08A116E3/132/0";"Sorry, unable to create new bookmarks from structure.";"对不起，无法从结构创建新书签。";;
"08A116E3/24/0";"Instant answers to your product questions via AI";"通过人工智能即时解答您的产品问题";;
"08A116E3/188/0";"Failed to add the MCP server. Please check the request logs to determine the cause of the failure.";"添加 MCP 服务器失败。请检查请求日志以确定失败原因。";;
"08A116E3/189/0";"Failed to connect to the MCP server. Please check the request logs to determine the cause of the failure.";"无法连接到 MCP 服务器。请检查请求日志以确定失败原因。";;
"08A116E3/190/0";"The specified MCP server does not exist. Please check the request logs to determine the cause of the failure.";"指定的 MCP 服务器不存在。请检查请求日志以确定失败的原因。";;
"08A116E3/191/0";"MCP Manager";"MCP 管理器";;
"08A116E3/23/0";"All Supported Files(*.*)|*.pdf;*.txt;*.text;*.htm;*.html;*.shtml;*.bmp;*.dib;*.jpg;*.jpeg;*.jpe;*.gif;*.tif;*.tiff;*.png;*.wps;*.doc;*.rtf;*.docx;*.dot;*.dotx;*.docm;*.dotm;*.ppt;*.pptx;*.pot;*.potx;*.pptm;*.ppsx;*.ppsm;*.potm;*.xls;*.xlt;*.xlsx;*.xltx;*.xlsm;*.xlsb;*.xltm;*.vsd;*.mpp;*.dwg;*.dxf;*.dwt;*.dwf;*.dst;*.mp3;*.swf;*.mp4;*.jpf;*.jpx;*.jp2;*.j2k;*.j2c;*.jpc|";"所有可支持文件类型(*.*)|*.pdf;*.txt;*.text;*.htm;*.html;*.shtml;*.bmp;*.dib;*.jpg;*.jpeg;*.jpe;*.gif;*.tif;*.tiff;*.png;*.wps;*.doc;*.rtf;*.docx;*.dot;*.dotx;*.docm;*.dotm;*.ppt;*.pptx;*.pot;*.potx;*.pptm;*.ppsx;*.ppsm;*.potm;*.xls;*.xlt;*.xlsx;*.xltx;*.xlsm;*.xlsb;*.xltm;*.vsd;*.mpp;*.dwg;*.dxf;*.dwt;*.dwf;*.dst;*.mp3;*.swf;*.mp4;*.jpf;*.jpx;*.jp2;*.j2k;*.j2c;*.jpc|";;
"08A116E3/74/0";"The fill &amp; sign tool has been activated for you. Please select or create a signature from the ribbon to get started.";"已为您激活“填写&amp;签名”工具。请从功能区中选择或创建签名以开始使用。";;
"08A116E3/75/0";"The Security Policy tool has been opened for you, where you can manage security policy.";"已为您打开“安全策略”工具，您可以在其中管理安全策略。";;
"08A116E3/79/0";"I can help you with this if you can give me more detailed color specifications. For example: &quot;#faf9de&quot;";"如果您能给我更详细的颜色规格，我可以帮你。例如： &quot;#faf9de&quot;";;
"08A116E3/80/0";"The &quot;Edit Object&quot; tool has been enabled for you. Please select the object you want to edit and continue.";"“编辑对象”工具已为您启用。请选择要编辑的对象并继续。";;
"08A116E3/81/0";"The &quot;Edit Text&quot; tool has been enabled for you. Please select the paragraph you want to edit and continue.";"“编辑文本”工具已为您启用。请选择要编辑的段落并继续。";;
"08A116E3/82/0";"Sorry, this operation only supports FDF, XFDF, or JSON file formats.";"抱歉，该操作仅支持FDF，XFDF或者JSON文件格式。";;
"08A116E3/83/0";"The keyword &quot;%ls&quot; you input cannot be found in this document.";"您输入的关键字 “%ls” 在本文档中找不到。";;
"08A116E3/76/0";"The article box panel has been opened for you, where you can edit or delete article box.";"已为您打开“文章框”面板，您可以在其中编辑或删除文章框。";;
"08A116E3/77/0";"There are no page templates";"没有页面模板";;
"08A116E3/78/0";"There are no links to the web on this page.";"当前页面中不存在网页链接。";;
"08A116E3/109/0";"Cancelling?";"正在取消…";;
"08A116E3/138/0";"Hello, welcome to Foxit Editor";"您好，欢迎使用福昕编辑器";;
"08A116E3/158/0";"Rewind 10 seconds";"倒退10秒";;
"08A116E3/139/0";"Code: %ls. An error occurred, please try again later.";"错误码：%ls。发生错误，请稍后重试。";;
"08A116E3/159/0";"Exit";"退出";;
"08A116E3/134/0";"Read From Current Page";"从当前页开始朗读";;
"08A116E3/160/0";"Start reading aloud from the current page onward";"从当前页面开始大声朗读";;
"08A116E3/133/0";"Read Full Text";"朗读全文";;
"08A116E3/161/0";"Read the entire document aloud from start to finish";"从头到尾朗读整个文档";;
"08A116E3/162/0";"Fast-forward 10 seconds";"快进10秒";;
"08A116E3/163/0";"Hide Transcription";"隐藏转录";;
"08A116E3/164/0";"Pause";"暂停";;
"08A116E3/165/0";"Play";"播放";;
"08A116E3/144/0";"Victoria";"维多利亚";;
"08A116E3/145/0";"Henry";"亨利";;
"08A116E3/142/0";"Ella";"艾拉";;
"08A116E3/143/0";"Max";"麦克斯";;
"08A116E3/172/0";"Formal Female";"正式女性";;
"08A116E3/173/0";"Formal Male";"正式男性";;
"08A116E3/174/0";"Gentle Female";"温柔女性";;
"08A116E3/175/0";"Gentle Male";"温柔男性";;
"08A116E3/166/0";"Smart Podcast";"智能播客";;
"08A116E3/167/0";"Listen to a two-person conversation providing an overview of the document";"听一段双人对话，概述文档";;
"08A116E3/168/0";"Read Summary";"朗读概要";;
"08A116E3/169/0";"Listen to a brief audio summary covering the key points";"听一段涵盖要点的简短音频摘要";;
"08A116E3/135/0";"Read";"朗读";;
"08A116E3/170/0";"View Transcription";"查看转录";;
"08A116E3/171/0";"Voice:";"声音：";;
"08A116E3/185/0";"[AI Speech Synthesis]";"[AI 智能语音合成]";;
"08A116E3/140/0";"Scanning document content...";"正在扫描文档内容...";;
"08A116E3/40/0";"Would you like me to fill out the flat form or sign the document with a picture signature?";"您希望我填写平面表格还是签署带有图片签名的文件？";;
"08A116E3/41/0";"Would you like me to open loupe tool?";"您希望我打开放大镜工具吗？";;
"08A116E3/42/0";"Would you like me to open marquee tool?";"您希望我打开选框工具吗？";;
"08A116E3/84/0";"Would you like me to add attachments to this pdf?";"您希望我为该 pdf 添加附件吗？";;
"08A116E3/43/0";"Would you like me to add certificate protection to a PDF?";"您希望我为 PDF 添加证书保护吗？";;
"08A116E3/44/0";"Would you like me to add tooltips automatically for all form fields which do not have descriptions?";"您希望我为所有没有描述的表单域自动添加工具提示吗？";;
"08A116E3/85/0";"Would you like me to add a image to the PDF?";"您希望我为该 PDF 添加图像吗？";;
"08A116E3/86/0";"Would you like me to add a file attachment to the current page?";"您希望我向当前页面添加文件附件吗？";;
"08A116E3/45/0";"Would you like me to append this form data to an existing sheet?";"您希望我将这个表单数据附加到现有工作表中吗？";;
"08A116E3/46/0";"Would you like me to change to autoScroll?";"您希望我更改为自动滚动吗？\n ";;
"08A116E3/87/0";"Would you like me to combine files into single PDF?";"您希望我将多个文件合并为单个 PDF 吗？";;
"08A116E3/47/0";"Would you like me to combine data from forms into a sheet?";"您希望我将表单中的数据合并到一张表中吗？";;
"08A116E3/88/0";"Would you like me to create multiple PDFs from multiple files?";"您希望我从多个文件创建多个 PDF 吗？";;
"08A116E3/89/0";"Would you like me to convert document to %ls?";"您希望我将文档转换为 %ls 吗？";;
"08A116E3/48/0";"Would you like me to create a blank PDF?";"您希望我创建一个空白的 PDF 吗？";;
"08A116E3/90/0";"Would you like me to delete all attachments in this pdf?";"您希望我删除此 pdf 中的所有附件吗？";;
"08A116E3/49/0";"Would you like me to edit &quot;all objects/text/image/shape/shading&quot;?";"您希望我编辑“所有对象/文本/图像/形状/渐变”吗？";;
"08A116E3/50/0";"Would you like me to edit static XFA form?";"您希望我编辑静态 XFA 表单吗？";;
"08A116E3/51/0";"Would you like me to edit text in this pdf?";"您希望我编辑此 PDF 中的文本吗？";;
"08A116E3/52/0";"Forms";"表单";;
"08A116E3/91/0";"Would you like me to run form field recognition?";"您希望我运行表单域识别吗？";;
"08A116E3/53/0";"Would you like me to &quot;hide&quot; all comments?";"您希望我“隐藏”所有评论吗？";;
"08A116E3/54/0";"Would you like me to import comments from other PDF or FDF files into the current document?";"您希望我将其他 PDF 或 FDF 文件中的注释导入到当前文档中吗？";;
"08A116E3/55/0";"Would you like me to set the page layout to &quot;%ls&quot; display mode?";"您希望我将页面布局设置为“%ls”显示模式吗？";;
"08A116E3/56/0";"continuous-view-mode";"连续视图模式";;
"08A116E3/57/0";"facing-page-view-mode";"对开视图模式";;
"08A116E3/58/0";"facing-continuous-page-view-mode";"连续对开视图模式";;
"08A116E3/59/0";"separate-cover-page-view-mode";"单独封面页视图模式";;
"08A116E3/60/0";"single-page-view-mode";"单页视图模式";;
"08A116E3/61/0";"Would you like me to open form preferences?";"您希望我打开表单偏好设置吗？";;
"08A116E3/62/0";"Would you like me to print this form or document?";"您希望我打印此表单或文件吗？";;
"08A116E3/63/0";"Would you like me to show properties?";"您希望我显示属性吗？";;
"08A116E3/64/0";"Would you like me to recognize the text in this pdf?";"你想让我识别这个 pdf 中的文本吗？";;
"08A116E3/65/0";"Would you like me to read current page?";"您希望我朗读当前页面吗？";;
"08A116E3/66/0";"Would you like me to read from current page?";"您希望我从当前页面开始朗读吗？";;
"08A116E3/67/0";"Would you like me to remove security from PDF?";"您希望我删除 PDF 的安全设置吗？";;
"08A116E3/68/0";"Would you like me to reset unsaved form entries?";"您希望我重置未保存的表单条目吗？";;
"08A116E3/69/0";"Would you like me to &quot;show&quot; all comments?";"您希望我“显示”所有评论吗？";;
"08A116E3/70/0";"Would you like me to stop/pause reading?";"您希望我停止/暂停朗读吗？";;
"08A116E3/71/0";"Would you like me to change to text viewer?";"您希望我切换到文本查看器吗？";;
"08A116E3/5/0";"Foxit AI Assistant";"福昕AI助手";;
"08A116E3/13/0";"Loading...";"正在加载...";;
"08A116E3/6/0";"Use AI to summarize or rewrite your document.";"使用AI对文档进行概括或重写。";;
"08A116E3/7/0";"&amp;Enhance writing";"提高写作(&amp;E)";;
"08A116E3/18/0";"Rewrite the text based on preferences";"根据偏好设置，重写文本";;
"08A116E3/16/0";"&amp;Define and Clarify";"定义并阐明(&amp;D)";;
"08A116E3/19/0";"Provide clear definitions and explanations to enhance understanding";"提供清晰的定义和解释以增强理解";;
"08A116E3/15/0";"&amp;Spelling &amp;&amp; Grammar";"拼写和语法(&amp;F)";;
"08A116E3/20/0";"Check and correct spelling and grammatical errors to ensure the accuracy";"检查并更正拼写和语法错误以确保准确性";;
"08A116E3/8/0";"&amp;Summarize";"总结(&amp;S)";;
"08A116E3/21/0";"Understand key section in text with generative summaries";"使用生成摘要理解文本中的关键部分";;
"08A116E3/14/0";"&amp;Translate";"翻译(&amp;T)";;
"08A116E3/22/0";"Translate the text";"翻译文本";;
"08A116E3/200/0";"&amp;AI Text Detection";"AI 文本检测(&amp;A)";;
"08A116E3/201/0";"Check selected text for AI-generated content";"检查选定文本中是否存在 AI 生成的内容";;
"08A116E3/9/0";"Don&apos;t show again";"不再显示";;
"08A116E3/10/0";"AI assistance for increased productivity";"AI辅助提高生产力";;
"08A116E3/11/0";"The text you selected has exceeded %ls characters, the excess will not be processed. Do you want to continue?";"您选择的文本已超过%ls个字符，多余的将不予处理。是否要继续？";;
"08A116E3/137/0";"Stop";"停止";;
"08A116E3/25/0";"Would you like me to delete pages &quot;%ls&quot; in the current document? The operation cannot be undone.";"您希望我删除当前文档中的页面“%ls”吗？该操作无法撤消。";;
"08A116E3/26/0";"Would you like me to extract the pages &quot;%ls&quot; in the current document?";"您希望我提取当前文档中的页面“%ls”吗？";;
"08A116E3/36/0";"Would you like me to insert &quot;%ls%[1]&quot; blank pages after page &quot;%ls%[2]&quot;? The operation cannot be undone.";"您希望我在“%ls%[2]”页之后插入“%ls%[1]” 张空白页吗？该操作无法撤消。";;
"08A116E3/37/0";"Would you like me to insert &quot;%ls%[1]&quot; blank pages before page &quot;%ls%[2]&quot;? The operation cannot be undone.";"您希望我在“%ls%[2]” 页之前插入“%ls%[1]” 张空白页吗？该操作无法撤消。";;
"08A116E3/29/0";"Would you like me to insert the pages &quot;%ls%[1]&quot; of the document with &quot;%ls%[2]&quot; to after the page &quot;%ls%[3]&quot;? The operation cannot be undone.";"您希望我将包含“%ls%[2]”的文档的“%ls%[1]”页插入到“%ls%[3]”页后面吗？该操作无法撤消。";;
"08A116E3/30/0";"Would you like me to insert the pages &quot;%ls%[1]&quot; of the document with &quot;%ls%[2]&quot; to before the page &quot;%ls%[3]&quot;? The operation cannot be undone.";"您希望我将包含“%ls%[2]”的文档的“%ls%[1]”页插入到“%ls%[3]”页前面吗？该操作无法撤消。";;
"08A116E3/31/0";"Would you like me to replace pages &quot;%ls%[1]&quot;-&quot;%ls%[2]&quot; of the current document with pages &quot;%ls%[3]&quot; from &quot;%ls%[4]&quot;? The operation cannot be undone.";"您希望我将当前文档的“%ls%[1]”-“%ls%[2]”页面替换为“%ls%[4]”中的“%ls%[3]”页面吗？该操作无法撤消。";;
"08A116E3/33/0";"Would you like me to rotate pages &quot;%ls%[1]&quot; of the current document clockwise by &quot;%ls%[2]&quot; degrees?  The operation cannot be undone.";"您希望我将当前文档的页面“%ls%[1]”顺时针旋转“%ls%[2]”度吗？该操作无法撤消。";;
"08A116E3/34/0";"Would you like me to rotate pages &quot;%ls%[1]&quot; of the current document counterclockwise by &quot;%ls%[2]&quot; degrees?  The operation cannot be undone.";"您希望我将当前文档的页面“%ls%[1]”逆时针旋转“%ls%[2]”度吗？该操作无法撤消。";;
"08A116E3/35/0";"Would you like me to execute the command: %ls?";"您希望我执行命令：%ls 吗？";;
"08A116E3/38/0";"translate";"翻译";;
"08A116E3/202/0";"AI-Checked";"AI检测";;
"08A116E3/155/0";"Show Original";"显示原文";;
"08A116E3/186/0";"[AI-Powered Translation]";"[AI 智能翻译]";;
"08A116E3/179/0";"To play the media files, please make sure you have the necessary media player installed on your computer";"要播放媒体文件，请确保您的计算机上安装了必要的媒体播放器";;
"08A116E3/180/0";"There is no content to read";"没有可读的内容。";;
"08A116E3/181/0";"Transcription will only apply to Read Summary and Smart Podcast features.";"转录仅适用于朗读摘要和智能播客功能。";;
"08A116E3/182/0";"Uploading document content...%ls";"正在上传文档内容...%ls";;
"08A116E3/183/0";"Parsing content...%ls";"正在解析内容...%ls";;
"08A116E3/184/0";"Generating transcription...%ls";"正在生成转录...%ls";;
"08A116E3/187/0";"AI-Generated";"AI 生成";;
"08A116E3/192/0";"Generate Image";"生成图像";;
"08A116E3/193/0";"AI-driven image generation and editing";"AI 驱动的图像生成和编辑";;
"08A116E3/209/0";"Edit Image with AI";"使用 AI 编辑图像";;
"08A116E3/203/0";"All Supported Files|*.png;*.jpg;*.jpeg;*.bmp;*.tiff;*tif|PNG(*.png)|*.png|JPG(*.jpg,*.jpeg)|*.jpg,*.jpeg|BMP(*.bmp)|*.bmp|TIFF?(*.tiff,*.tif)|*.tiff;*.tif|";"所有支持的文件|*.png;*.jpg;*.jpeg;*.bmp;*.tiff;*tif|PNG(*.png)|*.png|JPG(*.jpg,*.jpeg)|*.jpg,*.jpeg|BMP(*.bmp)|*.bmp|TIFF (*.tiff,*.tif)|*.tiff;*.tif|";;
"08A116E3/213/0";"All Supported Files|*.png;*.jpg;*.jpeg|PNG (*.png)|*.png|JPG (*.jpg,*.jpeg)|*.jpg,*.jpeg|";"所有可支持的文件|*.png;*.jpg;*.jpeg|PNG (*.png)|*.png|JPG (*.jpg,*.jpeg)|*.jpg,*.jpeg|";;
"08A116E3/207/0";"Summarize Document";"总结文档";;
"08A116E3/208/0";"Summarize the key points of the document";"总结文档的要点";;
"08A116E3/210/0";"AI Content Detection";"AI?内容检测";;
"08A116E3/211/0";"Check the current document for AI-generated content";"检查当前文档中的 AI 生成内容";;
"08A116E3/212/0";"The file size should be less than %dMB.";"文件体积应该小于%dMB。";;
"08A116E3/214/0";"AI Summary to Image";"AI 总结生图";;
"08A116E3/215/0";"Intelligently extracts key points and instantly generates a summary image";"智能提取关键点并即时生成摘要图像";;
"08A116E3/216/0";"AI Summary to Image";"AI 总结生图";;
"184E61F7/1/0";"The plugin allows users to add notes, comments, highlights, drawings, stamps, or other interactive elements to PDF Files.";"该插件允许用户向 PDF 文件添加标注、注释、高亮显示、绘图、图章或其他交互式元素。";;
"184E61F7/2/0";"Copyright ? 2010-2026 Foxit Software Inc. All Rights Reserved.";"2010-2026 福昕软件 版权所有。";;
"184E61F7/46/0";"Eraser";"橡皮";;
"184E61F7/47/0";"Erase Pencil markings";"擦掉铅笔痕迹";;
"184E61F7/48/0";"Partial Erase";"部分擦除";;
"184E61F7/49/0";"Erase part of the pencil markings";"擦掉局部铅笔标记";;
"184E61F7/50/0";"Full Erase";"整体擦除";;
"184E61F7/51/0";"Erase the entire pencil marking";"清除整条铅笔标记";;
"184E61F7/52/0";"Clear All";"全部清除";;
"184E61F7/53/0";"Clear all pencil markings";"清除所有铅笔标记";;
"184E61F7/54/0";"Eraser Size";"橡皮擦大小";;
"184E61F7/55/0";"Adjust the eraser size";"调整橡皮擦尺寸";;
"184E61F7/56/0";"Rubber";"橡皮";;
"184E61F7/57/0";"No erasable pencil markings";"没有可擦除的铅笔标记";;
"08A51BA0/94/0";"Structure Elements";"结构元素";;
"08A51BA0/95/0";"Structure";"结构";;
"08A51BA0/96/0";"&amp;Select All";"全选(&amp;S)";;
"08A51BA0/97/0";"C&amp;lear All";"全部清除(&amp;L)";;
"08A51BA0/1/0";"Layer Properties";"图层属性";;
"08A51BA0/2/0";"Style:";"类型：";;
"08A51BA0/3/0";"Color:";"颜色：";;
"08A51BA0/4/0";"Add a new table of contents";"添加新的目录页";;
"08A51BA0/5/0";"Text Style";"文本样式";;
"08A51BA0/6/0";"&amp;Title:";"标题(&amp;T)：";;
"08A51BA0/7/0";"6";"6";;
"08A51BA0/8/0";"7";"7";;
"08A51BA0/9/0";"8";"8";;
"08A51BA0/10/0";"9";"9";;
"08A51BA0/11/0";"10";"10";;
"08A51BA0/12/0";"11";"11";;
"08A51BA0/13/0";"12";"12";;
"08A51BA0/14/0";"14";"14";;
"08A51BA0/15/0";"16";"16";;
"08A51BA0/16/0";"18";"18";;
"08A51BA0/17/0";"20";"20";;
"08A51BA0/18/0";"22";"22";;
"08A51BA0/19/0";"24";"24";;
"08A51BA0/20/0";"28";"28";;
"08A51BA0/21/0";"&amp;Content:";"内容(&amp;C)：";;
"08A51BA0/22/0";"26";"26";;
"08A51BA0/23/0";"Options";"选项";;
"08A51BA0/24/0";"&amp;Orientation:";"方向(&amp;O)：";;
"08A51BA0/25/0";"Auto portrait/landscape";"自动 横向/纵向";;
"08A51BA0/26/0";"Landscape";"横向";;
"08A51BA0/27/0";"Portrait";"纵向";;
"08A51BA0/28/0";"&amp;Select the bookmark levels that should be converted into items in the table of contents";"选择需要转换为目录条目的书签等级(&amp;S)";;
"08A51BA0/29/0";"&amp;Base level";"基础等级(&amp;B)";;
"08A51BA0/30/0";"&amp;Level 1";"等级1(&amp;L)";;
"08A51BA0/31/0";"L&amp;evel 2";"等级2(&amp;E)";;
"08A51BA0/32/0";"Le&amp;vel 3";"等级3(&amp;V)";;
"08A51BA0/33/0";"Level &amp;4";"等级4(&amp;4)";;
"08A51BA0/34/0";"Co&amp;nvert all bookmark levels into items in the table of contents";"将所有书签转换为目录条目(&amp;N)";;
"08A51BA0/161/0";"T&amp;able of contents pages generated from bookmarks are not included in page numbering";"通过书签生成目录时，生成的目录页不计入页码(&amp;A)";;
"08A51BA0/156/0";"Page Margins(cm)";"页边距(cm)";;
"08A51BA0/162/0";"&amp;bottom:";"底部(&amp;B)：";;
"08A51BA0/163/0";"le&amp;ft:";"左(&amp;F)：";;
"08A51BA0/164/0";"&amp;right:";"右(&amp;R)：";;
"08A51BA0/165/0";"to&amp;p:";"顶部(&amp;P)：";;
"08A51BA0/98/0";"Auto Create Bookmarks";"自动创建书签";;
"08A51BA0/99/0";"Options";"选项";;
"08A51BA0/100/0";"Do &amp;not create consecutive duplicate bookmarks";"不要创建连续的重复书签(&amp;N)";;
"08A51BA0/101/0";"Insert boo&amp;kmarks:";"插入书签(&amp;K)：";;
"08A51BA0/102/0";"Edit Stop &amp;Words";"编辑停用词(&amp;W)";;
"08A51BA0/103/0";"Remo&amp;ve non-alphanumeric characters";"删除非字母数字字符(&amp;V)";;
"08A51BA0/104/0";"&amp;Ignore text that contains stop words:";"忽略包含停用词的文本(&amp;I)：";;
"08A51BA0/105/0";"&amp;Load from File...";"从文件加载(&amp;L)...";;
"08A51BA0/106/0";"Page Range";"页面范围";;
"08A51BA0/107/0";"This method is to define properties of the text that will be applied to bookmark titles. Bookmarks will be automatically created based on predefined text style, content and layout.";"此方法用于定义将应用于书签标题的文本属性。 书签将根据预定义的文本样式、内容和布局自动创建。";;
"08A51BA0/108/0";"&amp;Save to File...";"保存到文件(&amp;S)...";;
"08A51BA0/109/0";"Bookmark Levels";"书签级别";;
"08A51BA0/110/0";"Tip: With your pointer select a sample text on the page and click &quot;Add...&quot; button to add a bookmark level rule.";"提示：使用指针在页面上选择示例文本，然后单击“添加...”按钮以添加书签级别规则。";;
"08A51BA0/111/0";"&amp;Add...";"添加(&amp;A)...";;
"08A51BA0/112/0";"&amp;Edit...";"编辑(&amp;E)...";;
"08A51BA0/113/0";"&amp;Duplicate";"复制(&amp;D)";;
"08A51BA0/114/0";"&amp;Remove ";"移除(&amp;R) ";;
"08A51BA0/115/0";"Re&amp;move All";"全部移除(&amp;M)";;
"08A51BA0/116/0";"Edit Stop Words";"编辑停用词";;
"08A51BA0/117/0";"Text that contains these words will be ignored and not used to create bookmarks. Enter words in the area below, or close current dialog and then use &quot;Select Tool&quot; to copy text from the page. Each word or word sequence should appear on the seperate line.";"包含这些单词的文本将被忽略，不会用于创建书签。在下面的区域输入单词，或关闭当前对话框，然后使用“选择工具”从页面复制文本。每个单词或单词序列应该出现在单独的一行上。";;
"08A51BA0/118/0";"&amp;Match text case";"匹配文本大小写(&amp;M)";;
"08A51BA0/119/0";"Match &amp;whole words";"匹配整个单词(&amp;W)";;
"08A51BA0/120/0";"Select Font Name";"选择字体名称";;
"08A51BA0/121/0";"&amp;Update Fonts";"更新字体(&amp;U)";;
"08A51BA0/122/0";"Bookmark Level Settings";"书签级别设置";;
"08A51BA0/123/0";"Search Parameters";"搜索参数";;
"08A51BA0/124/0";"Use the options below to control precisely what text becomes a bookmark. Generally, the more options you use, the more accurate your set of bookmarks will be.";"使用下面的选项来精确控制哪些文本成为书签。通常，您使用的选项越多，您的书签集合就越准确。";;
"08A51BA0/125/0";"&amp;Set Bookmark Level:";"设置书签级别(&amp;S)：";;
"08A51BA0/126/0";"Bookmark Level &amp;Name:";"书签级别名称(&amp;N)：";;
"08A51BA0/127/0";"Text Content";"文本内容";;
"08A51BA0/128/0";"&amp;Find Text Content:";"查找文本内容(&amp;F)：";;
"08A51BA0/129/0";"&amp;Match text case";"匹配文本大小写(&amp;M)";;
"08A51BA0/130/0";"Text Style";"文本样式";;
"08A51BA0/131/0";"Font Si&amp;ze:";"字体大小(&amp;Z)：";;
"08A51BA0/132/0";"&amp;Add...";"添加(&amp;A)...";;
"08A51BA0/133/0";"Set Font Attri&amp;butes from Selected Text";"设置所选文本的字体属性(&amp;B)";;
"08A51BA0/134/0";"&amp;Remove ";"移除(&amp;R) ";;
"08A51BA0/135/0";"?";"±";;
"08A51BA0/136/0";"&amp;points";"点(&amp;P)";;
"08A51BA0/137/0";"Fon&amp;t Name:";"字体名称(&amp;T)：";;
"08A51BA0/138/0";"Properties";"属性";;
"08A51BA0/139/0";"Use the options below to preset text properties that will be applied to the new bookmark titles.";"使用下面的选项来预设文本属性，以便应用到新的书签标题上。";;
"08A51BA0/140/0";"Appearance";"外观";;
"08A51BA0/141/0";"&amp;Text Style:";"文本样式(&amp;T)：";;
"08A51BA0/142/0";"Text &amp;Color:";"文本颜色(&amp;C)：";;
"08A51BA0/143/0";"&amp;Zoom:";"缩放(&amp;Z)：";;
"08A51BA0/144/0";"Text Case";"文本大小写";;
"08A51BA0/145/0";"Do Not C&amp;hange";"不要更改(&amp;H)";;
"08A51BA0/146/0";"Sen&amp;tence case";"句首大写(&amp;T)";;
"08A51BA0/149/0";"&amp;Title Case";"标题大写(&amp;T)";;
"08A51BA0/147/0";"&amp;UPPERCASE";"全部大写(&amp;U)";;
"08A51BA0/148/0";"&amp;lowercase";"全部小写(&amp;L)";;
"08A51BA0/150/0";"&amp;Insert this text before each title:";"在每个标题前插入此文本(&amp;I)：";;
"08A51BA0/151/0";"Add this text after &amp;each title:";"在每个标题后添加以下文字(&amp;E)：";;
"08A51BA0/152/0";"Select Bookmark Level";"选择书签级别";;
"08A51BA0/153/0";"Selected style:  xxxxx";"选择样式： xxxx";;
"08A51BA0/154/0";"Set bookmark level:";"设置书签级别：";;
"08A51BA0/155/0";"O&amp;pen settings to edit level parameters";"打开设置以编辑级别参数(&amp;P)";;
"18533D61/1/0";"The plugin is used to manage page bookmarks.";"该插件用于管理页面书签。";;
"18533D61/2/0";"Copyright ? 2010-2026 Foxit Software Inc. All Rights Reserved.";"2010-2026 福昕软件 版权所有。";;
"18533D61/3/0";"&amp;Cancel";"取消(&amp;C)";;
"18533D61/4/0";"&amp;OK";"确定(&amp;O)";;
"18533D61/5/0";"&amp;Reset";"重置(&amp;R)";;
"18533D61/128/0";"Black";"黑色";;
"18533D61/123/0";"Dark Blue";"暗红色";;
"18533D61/120/0";"Dark Goldenrod";"深金黄色";;
"18533D61/118/0";"Dark Orange";"深橙色";;
"18533D61/116/0";"Dark Red";"深红色";;
"18533D61/125/0";"Deep Sky Blue";"深天蓝色";;
"18533D61/124/0";"Dodger Blue";"宝蓝色";;
"18533D61/129/0";"Gray 27";"灰度 27";;
"18533D61/130/0";"Gray 47";"灰度 47";;
"18533D61/131/0";"Gray 67";"灰度 67";;
"18533D61/132/0";"Gray 80";"灰度 80";;
"18533D61/6/0";"More Colors...";"更多颜色...";;
"18533D61/7/0";"No Color";"无颜色";;
"18533D61/8/0";"Other";"其它";;
"18533D61/119/0";"Peach Puff";"粉桃红";;
"18533D61/122/0";"Purple";"紫色";;
"18533D61/117/0";"Red";"红色";;
"18533D61/127/0";"Spring Green";"草绿色";;
"18533D61/133/0";"White";"白色";;
"18533D61/121/0";"Yellow";"黄色";;
"18533D61/126/0";"Yellow Green";"黄绿色";;
"18533D61/147/0";"The table of contents settings are too large for the page. Please reduce the margins or font size and try again.";"目录设置过大，超出页面范围。请缩小页边距或字体大小，然后重试。";;
"18533D61/9/0";"&amp;Bookmark";"书签(&amp;B)";;
"18533D61/10/0";"De&amp;lete Page(s)";"删除页面(&amp;L)";;
"18533D61/11/0";"Ext&amp;ract Page(s)";"提取页面(&amp;R)";;
"18533D61/148/0";"Page Margins (%s)";"页面边距（%s）";;
"18533D61/12/0";"Bookmark Properties";"书签属性";;
"18533D61/13/0";"Appearance";"外观";;
"18533D61/14/0";"Bold";"加粗";;
"18533D61/15/0";"Bold &amp;&amp; Italic";"加粗和斜体";;
"18533D61/16/0";"Italic";"倾斜";;
"18533D61/17/0";"Plain";"纯文本";;
"18533D61/18/0";"Cancel";"取消";;
"18533D61/19/0";"OK";"确定";;
"18533D61/20/0";"Varies";"不同";;
"18533D61/21/0";"Are you sure you want to set the bookmark destination to the current location?";"您确定要将所选书签的目标位置设置到当前位置吗？";;
"18533D61/134/0";"Set Default Bookmark &amp;Zoom Level";"设置默认书签缩放级别(&amp;Z)";;
"18533D61/22/0";"Bookmark Toolbar";"书签工具栏";;
"18533D61/23/0";"Untitled";"无标题";;
"18533D61/136/0";"Actual Size";"实际大小";;
"18533D61/137/0";"Fit Page";"适合页面";;
"18533D61/139/0";"Fit Visible";"适合视区";;
"18533D61/138/0";"Fit Width";"适合宽度";;
"18533D61/135/0";"Inherit Zoom";"承前缩放";;
"18533D61/24/0";"Add, remove, and manage bookmarks";"添加、移除、管理书签";;
"18533D61/143/0";"Bookmarks";"书签";;
"18533D61/145/0";"Sorry, unable to create new bookmarks from structure.";"对不起，无法从结构创建新书签。";;
"18533D61/146/0";"Command execution failed.";"命令执行失败。";;
"18533D61/25/0";"Ins&amp;ert";"插入(&amp;E)";;
"18533D61/26/0";"Lin&amp;ks";"链接(&amp;K)";;
"18533D61/27/0";"&amp;Add Bookmark";"添加书签(&amp;A)";;
"18533D61/28/0";"New Boo&amp;kmarks from Structure...";"基于结构创建新书签(&amp;K)...";;
"18533D61/29/0";"&amp;Cut";"剪切(&amp;C)";;
"18533D61/30/0";"&amp;Delete";"删除(&amp;D)";;
"18533D61/31/0";"Delete Section(s)(&amp;j)";"删除节(&amp;j)";;
"18533D61/32/0";"&amp;Expand/Collapse All Bookmarks";"展开/收起所有书签(&amp;E)";;
"18533D61/33/0";"&amp;Go to Bookmark";"跳至书签(&amp;G)";;
"18533D61/34/0";"&amp;Hide after Use";"使用后隐藏(&amp;H)";;
"18533D61/35/0";"Don&apos;t &amp;Wrap Long Bookmarks";"长书签不自动换行(&amp;W)";;
"18533D61/36/0";"Paste after Selected &amp;Bookmark";"粘贴到所选书签的后面(&amp;B)";;
"18533D61/37/0";"Pas&amp;te under Selected Bookmark";"粘贴到所选的书签下面(&amp;T)";;
"18533D61/38/0";"Pr&amp;int Page(s)";"打印页面(&amp;I)";;
"18533D61/39/0";"Pri&amp;nt Section(s)";"打印节(&amp;N)";;
"18533D61/40/0";"Properties have Changed";"属性已更改";;
"18533D61/41/0";"&amp;Properties...";"属性(&amp;P)...";;
"18533D61/42/0";"Rena&amp;me";"重命名(&amp;M)";;
"18533D61/43/0";"End of Renamed Title";"重命名标题末尾";;
"18533D61/44/0";"&amp;Set Destination";"设置目标位置(&amp;S)";;
"18533D61/45/0";"&amp;Use Current Appearance as New Default";"设置当前外观为默认(&amp;U)";;
"18533D61/46/0";"&amp;Wrap Long Bookmarks";"长书签自动换行(&amp;W)";;
"18533D61/144/0";"No Rules Specified";"未指定规则";;
"18533D61/115/0";"Cancelling?";"正在取消…";;
"18533D61/47/0";"Please note deleting this parent bookmark also deletes its child bookmark.";"请注意删除父书签时，其对应的子书签也会被删除。";;
"18533D61/49/0";"Don&apos;t show again";"不再显示";;
"18533D61/48/0";"Please note that deleting a section will delete its child bookmark and all associated pages under these bookmarks.";"请注意，删除一个节将删除其子书签和这些书签下的所有关联页面。";;
"18533D61/50/0";"E&amp;xport All Bookmarks";"导出所有书签(&amp;X)";;
"18533D61/51/0";"Export Selected Bookmarks(&amp;2)";"导出选定的书签(&amp;2)";;
"18533D61/52/0";"Import Bookmarks(&amp;1)";"导入书签(&amp;1)";;
"18533D61/53/0";"XML Document(*.xml)|*.xml|";"XML文档(*.xml)|*.xml|";;
"18533D61/54/0";"Checking page %d";"正在检查第%d页";;
"18533D61/55/0";"Is Searching Text.";"正在搜索文本。";;
"18533D61/56/0";"Bookmark Color";"书签颜色";;
"18533D61/57/0";"Create Bookmark";"创建书签";;
"18533D61/58/0";"Delete Bookmark";"删除书签";;
"18533D61/59/0";"Move Bookmark";"移动书签";;
"18533D61/60/0";"Bookmark Text";"书签文本";;
"18533D61/61/0";"Bookmark Style";"书签样式";;
"18533D61/62/0";"Structure Bookmarks";"结构书签";;
"18533D61/63/0";"Copy";"复制";;
"18533D61/64/0";"Cut";"剪切";;
"18533D61/65/0";"Delete";"删除";;
"18533D61/66/0";"Paste";"粘贴";;
"18533D61/67/0";"Bookmark";"书签";;
"18533D61/68/0";"Edit";"编辑";;
"18533D61/69/0";"Home";"主页";;
"18533D61/70/0";"Links";"链接";;
"18533D61/71/0";"Table of Contents";"目录";;
"18533D61/73/0";"&amp;Bookmarks";"书签(&amp;B)";;
"18533D61/74/0";"New Bookmark";"新建书签";;
"18533D61/75/0";"Enlarge Bookmark Text Size";"放大书签文字大小";;
"18533D61/76/0";"Expand Current Bookmark";"展开当前书签";;
"18533D61/77/0";"Find Current Bookmark(&amp;y)";"查找当前书签(&amp;Y)";;
"18533D61/78/0";"New TOC &amp;from bookmarks";"基于书签结构创建新的目录页(&amp;F)";;
"18533D61/79/0";"Options";"选项";;
"18533D61/80/0";"Shrink Bookmark Text Size";"缩小书签文字大小";;
"18533D61/149/0";"Centimeters";"厘米";;
"18533D61/150/0";"Inches";"英寸";;
"18533D61/151/0";"Millimeters";"毫米";;
"18533D61/152/0";"Percent";"百分比";;
"18533D61/153/0";"Picas";"派卡";;
"18533D61/154/0";"Points";"点";;
"18533D61/111/0";"Missing definition for bookmark level %d.";"缺少书签级别%d的定义。";;
"18533D61/110/0";"Please select a font name.";"请选择一个字体名称。";;
"18533D61/81/0";"Sorry, values must be between %d%[1] and %d%[2].";"对不起，数值必须介于%d%[1]和%d%[2]之间。";;
"18533D61/82/0";"Sorry, values must be between %.2f%[1] and %.2f%[2].";"对不起，数值必须介于%.2f%[1]和%.2f%[2]之间。";;
"18533D61/85/0";"You cannot delete all pages. At least one page must remain.";"您不能删除全部的页面。至少要留下1页。";;
"18533D61/141/0";"Other colors...";"其它颜色...";;
"18533D61/142/0";"Search...";"搜索...";;
"18533D61/87/0";"after existing bookmarks";"在现有书签之后";;
"18533D61/88/0";"All Files (*.*)|*.*|";"所有文件(*.*)|*.*|";;
"18533D61/106/0";"Auto Create Bookmarks(&amp;q)";"自动创建书签(&amp;q)";;
"18533D61/108/0";"Automatically create bookmarks based on predefined text styles, content and layout.";"根据预定义的文本样式、内容和布局自动创建书签。";;
"18533D61/107/0";"Auto Create Bookmarks";"自动创建书签";;
"18533D61/89/0";"before existing bookmarks";"在现有书签之前";;
"18533D61/90/0";"BkmSettings.abm";"BkmSettings.abm";;
"18533D61/91/0";"BkmSettings.abm (*.abm)|*.abm|";"BkmSettings.abm (*.abm)|*.abm|";;
"18533D61/92/0";"BoldItalic";"加粗斜体";;
"18533D61/93/0";"Search bookmarks by searching for specific text";"通过搜索特定文本来搜索书签";;
"18533D61/96/0";"Bold&amp;Italic";"加粗斜体(&amp;I)";;
"18533D61/83/0";"Level D&amp;own";"级别下移(&amp;O)";;
"18533D61/97/0";"Level %d%[1]: (%s%[2])";"级别 %d%[1]: (%s%[2])";;
"18533D61/84/0";"Le&amp;vel Up";"级别上移(&amp;V)";;
"18533D61/98/0";"No text selected, use &quot;Select Tool&quot; to select a sample text and try again.";"未选择文本，请使用“选择工具”按钮选择示例文本并重试。";;
"18533D61/99/0";"Remove all levels?";"删除所有级别？";;
"18533D61/100/0";"replace existing bookmarks";"替换现有书签";;
"18533D61/101/0";"Selected style: %ls";"选择样式： %ls";;
"18533D61/102/0";"It will find only one of the fonts in the order of following list";"它只会按照以下列表的顺序找到一种字体。";;
"18533D61/103/0";"This operation will enumerate all the fonts in the current document. This may take a considerable amount of time for a large document. Click OK to continue.";"此操作将枚举当前文档中的所有字体。 对于大型文档，这可能需要花费大量时间。 单击“确定”以继续。";;
"18533D61/113/0";"Adding bookmarks...";"添加书签...";;
"18533D61/114/0";"Total number of bookmarks created: %d";"创建的书签总数：%d";;
"18533D61/112/0";"Searching for bookmarks: page %d%[1] of %d%[2]";"正在搜索书签：第%d%[1]页，共%d%[2]页";;
"18533D61/140/0";"Generating TOC...";"正在生成目录...";;
"18533D61/109/0";"Unknown";"未知";;
"09F951E6/105/0";"BoxPlugin DLL";"BoxPlugin DLL";;
"09F951E6/106/0";"Copyright ? 2010-2026 Foxit Software Inc. All Rights Reserved.";"2010-2026 福昕软件 版权所有。";;
"09F951E6/53/0";"&amp;OK";"确定(&amp;O)";;
"09F951E6/54/0";"&amp;Cancel";"取消(&amp;C)";;
"09F951E6/55/0";"&amp;Reset";"重置(&amp;R)";;
"09F951E6/56/0";"Box";"Box";;
"09F951E6/57/0";"Uploading file...";"正在上传文件...";;
"09F951E6/58/0";"You must specify a value for this required field.";"您必须为必填域指定一个数值。";;
"09F951E6/59/0";"Invalid numeric value. Please check the value and try again.";"无效的数据类型。请检查数值并重试。";;
"09F951E6/60/0";"Invalid URL. Please check the URL and try again.";"URL无效。请检查URL后重试。";;
"09F951E6/61/0";"Connecting to &apos;%ls&apos;.";"正在连接到“%ls”";;
"09F951E6/62/0";"Downloading file...";"正在下载文件...";;
"09F951E6/63/0";"Foxit PDF Editor";"福昕高级PDF编辑器";;
"09F951E6/64/0";"The web URL could not be reached due to a network error.\nPlease check your network connection or contact the server administrator.\nThe error code is %ls.";"由于网络错误，无法访问该网页URL。\n请检查您的网络连接或者联系服务器管理员。\n错误码是 %ls。";;
"09F951E6/65/0";"The web URL could not be reached due to a server error.\nPlease contact the server administrator.\nThe status code is %ls.";"由于服务器错误无法访问该网页URL。\n请联系服务器管理员。\n状态码是%ls。";;
"09F951E6/66/0";"The URL you have provided could not be reached.\nPlease verify that the URL is correct and that the network location is reachable.";"您提供的URL无法访问。请检查URL地址是否正确并确保网络连接正常。";;
"09F951E6/67/0";"The web URL could not be reached due to the server configuration.\nPlease contact the server administrator.";"由于服务器配置原因无法访问该网页URL。\n请联系服务器管理员。";;
"09F951E6/68/0";"None";"无";;
"09F951E6/69/0";"Could not connect to the server. Please check your network connection.\nAlso, check if the URL is in the correct format and ensure that you have permission to access it.";"无法连接到服务器。请检查您的网络连接。\n同时，请检查URL地址是否正确并确保您有权限访问该网络资源。";;
"09F951E6/70/0";"Could not get URL segments due to a network error.\nPlease check your network connection or contact the server administrator.\nThe error code is %ls.";"由于网络错误，无法获取URL数据段。\n请检查您的网络链接或者联系服务器管理员。\n错误码是%ls。";;
"09F951E6/71/0";"Could not get URL segments due to a server error.\nPlease contact the server administrator.\nThe status code is %ls.";"由于服务器错误，无法获取URL数据段。\n请联系服务器管理员。\n状态码是%ls。";;
"09F951E6/72/0";"Could not get URL segments due to an unknown error.\nPlease contact the server administrator.";"由于未知错误，无法获取URL数据段。\n请联系服务器管理员。";;
"09F951E6/73/0";"Failed to get a new access token. Please contact the server administrator.";"无法获取新的访问令牌。请联系服务器管理员。";;
"09F951E6/74/0";"This action requires a secure connection and server authentication.\nThe certificate issuer for this site is untrusted or unknown.\nWould you like to proceed?";"该操作需要一个安全的连接以及服务器认证。\n该站点的证书发行者不受信任或者未知。\n您想要继续吗？";;
"09F951E6/75/0";"This file could not be opened as it is not a PDF file.";"文档无法被打开，它不是一个pdf文件。";;
"09F951E6/76/0";"Open";"打开";;
"09F951E6/77/0";"Save";"保存";;
"09F951E6/78/0";"Save As";"另存为";;
"09F951E6/79/0";"All Files";"所有文件";;
"09F951E6/80/0";"PDF Files (*.pdf)";"PDF 文件(*.pdf)";;
"09F951E6/81/0";"PPDF Files (*.ppdf)";"PPDF 文件(*.ppdf)";;
"09F951E6/104/0";"File Name:";"文件名：";;
"09F951E6/82/0";"Name";"名称";;
"09F951E6/83/0";"Date modified";"修改日期";;
"09F951E6/84/0";"Size";"大小";;
"09F951E6/85/0";"File Type:";"文件类型：";;
"09F951E6/86/0";"..parent folder";"..父文件夹";;
"09F951E6/87/0";"Loading &apos;%ls&apos;";"正在加载 &apos;%ls&apos;";;
"09F951E6/88/0";"The document could not be downloaded due to a network error.\nPlease check your network connection or contact the server administrator.\nThe error code is %ls.";"由于网络错误，文档无法下载。\n请检查您的网络链接或者联系服务管理员。\n错误码是%ls。";;
"09F951E6/89/0";"The document could not be downloaded due to a server error.\nPlease contact the server administrator.\nThe status code is %ls.";"由于服务器错误，文档无法下载.\n请联系服务器管理员。 \n状态码是%ls。";;
"09F951E6/90/0";"The file &apos;%ls&apos; already exists.\nDo you want to replace the existing file?";"文件“%ls”已经存在。您是否想要替换已有文件？";;
"09F951E6/91/0";"The document could not be uploaded due to a network error.\nPlease check your network connection or contact the server administrator.\nThe error code is %ls.";"由于网络错误，文档无法上传。\n请检查您的网络链接或者联系服务器管理员。\n错误码是%ls。";;
"09F951E6/92/0";"The document could not be uploaded due to a server error.\nPlease contact the server administrator.\nThe status code is %ls.";"由于服务器错误，该文档无法上传。\n请联系服务器管理员。\n状态码是%ls。";;
"09F951E6/93/0";"The document could not be uploaded due to an unknown error.";"该文档无法上传，出现未知错误。";;
"09F951E6/94/0";"The document could not be updated due to a network error.\nPlease check your network connection or contact the server administrator.\nThe error code is %ls.";"由于网络错误，文档无法更新。\n请检查您的网络链接或者联系服务器管理员。\n错误码是%ls。";;
"09F951E6/95/0";"The document could not be updated due to a server error.\nPlease contact the server administrator.\nThe status code is %ls.";"由于服务器错误，该文档无法更新。\n请联系服务器管理员。\n状态码是%ls。";;
"09F951E6/96/0";"The document could not be updated due to an unknown error.";"该文档无法更新，出现未知错误。";;
"09F951E6/97/0";"Sign in loading, please wait.";"登录加载中，请稍等。";;
"09F951E6/98/0";"Do you want to remove this account?";"您是否想要移除该账户？";;
"09F951E6/99/0";"Sign In";"登录";;
"09F951E6/100/0";"This folder has been deleted.";"该文件夹已经被删除。";;
"09F951E6/101/0";"Loading...";"正在加载...";;
"09F951E6/102/0";"The document could not be saved because it is too large.";"该文档无法保存，因为它太大了。";;
"09F951E6/103/0";"Do not show this message again";"不再显示该消息";;
"0E950FB0/32/0";"Form";"表单";;
"0E950FB0/33/0";"Previous\nChange";"上一处\n更改";;
"0E950FB0/34/0";"Next\nChange";"下一处\n更改";;
"0E950FB0/1/0";"Compare PDF Files";"比较PDF文档";;
"0E950FB0/2/0";"Compare Files";"比较文件";;
"0E950FB0/3/0";"Old File:";"旧文档：";;
"0E950FB0/5/0";"New File:";"新文档：";;
"0E950FB0/4/0";"C&amp;hoose...";"选择(&amp;H)...";;
"0E950FB0/6/0";"Choos&amp;e...";"选择(&amp;E)...";;
"0E950FB0/35/0";"Preview Page:";"预览页面：";;
"0E950FB0/7/0";"Compare Page Range";"比较页面范围";;
"0E950FB0/8/0";"Ol&amp;d File:";"旧文件(&amp;D)：";;
"0E950FB0/9/0";"&amp;To";"到(&amp;T)";;
"0E950FB0/10/0";"New &amp;File:";"新文件(&amp;F)：";;
"0E950FB0/11/0";"T&amp;o";"到(&amp;O)";;
"0E950FB0/12/0";"O&amp;ptions";"选项(&amp;P)";;
"0E950FB0/13/0";"Options";"选项";;
"0E950FB0/14/0";"Include";"包括";;
"0E950FB0/15/0";"&amp;Compare Text Only";"仅比较文本(&amp;C)";;
"0E950FB0/16/0";"C&amp;ompare Table";"比较表格(&amp;O)";;
"0E950FB0/17/0";"D&amp;etect page deletions or inserts";"检测页面插入或删除(&amp;E)";;
"0E950FB0/18/0";"Marking Color";"标记颜色";;
"0E950FB0/21/0";"&amp;Delete Objects:";"删除对象(&amp;D)：";;
"0E950FB0/20/0";"&amp;Insert Objects:";"插入对象(&amp;I)：";;
"0E950FB0/19/0";"&amp;Replace Objects:";"替换对象(&amp;R)：";;
"0E950FB0/22/0";"Opacity";"不透明度";;
"0E950FB0/24/0";"I&amp;nsert Objects:";"插入对象(&amp;N)：";;
"0E950FB0/25/0";"Delete O&amp;bjects:";"删除对象(&amp;B)：";;
"0E950FB0/26/0";"%";"%";;
"0E950FB0/23/0";"Re&amp;place Objects:";"替换对象(&amp;P)：";;
"0E950FB0/27/0";"Line Thickness";"线宽";;
"0E950FB0/28/0";"Repl&amp;ace Objects:";"替换对象(&amp;A)：";;
"0E950FB0/30/0";"Delete Ob&amp;jects:";"删除对象(&amp;J)：";;
"0E950FB0/29/0";"Inser&amp;t Objects:";"插入对象(&amp;T)：";;
"0E950FB0/31/0";"&amp;Set current properties as default";"设置当前属性为默认(&amp;S)";;
"0E950FB0/36/0";"Form";"表单";;
"04A6349B/1/0";"Compare PDF plugin is used to compare the difference between files.";"PDF比较插件用于比较文件之间的不同。";;
"04A6349B/2/0";"Copyright ? 2010-2026 Foxit Software Inc. All Rights Reserved.";"2010-2026 福昕软件 版权所有。";;
"04A6349B/87/0";"Compare Files";"比较文件";;
"04A6349B/3/0";"Go to the First Change (page %d)";"跳转至第一处更改（第%d页）";;
"04A6349B/4/0";"Annotations";"注释";;
"04A6349B/5/0";"Content";"内容";;
"04A6349B/6/0";"Deletions";"删除项";;
"04A6349B/7/0";"Annotations(%d)";"注释（%d）";;
"04A6349B/8/0";"Everything";"全部";;
"04A6349B/9/0";"Formatting(%d)";"格式（%d）";;
"04A6349B/10/0";"Images/Graphics(%d)";"图像/图形（%d）";;
"04A6349B/11/0";"Text(%d)";"文本（%d）";;
"04A6349B/12/0";"Insertions";"插入项";;
"04A6349B/13/0";"Replacements";"替换项";;
"04A6349B/14/0";"Compare Results";"比较结果";;
"04A6349B/15/0";"Styling and Annotations";"样式和标注";;
"04A6349B/16/0";"Styling";"样式";;
"04A6349B/17/0";"Summary";"摘要";;
"04A6349B/18/0";"Total Changes";"总更改";;
"04A6349B/19/0";"versus";"对比";;
"04A6349B/20/0";"The page number cannot be left blank.";"页码不能为空。";;
"04A6349B/21/0";"There was an error opening this document. This file is damaged and could not be repaired.";"打开文件时出现错误，该文件已被破坏且无法被修复。";;
"04A6349B/22/0";"The starting page number must be less than or as same as the ending one.";"开始页码必须小于或者等于结束页码。";;
"04A6349B/23/0";"Please select equal page numbers for comparison.";"请选择相等的页数进行比较。";;
"04A6349B/24/0";"Compare two documents and highlight the differences";"比较两个文档且高亮差异";;
"04A6349B/25/0";"Documents Compared.";"文档比较。";;
"04A6349B/26/0";"Differences exist between documents.";"文档之间存在差异。";;
"04A6349B/27/0";"Get Started: First change is on page %ls";"开始：在第%ls页上发现第一处不同";;
"04A6349B/28/0";"Hide Color Legend";"隐藏颜色说明";;
"04A6349B/29/0";"Hide Results";"隐藏结果";;
"04A6349B/30/0";"The result of Comparison";"比较结果";;
"04A6349B/31/0";"Old Document:";"旧文档：";;
"04A6349B/32/0";"New File:";"新文档：";;
"04A6349B/33/0";"No differences exist between documents";"文档之间无差异";;
"04A6349B/34/0";" of ";" / ";;
"04A6349B/35/0";"New Document:";"新文档：";;
"04A6349B/36/0";"Old File:";"旧文档：";;
"04A6349B/37/0";"%ls is encrypted by a digital certificate. The current user does not have the correct certificate.";"%ls使用数字证书加密。当前用户没有正确的证书。";;
"04A6349B/38/0";"%ls is not found or could not be opened.";"%ls没有找到或无法打开。";;
"04A6349B/39/0";"The document is encrypted by FileOpen, you have no access to do operations on it. ";"该文档使用FileOpen加密，您没有操作权限。 ";;
"04A6349B/40/0";"%ls is corrupted or not a PDF.";"%ls被破坏或者不是一个PDF。";;
"04A6349B/41/0";"%ls is encrypted by an unsupported security handler.";"%ls被不支持的加密机制所加密。";;
"04A6349B/42/0";"Invalid password. Please input again.";"密码错误。请重新输入。";;
"04A6349B/43/0";"This document is encrypted by %ls RMS protector, you have no access to do operations on it. ";"该文档使用%ls的RMS保护器加密，您没有操作权限。 ";;
"04A6349B/44/0";"Comparison Result";"比较结果";;
"04A6349B/45/0";"Document comparing...";"文档比较...";;
"04A6349B/46/0";"%d%[1] page(s) (%ls%[2])";"%d%[1]页 (%ls%[2])";;
"04A6349B/47/0";"Pages are identical";"页面相同";;
"04A6349B/48/0";"This file is protected. It cannot be used for this operation.";"该文件被加密保护，无法对其进行此操作。";;
"04A6349B/49/0";"To see where the changes are, scroll down";"查看哪些位置有改变，向下滚动";;
"04A6349B/50/0";"Show Color Legend";"显示颜色说明";;
"04A6349B/51/0";"Show Results";"显示结果";;
"04A6349B/52/0";"Show Summary";"显示小结";;
"04A6349B/53/0";"Annot";"标注";;
"04A6349B/54/0";"&amp;Compare...";"比较(&amp;C)...";;
"04A6349B/55/0";"Deleted";"删除";;
"04A6349B/56/0";"Image";"图像";;
"04A6349B/57/0";"Inserted";"插入";;
"04A6349B/58/0";"Legend";"图例";;
"04A6349B/59/0";"[New Text]: ";"[新文本]： ";;
"04A6349B/60/0";"No color";"无颜色";;
"04A6349B/61/0";"No pages were deleted.";"无页面删除。";;
"04A6349B/62/0";"[Old Text]: ";"[旧文本]： ";;
"04A6349B/63/0";"Other colors...";"其它颜色...";;
"04A6349B/64/0";"page (";"页码(";;
"04A6349B/65/0";"Pages deleted from old document.";"从源文档中删除页面。";;
"04A6349B/66/0";"Delete page ";"删除页面";;
"04A6349B/67/0";"Insert page";"插入页面";;
"04A6349B/68/0";"Path";"路径";;
"04A6349B/69/0";"Replaced";"替换";;
"04A6349B/70/0";"Compare";"比较";;
"04A6349B/71/0";"Shading";"渐变";;
"04A6349B/72/0";"Table";"表格";;
"04A6349B/73/0";"Text";"文本";;
"04A6349B/74/0";"Please enter a valid value between 0-100.";"请输入一个介于 0-100之间的合法数值。";;
"04A6349B/75/0";"PDF Files (*.pdf)|*.PDF||";"PDF文件(*.pdf)|*.PDF||";;
"04A6349B/86/0";"Strikethrough or underline changed ";"删除线或下划线有更改";;
"04A6349B/76/0";"This operation is not permitted.";"该操作未获得允许。";;
"04A6349B/77/0";"Text Attributes Changed";"文本属性被更改";;
"04A6349B/78/0";"Font &quot;&quot;%ls%[1]&quot;&quot; changed to &quot;&quot;%ls%[2]&quot;&quot;.";"字体&quot;&quot;%ls%[1]&quot;&quot;更改为&quot;&quot;%ls%[2]&quot;&quot;。";;
"04A6349B/79/0";"Font-color changed.";"字体颜色被更改。";;
"04A6349B/80/0";"Font-size &quot;&quot;%ls%[1]&quot;&quot; changed to &quot;&quot;%ls%[2]&quot;&quot;.";"字号&quot;&quot;%ls%[1]&quot;&quot;更改为&quot;&quot;%ls%[2]&quot;&quot;.";;
"04A6349B/81/0";"Textual differences";"文本差异";;
"04A6349B/82/0";"Text is identical";"文本相同";;
"04A6349B/83/0";"Textual Comparison";"文本比较";;
"04A6349B/84/0";"Please select two different documents for comparison.";"请选择两个不同文档进行比较。";;
"04A6349B/85/0";"Please don&apos;t choose XFA files!";"请不要选择XFA文件！";;
"0408703C/1/0";"Dialog";"对话框";;
"0408703C/6/0";"Label:";"标签：";;
"0408703C/7/0";"Set current zoom";"设置当前缩放比例";;
"0408703C/2/0";"La&amp;bel:";"标签(&amp;B)：";;
"0408703C/3/0";"&amp;Tooltip:";"工具提示(&amp;T)：";;
"0B5F6D16/1/0";"The plugin is used to create cross-reference links between multiple related objects.";"该插件用于在多个相关对象之间创建交叉引用链接。";;
"0B5F6D16/2/0";"Copyright ? 2022-2026 Foxit Software Inc. All Rights Reserved.";"2022-2026 福昕软件 版权所有。";;
"0B5F6D16/5/0";"General";"常规";;
"0B5F6D16/6/0";"C&amp;omplete creating";"完成创建(&amp;O)";;
"0B5F6D16/7/0";"C&amp;ancel creating";"取消创建(&amp;A)";;
"0B5F6D16/8/0";"Go to P&amp;revious Cross Reference Link";"转到上一个交叉参考链接(&amp;R)";;
"0B5F6D16/9/0";"Go to &amp;Next Cross Reference Link";"转到下一个交叉参考链接(&amp;N)";;
"0B5F6D16/10/0";"&amp;Properties...";"属性(&amp;P)...";;
"0B5F6D16/11/0";"&amp;Rename";"重命名(&amp;R)";;
"0B5F6D16/41/0";"&amp;Delete this Cross Reference Link";"删除交叉引用链接(&amp;D)";;
"0B5F6D16/12/0";"&amp;Delete";"删除(&amp;D)";;
"0B5F6D16/13/0";"&amp;Use Current Properties as New Defaults";"设置当前属性为默认(&amp;U)";;
"0B5F6D16/14/0";"&amp;Alphabetic Order";"按字母顺序(&amp;A)";;
"0B5F6D16/15/0";"&amp;Date Order";"按日期顺序(&amp;D)";;
"0B5F6D16/42/0";"&amp;Add Cross Reference Links";"添加交叉引用链接(&amp;A)";;
"0B5F6D16/45/0";"All &amp;other Pages with";"所有其他页面(&amp;O)";;
"0B5F6D16/16/0";"View";"视图";;
"0B5F6D16/43/0";"Cross Reference";"交叉引用";;
"0B5F6D16/44/0";"Link multiple related objects to allow users to quickly and easily navigate between multiple locations in a PDF file";"链接多个相关的对象，使用户可以快速轻松地在PDF文件中的多个位置之间导航";;
"0B5F6D16/28/0";"Links";"链接";;
"0B5F6D16/17/0";"Manage cross references";"管理交叉引用";;
"0B5F6D16/20/0";"Create Cross References";"创建交叉引用";;
"0B5F6D16/21/0";"Enlarge text size";"放大文本大小";;
"0B5F6D16/22/0";"Delete Cross References";"删除交叉引用";;
"0B5F6D16/23/0";"Go to the selected Cross Reference";"跳转到选定的交叉引用";;
"0B5F6D16/24/0";"Shrink text size";"缩小文本大小";;
"0B5F6D16/25/0";"Display order";"显示顺序";;
"0B5F6D16/26/0";"Cross References";"交叉引用";;
"0B5F6D16/51/0";"Cross References (&amp;X)";"交叉引用(&amp;X)";;
"0B5F6D16/27/0";"Cross Reference Properties";"交叉引用属性";;
"0B5F6D16/29/0";"Error - No sibling";"错误-没有同级";;
"0B5F6D16/46/0";"Cross Reference created";"创建交叉引用";;
"0B5F6D16/47/0";"Cross Reference added";"添加交叉引用";;
"0B5F6D16/48/0";"Cross Reference moved";"移动交叉引用";;
"0B5F6D16/49/0";"Cross Reference deleted";"删除交叉引用";;
"0B5F6D16/50/0";"Cross Reference property changed";"更改交叉引用属性";;
"007F54CE/1/0";"Article Properties";"文章属性";;
"007F54CE/2/0";"&amp;Title: ";"标题(&amp;T)：";;
"007F54CE/3/0";"&amp;Subject: ";"主题(&amp;S)：";;
"007F54CE/4/0";"&amp;Author: ";"作者(&amp;A)：";;
"007F54CE/5/0";"&amp;Keywords: ";"关键字(&amp;K)：";;
"007F54CE/6/0";"Page Numbers";"页码";;
"007F54CE/7/0";"&amp;Pages";"页面(&amp;P)";;
"007F54CE/10/0";"Pages &amp;From";"从页面(&amp;F)";;
"007F54CE/11/0";"To";"到";;
"007F54CE/12/0";"of";"/";;
"007F54CE/13/0";"1";"1";;
"007F54CE/9/0";"&amp;Selected";"已选择(&amp;S)";;
"007F54CE/8/0";"&amp;All Pages";"所有页面(&amp;A)";;
"007F54CE/14/0";"Numbering";"编号";;
"007F54CE/15/0";"&amp;Begin new section";"开始新段(&amp;B)";;
"007F54CE/16/0";"St&amp;yle:";"类型(&amp;Y)：";;
"007F54CE/17/0";"P&amp;refix:";"前缀(&amp;R)：";;
"007F54CE/18/0";"&amp;Start:";"开始(&amp;S)：";;
"007F54CE/19/0";"&amp;Extend numbering used in preceding section to selected pages";"将前面段落中使用的编码扩展到选定的页面(&amp;E)";;
"007F54CE/20/0";"Sample: ";"范例：";;
"007F54CE/21/0";"Dialog";"Dialog";;
"007F54CE/22/0";"Advanced";"高级";;
"007F54CE/23/0";"Print Dialog Presets";"打印框预设置";;
"007F54CE/24/0";"Page Scaling";"页面缩放";;
"007F54CE/25/0";"DuplexMode";"双工模式";;
"007F54CE/26/0";"Number of Copies";"副本数量";;
"007F54CE/27/0";"Pages";"页";;
"007F54CE/32/0";"Paper Source by Page Size";"按页面大小选择纸张来源";;
"007F54CE/33/0";"Reading Options";"阅读顺序";;
"007F54CE/35/0";"Language";"语言";;
"007F54CE/34/0";"Binding";"装订";;
"007F54CE/28/0";" / ";" / ";;
"007F54CE/29/0";"100";"100";;
"007F54CE/30/0";"Sample:";"范例：";;
"007F54CE/31/0";"1,5-9,12";"1,5-9,12";;
"007F54CE/36/0";"Description";"说明";;
"007F54CE/37/0";"General";"常规";;
"007F54CE/38/0";"File";"文件";;
"007F54CE/193/0";"TextLabel";"TextLabel";;
"007F54CE/39/0";"PDF Version";"PDF版本";;
"007F54CE/40/0";"Fast Web View";"快速网页视图";;
"007F54CE/41/0";"Tagged PDF";"加标签的PDF";;
"007F54CE/42/0";"Page Size";"页面大小";;
"007F54CE/43/0";"Title";"标题";;
"007F54CE/44/0";"Subject";"主题";;
"007F54CE/45/0";"Creator";"生成器";;
"007F54CE/46/0";"Author";"作者";;
"007F54CE/47/0";"Producer";"创建工具";;
"007F54CE/48/0";"Keywords";"关键字";;
"007F54CE/49/0";"Custom";"自定义";;
"007F54CE/194/0";"Additional Metadata";"附加的元数据";;
"007F54CE/50/0";"Related Dates";"相关日期";;
"007F54CE/51/0";"Last Modified";"上次修改时间";;
"007F54CE/52/0";"Created";"创建时间";;
"007F54CE/53/0";"Show More Information";"显示更多信息";;
"007F54CE/56/0";"Navigation ";"导航";;
"007F54CE/57/0";"Page Layout";"页面布局";;
"007F54CE/58/0";"Magnification";"缩放比例";;
"007F54CE/59/0";"Open to page";"打开页面";;
"007F54CE/60/0";"/";"/";;
"007F54CE/55/0";"Layout and Destination";"布局和目标位置";;
"007F54CE/54/0";"Initial View";"初始视图";;
"007F54CE/61/0";"Window Options";"窗口选项";;
"007F54CE/66/0";"User Interface Options";"用户界面选项";;
"007F54CE/62/0";"&amp;Display document title";"显示文档标题(&amp;D)";;
"007F54CE/63/0";"Open in &amp;Full Screen mode";"全屏模式打开(&amp;F)";;
"007F54CE/64/0";"&amp;Center window on screen";"窗口居中(&amp;C)";;
"007F54CE/65/0";"&amp;Resize window to initial page";"调整窗口大小以适应初始页面(&amp;R)";;
"007F54CE/67/0";"&amp;Hide menu bar";"隐藏菜单栏(&amp;H)";;
"007F54CE/68/0";"Hide &amp;tool bars";"隐藏工具栏(&amp;T)";;
"007F54CE/69/0";"Hide &amp;window controls";"隐藏窗口控件(&amp;W)";;
"007F54CE/195/0";"Additional Metadata";"附加的元数据";;
"007F54CE/175/0";"Append...";"附加...";;
"007F54CE/176/0";"Save...";"保存...";;
"007F54CE/70/0";"Dialog";"Dialog";;
"007F54CE/71/0";"C&amp;urrent Page";"当前页(&amp;U)";;
"007F54CE/72/0";"&amp;All Pages";"所有页面(&amp;A)";;
"007F54CE/73/0";"&amp;Pages";"页面(&amp;P)";;
"007F54CE/74/0";"&amp;From";"从(&amp;F)";;
"007F54CE/75/0";"&amp;To";"到(&amp;T)";;
"007F54CE/76/0";"of";"/";;
"007F54CE/77/0";"1";"1";;
"007F54CE/78/0";"&amp;Don&apos;t ask again";"不要再次询问(&amp;D)";;
"007F54CE/79/0";"Fonts";"字体";;
"007F54CE/80/0";"Your PDF Form has been created.";"您的PDF表单已经创建。";;
"007F54CE/81/0";"Please validate the fields and field names on your form. You can click any of the Form Fields buttons on the toolbar to add more fields and right-click on the form to edit or delete fields. ";"请验证您表单文件中的表单域和表单域名称。您可以点击工具栏中的任意表单域来添加更多的表单域，右键点击表单域编辑或者删除它们。 ";;
"007F54CE/82/0";"1 = Field Name, 2 = Field";"1 = 表单域名称， 2 = 表单域";;
"007F54CE/83/0";"&amp;Don&apos;t show again";"不再显示(&amp;D)";;
"007F54CE/189/0";"OK";"确定";;
"007F54CE/85/0";"When this happens...";"何时发生(&W)...";;
"007F54CE/86/0";"&amp;Edit...";"编辑(&amp;E)...";;
"007F54CE/87/0";"Execute this JavaScript:";"执行以下JavaScript脚本：";;
"007F54CE/88/0";"Script Name:";"脚本名称：";;
"007F54CE/90/0";"&amp;Close";"关闭(&amp;C)";;
"007F54CE/91/0";"&amp;Add...";"添加(&amp;A)...";;
"007F54CE/92/0";"&amp;Delete";"删除(&amp;D)";;
"007F54CE/93/0";"Name:";"名称：";;
"007F54CE/94/0";"&amp;Add";"添加(&amp;A)";;
"007F54CE/95/0";"&amp;Replace";"替换(&amp;R)";;
"007F54CE/96/0";"R&amp;ename";"重命名(&amp;R)";;
"007F54CE/97/0";"&amp;Goto";"转到(&amp;B)";;
"007F54CE/98/0";"Click in the area to the left of the template name to make a template visible or invisible.\n\n";"点击模板名称左侧的区域，使模板可见或不可见。";;
"007F54CE/99/0";"Page Transitions";"页面过渡";;
"007F54CE/100/0";"Page Transition";"页面过渡";;
"007F54CE/101/0";"Tra&amp;nsition:";"过渡(&amp;N)：";;
"007F54CE/102/0";"&amp;Direction:";"方向(&amp;D)：";;
"007F54CE/103/0";"&amp;Speed:";"速度(&amp;S)：";;
"007F54CE/104/0";"Page Range";"页面范围";;
"007F54CE/105/0";"S&amp;elected Pages";"选取页面(&amp;E)";;
"007F54CE/106/0";"&amp;Pages From";"从页面(&amp;P)";;
"007F54CE/122/0";"Layout and Destination";"布局和目标位置";;
"007F54CE/123/0";"&amp;Page only";"仅页面(&amp;P)";;
"007F54CE/124/0";"&amp;Bookmarks and Page";"书签和页面(&amp;B)";;
"007F54CE/125/0";"&amp;Thumbnail and Page";"缩略图和页面(&amp;T)";;
"007F54CE/126/0";"&amp;Layers and Page";"图层和页面(&amp;L)";;
"007F54CE/127/0";"Leave As &amp;Is";"保持不变(&amp;I)";;
"007F54CE/128/0";"Pa&amp;ge layout:";"页面布局(&amp;G)：";;
"007F54CE/107/0";"Open Action";"打开动作";;
"007F54CE/108/0";"Lea&amp;ve As Is";"保持不变(&amp;V)";;
"007F54CE/109/0";"Page &amp;number:";"页码(&amp;N)：";;
"007F54CE/110/0";"/";"/";;
"007F54CE/111/0";"%d";"%d";;
"007F54CE/138/0";"&amp;Magnification:";"缩放比例(&amp;M)：";;
"007F54CE/113/0";"Window Options";"窗口选项";;
"007F54CE/114/0";"&amp;Resize window to initial page:";"调整窗口大小以适应初始页面(&amp;R)：";;
"007F54CE/115/0";"C&amp;enter window on screen:";"窗口居中(&amp;E)：";;
"007F54CE/116/0";"Open in &amp;Full Screen mode:";"全屏模式打开(&amp;F)：";;
"007F54CE/117/0";"&amp;Display document title:";"显示文档标题(&amp;D)：";;
"007F54CE/118/0";"User Interface Options";"用户界面选项";;
"007F54CE/119/0";"Hide men&amp;u bar:";"隐藏菜单栏(&amp;U)：";;
"007F54CE/120/0";"&amp;Hide tool bars:";"隐藏工具栏(&amp;H)：";;
"007F54CE/121/0";"Hide &amp;window controls:";"隐藏窗口控件(&amp;W)：";;
"007F54CE/181/0";"Name";"名称";;
"007F54CE/129/0";"New name:";"新名称：";;
"007F54CE/130/0";"&amp;Language:";"语言(&amp;L)：";;
"007F54CE/133/0";"&amp;Show the page only";"仅显示页面(&amp;S)";;
"007F54CE/134/0";"Show the &amp;Bookmarks panel and the page";"显示书签面板和页面(&amp;B)";;
"007F54CE/135/0";"Show the &amp;Pages panel and the page";"显示页面面板和页面(&amp;P)";;
"007F54CE/136/0";"Show the &amp;Layers panel and the page";"显示图层面板和页面(&amp;L)";;
"007F54CE/139/0";"Page la&amp;yout:";"页面布局(&amp;Y)：";;
"007F54CE/137/0";"100";"100";;
"007F54CE/147/0";"&amp;Resize window to initial page";"调整窗口大小以适应初始页面(&amp;R)";;
"007F54CE/148/0";"C&amp;enter window on screen";"窗口居中(&amp;E)";;
"007F54CE/149/0";"Open in &amp;Full Screen mode";"全屏模式打开(&amp;F)";;
"007F54CE/150/0";"&amp;Display document title";"显示文档标题(&amp;D)";;
"007F54CE/151/0";"&amp;Hide menu bar";"隐藏菜单栏(&amp;H)";;
"007F54CE/152/0";"Hide &amp;tool bars";"隐藏工具栏(&amp;T)";;
"007F54CE/153/0";"Hide &amp;window controls";"隐藏窗口控件(&amp;W)";;
"007F54CE/182/0";"&amp;Title:";"标题(&amp;T)：";;
"007F54CE/183/0";"&amp;Leave as is";"保持不变(&amp;L)";;
"007F54CE/184/0";"L&amp;eave as is";"保持不变(&amp;E)";;
"007F54CE/185/0";"&amp;Subject:";"主题(&amp;S)：";;
"007F54CE/186/0";"&amp;Author:";"作者(&amp;A)：";;
"007F54CE/187/0";"Lea&amp;ve as is";"保持不变(&amp;V)";;
"007F54CE/155/0";"Leave as &amp;is";"保持不变(&amp;I)";;
"007F54CE/158/0";"&amp;Keywords:";"关键字(&amp;K)：";;
"007F54CE/159/0";"Description";"说明";;
"007F54CE/169/0";"Created:";"创建时间：";;
"007F54CE/164/0";"Commas can be used to separate keywords";"逗号可以用来分隔关键字";;
"007F54CE/160/0";"Document Title:";"文档标题：";;
"007F54CE/171/0";"Application:";"应用程序：";;
"007F54CE/167/0";"Copyright Info URL:";"版本信息链接：";;
"007F54CE/161/0";"Author Title:";"作者头衔：";;
"007F54CE/166/0";"Copyright Notice:";"版本公告：";;
"007F54CE/162/0";"Description:";"说明：";;
"007F54CE/163/0";"Description Writer:";"说明撰写者：";;
"007F54CE/168/0";"Go To URL...";"跳转到网页...";;
"007F54CE/188/0";"Keywords:";"关键词：";;
"007F54CE/165/0";"Copyright Status:";"版权状态：";;
"007F54CE/170/0";"Modified:";"修改时间：";;
"007F54CE/157/0";"Author:";"作者：";;
"007F54CE/172/0";"Format:";"格式： ";;
"007F54CE/173/0";"Advanced";"高级";;
"007F54CE/174/0";"Replace...";"替换...";;
"007F54CE/177/0";"Delete...";"删除...";;
"007F54CE/178/0";"Do you want to delete this box, or the entire article?";"您想要删除该框，还是整个文章？";;
"007F54CE/191/0";"Box";"方框";;
"007F54CE/192/0";"Article";"文章";;
"007F54CE/179/0";"Custom Properties";"自定义属性";;
"007F54CE/180/0";"Value:";"数值：";;
"00815A5D/1/0";"The DocProcess plugin provides a set of features that allow users to easily make document-level modifications to PDF documents.";"DocProcess 插件提供了一组功能，允许用户轻松地对PDF文档进行文档级修改。";;
"00815A5D/2/0";"Copyright ? 2010-2026 Foxit Software Inc. All Rights Reserved.";"2010-2026 福昕软件 版权所有。";;
"00815A5D/95/0";"Accessibility";"辅助工具";;
"00815A5D/97/0";"Add Document Description";"添加文档说明";;
"00815A5D/98/0";"Document Processing";"文档处理";;
"00815A5D/93/0";"Detect Form Fields";"检测表单域";;
"00815A5D/94/0";"Is this document intended to be used as a fillable form? If so, choose yes to detect form fields; if no, skip this step.";"该文档是否打算用作可填写的表格？ 如果是这样，请选择“是”以检测表单域； 如果否，请跳过此步骤。";;
"00815A5D/99/0";"Set Open Options";"设置打开选项";;
"00815A5D/3/0";"&amp;Add";"添加(&amp;A)";;
"00815A5D/110/0";"Add an author";"添加作者";;
"00815A5D/109/0";"Add a creator";"添加生成器";;
"00815A5D/112/0";"Add a keywords";"添加关键字";;
"00815A5D/111/0";"Add a producer";"添加创建工具";;
"00815A5D/108/0";"Add a subject";"添加主题";;
"00815A5D/107/0";"Add a title";"添加标题";;
"00815A5D/87/0";"Analyzing the images...";"正在分析图像...";;
"00815A5D/49/0";"There are no links to the web on this page.";"当前页面中不存在网页链接。";;
"00815A5D/129/0";"Delete";"删除";;
"00815A5D/127/0";"Hide after Use";"使用后隐藏";;
"00815A5D/131/0";"Properties...";"属性...";;
"00815A5D/128/0";"Read Article";"阅读文章";;
"00815A5D/130/0";"Rename";"重命名";;
"00815A5D/43/0";"This operation cannot be undone. Would you like to proceed?";"该操作是不可逆的，您想继续吗？";;
"00815A5D/44/0";"This operation can not be undone using the Undo button. You can remove all links using the &quot;remove all links&quot; button. Would you like to proceed?";"该操作不能使用“撤销”按钮进行撤销操作。您可以使用“移除所有链接”按钮进行全部链接的移除操作。您是否要进行处理？";;
"00815A5D/4/0";"&amp;Change";"更改(&amp;C)";;
"00815A5D/120/0";"Copyrighted|Unknown|Public Domain";"受版权保护|未知|公共域";;
"00815A5D/122/0";"The following characters are not allowed to be entered as they are standard properties:";"下边的字符不允许作为标准属性输入：";;
"00815A5D/143/0";"Invalid characters";"无效的字符";;
"00815A5D/11/0";"Default";"默认";;
"00815A5D/100/0";"Fonts";"字体";;
"00815A5D/104/0";"Actual Font:";"实际字体：";;
"00815A5D/105/0";"Actual Font Type:";"实际字体类型：";;
"00815A5D/101/0";"Custom";"自定义";;
"00815A5D/106/0";"(Embedded Subset)";" （嵌入字符集）";;
"00815A5D/103/0";"Encoding:";"编码：";;
"00815A5D/102/0";"Type:";"类型：";;
"00815A5D/23/0";"There is no page numbered &quot;%ls&quot; in this document.";"该文档中不存在页码为&quot;%ls&quot;的页面。";;
"00815A5D/89/0";"Failed to flatten this file.";"扁平化文件失败。";;
"00815A5D/52/0";"Form Field Recognition";"表单域识别";;
"00815A5D/13/0";"Create or edit an article by defining a series of boxes around the reading content";"通过定义围绕所读内容的一系列方框创建或者编辑文章";;
"00815A5D/14/0";"Add Article Box";"添加文章框";;
"00815A5D/15/0";"Click and drag out to create a new article box.";"点击并拖拽创建一个新的文章框";;
"00815A5D/16/0";"Do you want to delete this box, or the entire article?";"您想要删除该框，还是整个文章？";;
"00815A5D/17/0";"Please enter a title.";"请输入标题。";;
"00815A5D/18/0";"Are you sure you want to delete the article from the document?";"你确定您想要从该文档中删除项目吗？";;
"00815A5D/142/0";"Article&amp;s";"文章(&amp;S)";;
"00815A5D/19/0";"Articles";"文章";;
"00815A5D/20/0";"View and edit article in this document";"查看并编辑文档中的文章";;
"00815A5D/21/0";"Delete selected destination(s)";"删除所选定的目标位置";;
"00815A5D/25/0";"Change the format of page numbering";"改变页码格式";;
"00815A5D/27/0";"Format Page Numbers";"格式化页码";;
"00815A5D/29/0";"&amp;Article";"文章(&amp;A)";;
"00815A5D/31/0";"Title: %ls";"标题：%ls";;
"00815A5D/28/0";"Article Properties";"文章属性";;
"00815A5D/30/0";"&amp;Box";"方框(&amp;B)";;
"00815A5D/32/0";"Advanced";"高级";;
"00815A5D/48/0";"Convert web links target to PDF and insert them to the document";"将网页链接的目标转换为PDF并将其插入到文档中 ";;
"00815A5D/47/0";"Append All Web Links on Current Page";"附加当前页面的全部网页链接";;
"00815A5D/37/0";"Detect web links in the document and add links";"检测文档中的网络链接，并添加链接标注";;
"00815A5D/45/0";"A total of %d web links were added to the document.";"在文档中创建了%d个网络链接。";;
"00815A5D/39/0";"Automatically create web links on which pages?";"在哪些页面中自动创建网络链接？";;
"00815A5D/38/0";"Create links from URLs";"从URLs创建链接";;
"00815A5D/50/0";"Description";"说明";;
"00815A5D/66/0";"JavaScript Functions";"JavaScript方法";;
"00815A5D/53/0";"Automatically recognize text fields, checkboxes, and digital signature fields in the document";"自动识别文档中的文本域，复选框域和数字签名域";;
"00815A5D/51/0";"Run Form Field Recognition";"执行表单自动识别";;
"00815A5D/54/0";"Initial View";"初始视图";;
"00815A5D/58/0";"Add, modify and test JavaScript within this document";"添加，修改并测试文档中的JavaScript";;
"00815A5D/62/0";"Edit JavaScript document actions";"编辑JavaScript文档动作";;
"00815A5D/61/0";"Document Actions";"文档动作";;
"00815A5D/60/0";"Add and manage JavaScript functions";"添加、管理JavaScript函数";;
"00815A5D/63/0";"Document JavaScript";"文档JavaScript";;
"00815A5D/56/0";"Default|Single Page|Single Page Continuous|Two-Up (Facing)|Two-Up Continuous (Facing)|Two-Up (Cover Page)|Two-Up Continuous (Cover Page)";"默认|单页|连续|对开|连续对开|对开(单独显示封面)|连续对开（单独显示封面)|";;
"00815A5D/57/0";"Default|Actual Size|Fit Page|Fit Width|Fit Height|Fit Visible|25%|50%|75%|100%|125%|150%|200%|400%|800%|1600%|3200%|6400%";"默认|实际大小|适合页面|适合宽度|适合高度|适合视区|25%|50%|75%|100%|125%|150%|200%|400%|800%|1600%|2400%|3200%|6400%";;
"00815A5D/64/0";"Set any of the PDF page as a page template";"设置任意PDF页面为页面模板";;
"00815A5D/65/0";"Page Templates";"页面模板";;
"00815A5D/68/0";"The page number cannot be left blank.";"页码不能为空。";;
"00815A5D/67/0";"The starting page number must be less than or equal to the ending one.";"开始页码必须小于或等于结束页码。";;
"00815A5D/46/0";"A total of %d web links were removed from the document.";"从文档中移除了%d个网络链接。";;
"00815A5D/40/0";"Detect web links and remove from the document";"检测文档中的网络链接，并从文档中移除 ";;
"00815A5D/42/0";"Automatically remove web links on which pages?";"在哪些页面中自动移除网络链接？";;
"00815A5D/41/0";"Remove all links";"移除所有链接";;
"00815A5D/69/0";"Manage web links in the document";"管理文档中的网页链接";;
"00815A5D/70/0";"View Web Links";"查看网页链接";;
"00815A5D/71/0";"Create or remove web links in the document";"创建或者移除文档中的网络链接";;
"00815A5D/72/0";"Web Links";"网络链接";;
"00815A5D/55/0";"Page Only|Bookmarks Panel and Page|Pages Panel and Page|Attachments Panel and Page|Layers Panel and Page";"仅页面|书签面板和页面|页面面板和页面|附件面板和页面|图层面板和页面";;
"00815A5D/118/0";"Document Will Close|Document Will Save|Document Did Save|Document Will Print|Document Did Print";"文档将要关闭|文档将要保存|文档已保存|文档将要打印|文档已打印";;
"00815A5D/36/0";"Arabic|Bulgarian|Chinese-Simplified|Chinese-Traditional|Croatian|Czech|Danish|Dutch|English|English with Arabic support|English with Hebrew support|Estonian|Finnish|French|French (Morocco)|German|Greek|Hebrew|Hungarian|Italian|Japanese|Korean|Latvian|Lithuanian|Norwegian|Polish|Portuguese Brazil|Romanian|Russian|Slovak|Slovenian|Spanish|Swedish|Turkish|Ukrainian";"阿拉伯语|保加利亚语|简体中文|繁体中文|克罗地亚语|捷克语|丹麦语|荷兰语|英语|英语阿拉伯语支持|英语希伯来语支持|爱沙尼亚语|芬兰语|法语|法语（摩洛哥）\n|德语|希腊语|希伯来语|匈牙利语 |意大利语|日语|韩语|拉脱维亚语|立陶宛语|挪威语|波兰语|葡萄牙语（巴西）|罗马尼亚语|俄语|斯洛伐克语|斯洛文尼亚语|西班牙语|瑞典语|土耳其语|乌克兰语";;
"00815A5D/12/0";"Leave As Is";"保持不变";;
"00815A5D/6/0";"Name";"名称";;
"00815A5D/9/0";"No";"否";;
"00815A5D/121/0";"None";"无";;
"00815A5D/73/0";"No Template";"无模板";;
"00815A5D/88/0";"No new form field annotations were detected.";"没有检测到新的表单域。";;
"00815A5D/119/0";"There was an error processing a destination object. Bad parameter.";"处理目标对象时发生错误。参数错误。";;
"00815A5D/5/0";"Options";"选项";;
"00815A5D/26/0";"1, 2, 3, ...|I, II, III, ...|i, ii, iii, ...|A, B, C, ...|a, b, c, ...";"1, 2, 3, ...|I, II, III, ...|i, ii, iii, ...|A, B, C, ...|a, b, c, ...";;
"00815A5D/75/0";"Create a new template using the current page?";"用当前页面创建新模板？";;
"00815A5D/76/0";"Do you want to delete the selected template?";"您想要删除选定的模板吗？";;
"00815A5D/77/0";"Deleting template will not delete the page from the document but only remove the template.";"删除模板不会从文档中删除页面，而只会删除模板。";;
"00815A5D/74/0";"Rename Template";"重命名模板";;
"00815A5D/81/0";"This name is already in use in another template. ";"此名称已经在另一个模板中使用。";;
"00815A5D/80/0";"Do you want to change the template name for the current page? ";"您要更改当前页面的模板名称吗？";;
"00815A5D/79/0";"Do you want to change the template to look like the current page? ";"您想要将该模板更改为当前页面样式？ ";;
"00815A5D/78/0";"Click in the area to the left of the template name to make a template visible or invisible.";"点击模板名称左侧的区域，使模板可见或不可见。";;
"00815A5D/138/0";"Edit Content";"编辑内容";;
"00815A5D/82/0";"Print Job";"打印作业";;
"00815A5D/10/0";"Properties";"属性";;
"00815A5D/35/0";"Left Edge|Right Edge";"左边距|右边距";;
"00815A5D/34/0";"Simplex|Duplex Flip Long Edge|Duplex Flip Short Edge";"单面|双面翻转长边|双面翻转短边";;
"00815A5D/86/0";"Recognizing page %d";"正在识别第%d页";;
"00815A5D/123/0";"Edit";"编辑";;
"00815A5D/124/0";"Form";"表单";;
"00815A5D/125/0";"Organize";"页面管理";;
"00815A5D/126/0";"View";"视图";;
"00815A5D/132/0";"Article Box";"文章方框";;
"00815A5D/135/0";"Edit Form";"编辑表单";;
"00815A5D/134/0";"Form Recognition";"表单识别";;
"00815A5D/136/0";"JavaScript";"JavaScript";;
"00815A5D/133/0";"Links";"链接";;
"00815A5D/137/0";"Page Marks";"页面标记";;
"00815A5D/91/0";"The setting for this command and set when executing the action.";"执行操作时，将设定该命令的设置。";;
"00815A5D/85/0";"Set Reading Language";"设置阅读语言";;
"00815A5D/84/0";"Add tooltips for all form fields which do not have descriptions";"为全部没有描述的表单域添加工具提示";;
"00815A5D/83/0";"Add Tooltip";"添加工具提示";;
"00815A5D/116/0";"Horizontal|Vertical|Inward|Outward|Right|Right Up|Up|Left Up|Left|Left Down|Down|Right Down|Horizontal Inward|Horizontal Outward|Vertical Inward|Vertical Outward";"水平|垂直|向内|向外|右方|右上方|上方|左上方|左方|左下方|下方|右下方|水平向内|水平向外|垂直向内|垂直向外";;
"00815A5D/115/0";"No Transition|Split|Blinds|Box|Wipe|Dissolve|Glitter|Push|Cover|Uncover|Fade|Replace|Fly";"无过渡|拆分|百叶窗|方框|擦除|溶解|闪烁|推出|覆盖|揭开|渐隐|替换|飞入";;
"00815A5D/117/0";"Slow|Medium|Fast";"慢|中|快";;
"00815A5D/114/0";"Set the page transitions under Full Screen mode";"在全屏模式下设置页面过渡";;
"00815A5D/113/0";"Page Transitions";"页面过渡";;
"00815A5D/90/0";"Untitled";"无标题";;
"00815A5D/7/0";"Value";"数值";;
"00815A5D/24/0";"Please enter a starting value of at least 1.";"请输入一个不小于1的起始数据。";;
"00815A5D/8/0";"Yes";"是";;
"00815A5D/144/0";"Dublin Core";"Dublin Core";;
"00815A5D/145/0";"Dublin Core Terms";"Dublin Core条款";;
"00815A5D/146/0";"Dublin Core Type";"Dublin Core类型";;
"00815A5D/147/0";"XMP Basic";"XMP基本";;
"00815A5D/148/0";"XMP Rights Management";"XMP权限管理";;
"00815A5D/149/0";"XMP Media Management";"XMP媒体管理";;
"00815A5D/150/0";"Photoshop";"Photoshop";;
"00815A5D/151/0";"TIFF";"TIFF";;
"00815A5D/152/0";"EXIF";"EXIF";;
"00815A5D/153/0";"Camera Raw";"Camera Raw";;
"00815A5D/154/0";"PNG";"PNG";;
"00815A5D/155/0";"JPEG 2000";"JPEG 2000";;
"00815A5D/156/0";"PDF";"PDF";;
"00815A5D/157/0";"PDF/X";"PDF/X";;
"00815A5D/158/0";"Illustrator";"Illustrator";;
"00815A5D/159/0";"Album";"相册";;
"00815A5D/160/0";"XMP Note";"XMP备注";;
"00815A5D/161/0";"PDF/A Identification";"PDF/A识别";;
"00815A5D/162/0";"PDF/A Schema";"PDF/A模式";;
"00815A5D/163/0";"Rights Management";"权限管理";;
"00815A5D/164/0";"Text";"文本";;
"00815A5D/165/0";"Paged-Text";"Paged-Text";;
"00815A5D/166/0";"Graphics";"图形";;
"00815A5D/167/0";"Image";"图像";;
"00815A5D/168/0";"Dimensions";"规模";;
"00815A5D/169/0";"Font";"字体";;
"00815A5D/170/0";"Resource Event";"资源事件";;
"00815A5D/171/0";"Resource Ref";"资源参考";;
"00815A5D/172/0";"Version";"版本";;
"00815A5D/173/0";"Manifest Item";"清单条目";;
"00815A5D/174/0";"PDF Declarations";"PDF声明";;
"00815A5D/175/0";"PDF/UA Identification";"PDF/UA识别";;
"00815A5D/176/0";"This file has been damaged. You cannot append the current file.";"该文件已损坏。您不能附加到当前文件。";;
"00815A5D/177/0";"XMP Files (*.xmp)|*.xmp|";"XMP文件 (*.xmp)|*.xmp|";;
"00815A5D/178/0";"All Supported Files (*.xmp, *.xml)|*.xmp;*.xml|";"全部可支持的文件 (*.xmp, *.xml)|*.xmp;*.xml|";;
"00815A5D/179/0";"Name";"名称";;
"00815A5D/180/0";"Value";"数值";;
"00582673/1/0";"Email";"邮件";;
"00582673/6/0";"&amp;Subset:";"子集(&amp;S)：";;
"00582673/4/0";"/";"/";;
"00582673/3/0";"&amp;Pages:";"页面(&amp;P)：";;
"00582673/5/0";"Sample:1,5-9,12";"范例：1,5-9,12";;
"00582673/2/0";"Email contents from which pages?";"邮件内容来自哪些页面？";;
"005C004C/1/0";"This plugin is used to attach the current PDFs to a new email message.";"该插件用于将当前的PDF文件附加到新的电子邮件中。";;
"005C004C/2/0";"Copyright ? 2010-2026 Foxit Software Inc. All Rights Reserved.";"2010-2026 福昕软件 版权所有。";;
"005C004C/3/0";"&amp;OK";"确定(&amp;O)";;
"005C004C/4/0";"&amp;Cancel";"取消(&amp;C)";;
"005C004C/5/0";"Input value is beyond the scope.";"输入的数据超出了范围。";;
"005C004C/6/0";"Please enter a valid range.";"请输入一个有效范围。";;
"005C004C/7/0";"Please enter a number between %d%[1] to %d%[2].";"请输入一个介于%d%[1]和%d%[2]的有效值。";;
"005C004C/8/0";"There is no page numbered &apos;%s&apos; in this document.";"该文档中不存在页码为&quot;%s&quot;的页面。";;
"005C004C/9/0";"The attached PDFs are larger than 15MB. It may not work once your email client can&apos;t support sending so large files. Are you sure you want to continue?";"附加的文件超过了15MB。如果您的客户端不支持发送如此大体积的文件，其可能会停止工作。您确定您想要继续吗？";;
"005C004C/10/0";"%s, etc.";"%s等等";;
"005C004C/11/0";"Don&apos;t show this again.";"不再显示。";;
"005C004C/12/0";"All pages in range";"范围内的所有页面";;
"005C004C/13/0";"Landscape and portrait pages";"横向和纵向页面";;
"005C004C/14/0";"Even pages only";"仅偶数页面";;
"005C004C/15/0";"Odd pages only";"仅奇数页面";;
"005C004C/16/0";"The file name is too long.";"文件名太长";;
"005C004C/17/0";"Page Range";"页面范围";;
"005C004C/18/0";"To use logical page number, enclose the page number in quotes. Example: &quot;&quot;A&quot;&quot;. If the logical page numbers include quote or backslash symbols, add a &apos;\\\\&apos; before the quote or backslash. Example, from page \\\\5 to page &quot;&quot;12&quot;&quot; : %s";"使用逻辑页码，并用双引号将其框起来。 例如：&quot;&quot;A&quot;&quot;。如果逻辑页码中包含双引号或者反斜线符号，需要在双引号或者反斜线符号前添加 &apos;\\\\&apos; 。例如，从页面 \\\\5 到页面 &quot;&quot;12&quot;&quot;：%s";;
"005C004C/19/0";"No page is selected. Please select appropriate options.";"未选择任何页面。请选择合适的选项。";;
"005C004C/20/0";"Failed to remove hidden information from one or more files, please try again later.";"无法从一个或多个文件中移除隐藏信息，请稍后重试。";;
"00185A25/16/0";"Add Image";"添加图像";;
"00185A25/17/0";"Location:";"位置：";;
"00185A25/18/0";"&amp;Browse...";"浏览(&amp;B)...";;
"00185A25/19/0";"&amp;Advanced...";"高级(&amp;A)...";;
"00185A25/20/0";"O&amp;pacity:";"不透明度(&amp;P)：";;
"00185A25/21/0";"%";"%";;
"00185A25/22/0";"&amp;Rotate:";"旋转(&amp;R)：";;
"00185A25/23/0";"Image Placement";"图像设置";;
"00185A25/24/0";"&amp;When to scale:";"何时开始缩放(&amp;W)：";;
"00185A25/25/0";"&amp;Scale:";"比例(&amp;S)：";;
"00185A25/26/0";"Border";"边框";;
"00185A25/27/0";"(100,100)";"(100,100)";;
"00185A25/28/0";"Use this dialog to change the way the image is scaled to fit inside the border.";"使用该对话框更改图像缩放方式以适合边框内大小。";;
"00185A25/47/0";"Search&amp;Repalce";"搜索&amp;替换";;
"00185A25/48/0";"Previous";"上一个";;
"00185A25/49/0";"Next";"下一个";;
"00185A25/50/0";" Replace";"替换";;
"00185A25/51/0";"Replace";"替换";;
"00185A25/52/0";"Replace All";"全部替换";;
"0E8223D0/1/0";"Delete Signature";"删除签名";;
"0E8223D0/2/0";"Do you want to remove the signature?";"您是否想要移除该签名？";;
"0E8223D0/3/0";"Also remove the cloud signature";"同时移除云签名";;
"0E8223D0/91/0";"OK";"确定";;
"0E8223D0/92/0";"Cancel";"取消";;
"0E8223D0/5/0";"Clear";"清除";;
"0E8223D0/6/0";"TextLabel";"TextLabel";;
"0E8223D0/7/0";"Thank you for your interest in Foxit eSign!";"感谢您选择福昕电子签章！";;
"0E8223D0/8/0";"Your subscription has expired.\n Please contact your IT Administrator to gain access.";"您的订阅已过期。\n请联系您的IT管理员获取授权。";;
"0E8223D0/9/0";"Foxit eSign requires a separate subscription. Please subscribe \nbelow or contact us for more information at: +1-866-680-3668(24/7).";"福昕电子签章服务需要单独订阅。请在下方订阅或者\n请联系我们：010-50951668/50951666";;
"0E8223D0/10/0";"Subscribe Now";"立即订阅";;
"0E8223D0/11/0";"&amp;Close";"关闭(&amp;C)";;
"0E8223D0/12/0";"Cancel";"取消";;
"0E8223D0/14/0";"Foxit eSign keeps work moving";"福昕电子签章让工作永不止步";;
"0E8223D0/15/0";"Automate your workflows with Foxit eSign to improve customer experience, strengthen compliance, and eliminate costs related to paper-based processes.";"使用福昕电子签章自动化您的工作流程，以改善客户体验，加强合规性，并消除与纸质流程相关的成本。";;
"0E8223D0/16/0";"A separate license is required to use the Foxit eSign features. If you already have a Foxit eSign subscription, sign in to your account, or contact your IT administrator to gain a license.";"使用福昕电子签章功能需要获得单独授权。如果您已经订阅了福昕电子签章，请登录到您的账户或联系您的IT管理员以获得授权。";;
"0E8223D0/17/0";"&amp;Sign in";"登录(&amp;S)";;
"0E8223D0/18/0";"Sign &amp;up";"注册(&amp;U)";;
"0E8223D0/74/0";"Not now";"以后再说";;
"0E8223D0/21/0";"Foxit eSign";"福昕电子签章";;
"0E8223D0/22/0";"Please wait while getting signatures from the server";"正在从服务器获取签名，请等待。";;
"0E8223D0/23/0";"Options";"选项";;
"0E8223D0/24/0";"&amp;Convert signature to black &amp;&amp; white";"将签名转换为黑白色(&amp;C)";;
"0E8223D0/25/0";"&amp;Keep original size";"保留原始大小(&amp;K)";;
"0E8223D0/26/0";"Disc&amp;ard this signature when program closes";"程序关闭时废弃签名(&amp;A)";;
"0E8223D0/27/0";"&amp;Save online";"在线保存(&amp;S)";;
"0E8223D0/28/0";"&amp;Require password to use this signature";"使用该签名需要密码(&amp;R)";;
"0E8223D0/29/0";"&amp;Password";"密码(&amp;P)";;
"0E8223D0/30/0";"Con&amp;firm Password";"确认密码(&amp;F)";;
"0E8223D0/31/0";"OK";"确定";;
"0E8223D0/32/0";"Cancel";"取消";;
"0E8223D0/33/0";"Signature";"签名";;
"0E8223D0/34/0";"Select a page you preferred from the document as your Signature";"从文档中选择一个页面作为您的签名";;
"0E8223D0/35/0";"Sample";"范例";;
"0E8223D0/36/0";"TextLabel";"TextLabel";;
"0E8223D0/42/0";"Password";"密码";;
"0E8223D0/44/0";"Open password:";"打开密码：";;
"0E8223D0/43/0";"An incorrect password was provided for Foxit eSign profile. Please check the password and try again.";"您为福昕电子签章文件提供了一个错误的密码。\n请检查密码后重试。";;
"0E8223D0/84/0";"Usage of signature profile is protected and cannot be applied without providing the correct password.";"签名使用受保护，没有正确的密码无法应用签名。";;
"0E8223D0/85/0";"OK";"确定";;
"0E8223D0/86/0";"Cancel";"取消";;
"0E8223D0/67/0";"*";"*";;
"0E8223D0/68/0";"Full Name";"全名";;
"0E8223D0/47/0";"TextLabel";"TextLabel";;
"0E8223D0/69/0";"Initials";"缩写";;
"0E8223D0/48/0";"Manage Signatures";"管理签名";;
"0E8223D0/49/0";"All styles";"全部类型";;
"0E8223D0/71/0";"Full Name";"全名";;
"0E8223D0/72/0";"Initials";"缩写";;
"0E8223D0/75/0";"&amp;Add";"添加(&amp;A)";;
"0E8223D0/51/0";"Create &amp;Signature";"创建签名(&amp;S)";;
"0E8223D0/73/0";"OK";"确定";;
"0E8223D0/70/0";"Close";"关闭";;
"0E8223D0/87/0";"Foxit eSign Accounts";"福昕电子签章服务账户";;
"0E8223D0/88/0";"Please select an account that you want to work with";"请选择您要使用的账户";;
"0E8223D0/89/0";"OK";"确定";;
"0E8223D0/90/0";"Cancel";"取消";;
"0E8223D0/54/0";"Edit Signature";"编辑签名";;
"0E8223D0/76/0";"&amp;Type";"输入(&amp;T)";;
"0E8223D0/77/0";"&amp;Draw";"绘制(&amp;D)";;
"0E8223D0/78/0";"&amp;Import";"导入(&amp;I)";;
"0E8223D0/79/0";"&amp;Paste";"粘贴(&amp;P)";;
"0E8223D0/80/0";"&amp;Online";"在线(&amp;C)";;
"0E8223D0/81/0";"Optio&amp;ns";"选项(&amp;N)";;
"0E8223D0/82/0";"O&amp;K";"确定(&amp;K)";;
"0E8223D0/83/0";"&amp;Cancel";"取消(&amp;C)";;
"0E8223D0/93/0";"Upgrade";"升级";;
"0E8223D0/94/0";"Your current subscription plan is not available for online forms. Please upgrade your current subscription.";"您当前的订阅计划不适用于在线表单。请升级您当前的订阅。";;
"0E8223D0/95/0";"Cancel";"取消";;
"0E802E44/1/0";"Foxit eSign is the fastest and easiest way to get all your documents signed, tracked, and filed.";"福昕电子签章是让您的文件进行签名、跟踪和归档的最快、最简单的方法。";;
"0E802E44/2/0";"Copyright ? 2010-2026 Foxit Software Inc. All Rights Reserved.";"2010-2026 福昕软件 版权所有。";;
"0E802E44/3/0";"&amp;Cancel";"取消(&amp;C)";;
"0E802E44/4/0";"&amp;OK";"确定(&amp;O)";;
"0E802E44/121/0";"Account ID";"账户ID";;
"0E802E44/122/0";"All Fonts";"全部字体";;
"0E802E44/132/0";"Image conversion could not be completed. Please try again.";"图像转换无法完成。请重试。";;
"0E802E44/133/0";"Your current subscription plan is not available for bulk eSignatures. Please upgrade your current subscription.";"您当前的订阅计划不适用于批量电子签章。请升级您当前的订阅。";;
"0E802E44/134/0";"Your current subscription plan is not available for online forms. Please upgrade your current subscription.";"您当前的订阅计划不适用于在线表单。请升级您当前的订阅。";;
"0E802E44/8/0";"Document Status";"文档状态";;
"0E802E44/109/0";"Track and review Recipient and Document status";"跟踪并审阅接收者和文档状态";;
"0E802E44/23/0";"Apply all signatures to documents";"将全部签名应用到文档";;
"0E802E44/22/0";"Apply All Signatures";"应用所有签名";;
"0E802E44/110/0";"Foxit eSign only supports signing a set of signatures (including full name and initials) at a time. ";"福昕电子签章只支持一次签署一组签名(包括全名和缩写)。 ";;
"0E802E44/118/0";"If you want to request signature, please remove the unapplied signature first.";"如果您想要请求签名，请先移除未应用的签名。";;
"0E802E44/5/0";"Foxit eSign";"福昕电子签章";;
"0E802E44/21/0";"Modify Signature style";"修改签名样式";;
"0E802E44/20/0";"Manage Signatures";"管理签名";;
"0E802E44/135/0";"Add E-Sign Branding";"添加电子签章品牌";;
"0E802E44/136/0";"Personalize the logo and theme color for the company&apos;s account";"个性化公司账户的徽标和主题颜色";;
"0E802E44/137/0";"Create Online Form";"创建在线表单";;
"0E802E44/138/0";"Create an online form to collect signatures in bulk";"创建在线表单，用于收集批量签名";;
"0E802E44/139/0";"Send in Bulk";"批量发送";;
"0E802E44/140/0";"Request signatures in bulk";"批量请求签名";;
"0E802E44/10/0";"Send PDFs to others to sign online";"将PDF文件发送给他人，进行在线签名";;
"0E802E44/130/0";"Sign Style";"签名样式";;
"0E802E44/54/0";"All Supported Files|*.pdf; *.bmp; *.gif; *.jpg; *.jpeg; *.jpe; *.png; *.tif; *.tiff|PDF Files(*.pdf)|*.pdf|Image Files(*.bmp; *.gif;  *.jpg; *.jpeg; *.jpe; *.png; *.tif; *.tiff)|*.bmp; *.gif; *.jpg; *.jpeg; *.jpe; *.png; *.tif; *.tiff||";"所有可支持的文件|*.pdf; *.bmp; *.gif; *.jpg; *.jpeg; *.jpe; *.png; *.tif; *.tiff|PDF文件(*.pdf)|*.pdf|图像文件(*.bmp; *.gif;  *.jpg; *.jpeg; *.jpe; *.png; *.tif; *.tiff)|*.bmp; *.gif; *.jpg; *.jpeg; *.jpe; *.png; *.tif; *.tiff||";;
"0E802E44/39/0";"PDF Sign";"PDF签名";;
"0E802E44/102/0";"Upload the signature to the eSign server to obtain legal binding. Only one signature can be uploaded at the same time.";"将签名上传至电子签章服务器，即可获得合法绑定。同一时间只能上传一个签名。";;
"0E802E44/101/0";"Upload signatures";"上传签名";;
"0E802E44/67/0";"This file is a PDF Portfolio, please select a single PDF to continue.";"该文件是个文件包，请选择一个单独的PDF文件后继续。";;
"0E802E44/79/0";"You have no envelopes remaining. \nPlease contact your IT Administrator to gain access.";"您没有可用的信封了。\n请联系您的IT管理员获取授权。";;
"0E802E44/123/0";"Recommended Fonts";"建议的字体";;
"0E802E44/124/0";"Canada";"加拿大";;
"0E802E44/125/0";"Europe";"欧洲";;
"0E802E44/126/0";"U.S.";"美国";;
"0E802E44/12/0";"Request Signature";"请求签名";;
"0E802E44/38/0";"Flattening Pages...";"扁平化页面...";;
"0E802E44/131/0";"Sign Select Hand";"签名选择手型";;
"0E802E44/73/0";"Stamp";"图章";;
"0E802E44/105/0";"The eSign signature process has already started, please complete it before using this feature.";"电子签章流程已经启动了，在使用此功能前请先完成它。";;
"0E802E44/75/0";"Foxit eSign requires a separate subscription. Please register or log in with your Foxit Account to continue.";"福昕电子签章服务需要单独订阅。请注册或者登录您的福昕账户后继续。";;
"0E802E44/46/0";"A separate license is required to use the Foxit eSign features. If you already have a Foxit Sign subscription, sign in to your account or contact your IT administrator to gain license.";"使用福昕电子签章功能需要获得单独授权。如果您已经订阅了福昕电子签章，请登录到您的账户或联系您的IT管理员以获得授权。";;
"0E802E44/26/0";"Change Style";"更改类型";;
"0E802E44/57/0";"The Clipboard is empty.";"剪贴板为空。";;
"0E802E44/47/0";"Create Signature";"创建签名";;
"0E802E44/43/0";"Delete";"删除";;
"0E802E44/106/0";"Failed to delete signature, please try again.";"无法删除签名，请重试。";;
"0E802E44/97/0";"Apply All";"应用所有签名";;
"0E802E44/93/0";"Apply all signatures will flatten the whole document. This will make all signatures, text objects and other annotations being embedded into the document. You can change this setting in Preferences -&gt; PDF Sign.";"应用所有签名将会对整个文档执行扁平化。这将使得所有签名，文本对象和其它标注被嵌入到文档中，您可以在“偏好设置-&gt;PDF签名”位置更改设置。";;
"0E802E44/95/0";"Change Setting";"更改设置";;
"0E802E44/94/0";"Continue Applying";"继续应用";;
"0E802E44/98/0";"Discard";"放弃";;
"0E802E44/96/0";"There are signatures that have not been applied. What do you want to do with them?";"尚有签名未被应用。您想要如何操作？";;
"0E802E44/100/0";"Try again";"重试";;
"0E802E44/99/0";"Failed to upload the signed document. Do you want to try again? Please note that the signature will be invalid if you click &quot;Cancel&quot;.";"无法上传签名后的文档。您是否想要重试？请注意如果您点击“取消”，签名将不会生效。";;
"0E802E44/24/0";"Document-based Signing";"基于文档的签名";;
"0E802E44/92/0";"Draw Initials";"绘制缩写";;
"0E802E44/91/0";"Draw signature";"绘制签名";;
"0E802E44/42/0";"Edit";"编辑";;
"0E802E44/48/0";"Edit Signature";"编辑签名";;
"0E802E44/56/0";"The type of file you have selected is not supported. Please select another file.";"不支持你选择的这种类型的文件，请选择其它文件。";;
"0E802E44/16/0";"Operation failed. File exceeds the 20MB limit. Please choose another valid file and try again.";"操作失败。文件超过了20MB的限制。请选择其他有效文件并重试。";;
"0E802E44/107/0";"Full Name";"全名";;
"0E802E44/87/0";"Getting Location and IP Address...";"正在获取位置和IP地址...";;
"0E802E44/61/0";"Uplo&amp;ad Initials";"上传缩写(&amp;A)";;
"0E802E44/62/0";"Upload &amp;Signature";"上传签名(&amp;S)";;
"0E802E44/108/0";"Initials";"缩写";;
"0E802E44/82/0";"Ink Sign";"手写签名";;
"0E802E44/84/0";"Go to Position";"转到位置";;
"0E802E44/83/0";"This document has one or some fields need to sign.";"该文档有一个或者多个字段需要签名";;
"0E802E44/27/0";"Full name signature and initial signature need to be created at first.";"首先需要创建全名签名和缩写签名。";;
"0E802E44/25/0";"The PDF document must be saved before operation.\nDo you want to save changes and continue?";"PDF文档在执行操作之前必须先进行保存。您是否想保存并继续？";;
"0E802E44/68/0";"The image is not a supported format.";"不支持这种图片格式";;
"0E802E44/65/0";"Down&amp;load Initials";"下载缩写(&amp;L)";;
"0E802E44/66/0";"Download &amp;Signature";"下载签名(&amp;S)";;
"0E802E44/53/0";"Paste";"粘贴";;
"0E802E44/63/0";"Snapshot &amp;an initial and paste";"截图缩写并粘贴(&amp;A)";;
"0E802E44/64/0";"&amp;Snapshot a signature and paste";"截图签名并粘贴(&amp;S)";;
"0E802E44/60/0";"An incorrect password was provided for Foxit eSign profile.\nPlease check the password and try again.";"您为福昕电子签章文件提供了一个错误的密码。\n请检查密码后重试。";;
"0E802E44/44/0";"Do you want to remove the signature?";"您是否想要移除该签名？";;
"0E802E44/52/0";"Replace";"替换";;
"0E802E44/89/0";"Set as default";"设置为默认";;
"0E802E44/85/0";"Request failed. The document has been protected or signed by digital signature/legally-binding electronic signature and couldn&apos;t be sent to others for signature.";"请求失败。该文件已被数字签名/具有法律约束力的电子签名保护或签署，不能发送给他人签名。";;
"0E802E44/114/0";"This signature style is in use, please try it later.";"该签名类型正在使用中，请稍后重试。";;
"0E802E44/80/0";"Foxit eSign\nLegally-binding electronic signature service to prepare and gather important signed documents";"福昕电子签章\n具有法律约束力的电子签章服务，用于准备和收集重要的签名文件";;
"0E802E44/36/0";"Switch to\nFoxit eSign";"切换至\n福昕电子签章";;
"0E802E44/37/0";"Switch to\nInk Sign";"切换至\n手写签名";;
"0E802E44/81/0";"Ink Sign\nAllows user to place an image-based signature on the document and no need to sign in";"手写签名\n允许用户在文档上放置基于图像的签名，无需登录。";;
"0E802E44/117/0";"Tools";"工具";;
"0E802E44/76/0";"Please click &quot;Apply all signatures&quot; to complete the signing process.";"请点击“应用所有签名”以完成签名过程。 ";;
"0E802E44/59/0";"Transaction-based Signing";"基于事务的签名";;
"0E802E44/28/0";"Please type your full name";"请输入您的全名";;
"0E802E44/40/0";"Please type your initials";"请输入您的缩写";;
"0E802E44/77/0";"An unknown error occurred, the error code is %d.";"发生一个未知的错误。错误代码是%d。";;
"0E802E44/11/0";"Ink signature is not supported in the signed document.";"签名文档不支持手写签名。";;
"0E802E44/88/0";"Uploading Signed Document...";"正在上传签名的文档...";;
"0E802E44/90/0";"Close";"关闭";;
"0E802E44/15/0";"Checking License...";"正在检查授权...";;
"0E802E44/49/0";"Please make sure that the passwords match and are not empty.";"请确认密码是匹配的且非空。";;
"0E802E44/55/0";"Signature creating could not be completed, you have exceeded the maximum file size allowed. Please choose another file and try again.";"无法完成签名创建，您已经超过了所允许的最大尺寸。请选择其它文件后重试。";;
"0E802E44/127/0";"Signature";"签名";;
"0E802E44/19/0";"Signature List";"签名列表";;
"0E802E44/34/0";"When you save a form with a signature or initials you will no longer be able to edit the existing form fields.";"当您保存了一份包含签名或者缩写的表单后，您将不再可以编辑已存在的表单域。";;
"0E802E44/18/0";"Getting Web Page of Document Status...";"正在获取文档状态网页...";;
"0E802E44/13/0";"Getting Authentication Information...";"正在获取授权信息...";;
"0E802E44/29/0";"The free trial period for this account has expired. Subscribe now.";"该账户的免费试用已过期。立即订阅。";;
"0E802E44/31/0";"Your subscription or trial of Foxit eSign has expired.";"您的福昕电子签章的订阅或试用已过期。";;
"0E802E44/103/0";"Preferences";"偏好设置";;
"0E802E44/30/0";"The current document is protected, you can not create signatures.";"当前文档被保护，您不能创建签名。";;
"0E802E44/7/0";"The signature style that you are trying to use no longer exists and cannot be applied.";"您尝试使用的签名样式不存在，无法应用。";;
"0E802E44/35/0";"The signature cannot be applied without placing a full name signature.";"如果没有全名签名，则不能应用该签名。";;
"0E802E44/115/0";"Online Signature";"在线签名";;
"0E802E44/116/0";"Your subscription has expired.\nPlease contact your IT Administrator to gain access.";"您的订阅已过期。\n请联系您的IT管理员获取授权。";;
"0E802E44/74/0";"You have no envelopes remaining.";"您没有可用的信封了。";;
"0E802E44/72/0";"Properties";"属性";;
"0E802E44/104/0";"Sign";"签名";;
"0E802E44/33/0";"Generate Digital Digest...";"生成电子摘要...";;
"0E802E44/14/0";"Getting Foxit eSign Envelope...";"正在获取福昕电子签章信封...";;
"0E802E44/32/0";"Updating Signature Appearance...";"正在更新签名外观...";;
"0E802E44/41/0";"All signatures, text objects and other annotations will be embedded into the document. This operation cannot be undone. Do you want to proceed?";"所有签名，文本对象和其它标注将会被嵌入到文档中。该操作无法被撤销。您是否想要继续？";;
"0E802E44/51/0";"Download failed.";"下载失败。";;
"0E802E44/111/0";"Choose a Signature Style for self-signing";"选择自签名的签名样式";;
"0E802E44/112/0";"Loading...";"正在加载...";;
"0E802E44/113/0";"Set Current Size as Default";"设置当前大小为默认";;
"0E802E44/71/0";"Failed to upload signature to cloud, please try again.";"无法将签名上传到云端，请重试。";;
"0E802E44/69/0";"Upload signature to cloud successfully.";"已成功将签名上传到云端。";;
"0E802E44/119/0";"Select an account for Foxit eSign service";"选择福昕电子签章服务的账户";;
"0E802E44/120/0";"Switch Accounts";"切换账户";;
"0E802E44/129/0";"Switch color";"切换颜色";;
"0E802E44/45/0";"The default signature style has been changed, it is suggested to apply the existing signatures on your PDF before placing a new signature in new signature style. Do you want to apply the existing signatures?";"默认签名样式已更改，建议在以新签名样式放置新签名之前，先在PDF文档上应用现有签名。您想应用现有的签名吗？";;
"0E802E44/78/0";"This will make all signatures, text objects and other annotations embedded into the document.";"这将使得所有签名，文本对象和其它标注对象被嵌入到文档中。";;
"0E802E44/50/0";"%d%[1] out of %d%[2] images";"第%d%[1] 个，共 %d%[2]个图像";;
"0E802E44/6/0";"Create &apos;%ls&apos;";"创建“%ls”";;
"0E802E44/9/0";"Move &apos;%ls&apos;";"移动“%ls”";;
"0E802E44/86/0";"Updating Envelope History...";"正在更新信封历史记录...";;
"0E802E44/70/0";"Updating data";"正在更新数据";;
"0E802E44/17/0";"Uploading Document...";"正在上传文档...";;
"0E802E44/128/0";"The eSign account has been switched successfully.";"电子签章账户已经成功切换了。";;
"007D4B2D/1/0";"Export All Images As BMP Settings";"导出全部图像为BMP格式的设置";;
"007D4B2D/2/0";"Output Mode";"输出模式";;
"007D4B2D/3/0";"E&amp;xport by page";"按页导出(&amp;X)";;
"007D4B2D/4/0";"&amp;Merge into one image";"合并到一张图像(&amp;M)";;
"007D4B2D/5/0";"Page Range";"页面范围";;
"007D4B2D/7/0";"Conversion";"转换";;
"007D4B2D/8/0";"&amp;Colorspace:";"颜色空间(&amp;C)：";;
"007D4B2D/9/0";"&amp;Resolution:";"分辨率(&amp;R)：";;
"007D4B2D/10/0";"Extraction";"提取";;
"007D4B2D/11/0";"&amp;Exclude images smaller than:";"不包括小于以下尺寸的图片(&amp;E)：";;
"007D4B2D/13/0";"De&amp;faults";"默认(&amp;F)";;
"007D4B2D/15/0";"Dialog";"Dialog";;
"007D4B2D/16/0";"Sk&amp;ip images in documents";"跳过文档中的图像(&amp;I)";;
"007D4B2D/17/0";"Conver&amp;t to editable documents";"转换为可编辑的文档(&amp;T)";;
"007D4B2D/18/0";"Set &amp;Languages";"设置语言(&amp;L)";;
"007D4B2D/19/0";"%s";"%s";;
"007D4B2D/20/0";"The image is too wide to export. Please reduce resolution or close other application and try again. (in page %d)";"图像太宽，无法导出。请降低分辨率或关闭其它应用程序后重试。(在第%d页)";;
"007D4B2D/21/0";"Ignore all o&amp;ccurrences in current processing";"忽略当前处理过程中的所有事件(&amp;C)";;
"007D4B2D/23/0";"Save As Doc Settings";"另存为Doc格式设置";;
"007D4B2D/24/0";"Numeric Settings";"数字设置";;
"007D4B2D/25/0";"Auto detect decimal a&amp;nd thousands separators";"自动检测十进制和千位分隔符(&amp;N)";;
"007D4B2D/26/0";"Treat the &amp;following as decimal and thousands separators";"将以下项视为十进制和千位分隔符(&amp;F)";;
"007D4B2D/27/0";"Decimal S&amp;ymbol";"十进制符号(&amp;Y)";;
"007D4B2D/28/0";"Thousands Separato&amp;r";"千位分隔符(&amp;R)";;
"007D4B2D/32/0";"Excel Workbook Settings";"Excel工作簿设置";;
"007D4B2D/33/0";"Create single Worksheet for the Docu&amp;ment";"为文档创建单个工作表(&amp;M)";;
"007D4B2D/34/0";"Create Worksheet for eac&amp;h Table";"为每张表创建工作表(&amp;H)";;
"007D4B2D/35/0";"Create Work&amp;sheet for each Page";"为每个页面创建工作表(&amp;S)";;
"007D4B2D/36/0";"Text Recognition Settings";"文本识别设置";;
"007D4B2D/29/0";"R&amp;estore Defaults";"重置为默认(&amp;E)";;
"007D4B2D/37/0";"Content Setting";"内容设置";;
"007D4B2D/38/0";"Include Ima&amp;ges";"包含图像(&amp;G)";;
"007D4B2D/39/0";"File and Navigation Pane Settings";"文件和导览窗格设置";;
"007D4B2D/40/0";"&amp;Single HTML Page";"单页HTML(&amp;S)";;
"007D4B2D/41/0";"Add &amp;Headings-based Navigation frame";"添加基于标题的导览框架(&amp;H)";;
"007D4B2D/42/0";"Add B&amp;ookmarks-based Navigation frame";"添加基于书签的导览框架(&amp;O)";;
"007D4B2D/43/0";"&amp;Multiple HTML Pages";"多页HTML(&amp;M)";;
"007D4B2D/44/0";"Split b&amp;y Document Headings";"按文档标题拆分(&amp;Y)";;
"007D4B2D/45/0";"Split by Document Bookma&amp;rks";"按文档书签拆分(&amp;R)";;
"007D4B2D/46/0";"Export All Images As JPEG Settings";"导出全部图像为JPEG格式的设置";;
"007D4B2D/47/0";"Images that already have JPEG compression will be left unchanged.";"已经使用JPEG压缩算法的图片将不会发生改变。";;
"007D4B2D/48/0";"File Settings";"文件设置";;
"007D4B2D/49/0";"&amp;Grayscale:";"灰度(&amp;G):";;
"007D4B2D/50/0";"&amp;Color:";"彩色(&amp;C):";;
"007D4B2D/51/0";"&amp;Format:";"格式(&amp;F)：";;
"007D4B2D/52/0";"Color Management";"颜色管理";;
"007D4B2D/122/0";"&amp;RGB:";"RGB(&amp;R)：";;
"007D4B2D/123/0";"CM&amp;YK:";"CMYK(&amp;Y)：";;
"007D4B2D/124/0";"Gray&amp;scale:";"灰度(&amp;S)：";;
"007D4B2D/56/0";"Resolut&amp;ion:";"分辨率(&amp;I):";;
"007D4B2D/57/0";"C&amp;olorspace:";"颜色空间(&amp;O):";;
"007D4B2D/58/0";"Defau&amp;lts";"默认(&amp;L)";;
"007D4B2D/59/0";"Export All Images As JPEG2000 Settings";"导出全部图像为JPEG2000格式的设置";;
"007D4B2D/125/0";"Graysca&amp;le:";"灰度(&amp;L)：";;
"007D4B2D/61/0";"Pixels";"像素";;
"007D4B2D/62/0";"Tile &amp;Size:";"块大小(&amp;S)：";;
"007D4B2D/60/0";"Images that already have JPEG2000 compression will be left unchanged.";"已经使用JPEG2000压缩的图片将不会发生改变。";;
"007D4B2D/65/0";"Comments Setting";"注释设置";;
"007D4B2D/66/0";"Include Co&amp;mments";"包含注释(&amp;M)";;
"007D4B2D/67/0";"&amp;Pages:";"页面(&amp;P)：";;
"007D4B2D/68/0";"&amp;All pages";"所有页面(&amp;A)";;
"007D4B2D/69/0";"/";"/";;
"007D4B2D/70/0";"Sample:1,5-9,12";"范例：1,5-9,12";;
"007D4B2D/71/0";"S&amp;ubset:";"子集(&amp;U)：";;
"007D4B2D/72/0";"Export All Images As TIFF Settings";"导出全部图像为TIFF格式的设置";;
"007D4B2D/73/0";"Merge &amp;into one image";"合并到一张图像(&amp;I)";;
"007D4B2D/76/0";"&amp;Monochrome:";"黑白(&amp;M)：";;
"007D4B2D/126/0";"CMY&amp;K:";"CMYK(&amp;K)：";;
"007D4B2D/74/0";"Reso&amp;lution:";"分辨率(&amp;L)：";;
"007D4B2D/75/0";"T&amp;ype:";"类型(&amp;Y)：";;
"007D4B2D/78/0";"Layout Settings";"布局设置";;
"007D4B2D/79/0";"Retain &amp;flowing text";"保留流动文本(&amp;F)";;
"007D4B2D/80/0";"Retain page la&amp;yout";"保留页面布局(&amp;Y)";;
"007D4B2D/77/0";"Content Settings";"内容设置";;
"007D4B2D/81/0";"Language Settings";"语言设置";;
"007D4B2D/82/0";"Languages:";"语言：";;
"007D4B2D/83/0";"Current language(s) used for exporting:";"用于导出的当前语言：";;
"007D4B2D/12/0";"OK";"确定";;
"007D4B2D/84/0";"Save As XPS Settings";"另存为XPS设置";;
"007D4B2D/30/0";"O&amp;K";"确定(&amp;K)";;
"007D4B2D/31/0";"&amp;Cancel";"取消(&amp;C)";;
"007D4B2D/85/0";"File Format";"文件格式";;
"007D4B2D/86/0";"Use .oxps &amp;format";"使用.oxps格式(&amp;F)";;
"007D4B2D/87/0";"Export All Images As PNG Settings";"导出全部图像为PNG格式的设置";;
"007D4B2D/88/0";"Output Mode";"输出模式";;
"007D4B2D/89/0";"E&amp;xport by page";"按页导出(&amp;X)";;
"007D4B2D/90/0";"&amp;Merge into one image";"合并到一张图像(&amp;M)";;
"007D4B2D/91/0";"Page Range";"页面范围";;
"007D4B2D/92/0";"File settings";"文件设置";;
"007D4B2D/93/0";"&amp;Interlace:";"隔行扫描(&amp;I)：";;
"007D4B2D/94/0";"Fi&amp;lter:";"滤镜(&amp;L)：";;
"007D4B2D/95/0";"Color Management";"颜色管理";;
"007D4B2D/127/0";"R&amp;GB:";"RGB(&amp;G)：";;
"007D4B2D/128/0";"CMY&amp;K:";"CMYK(&amp;K)：";;
"007D4B2D/129/0";"Gray&amp;scale:";"灰度(&amp;S)：";;
"007D4B2D/99/0";"Conversion";"转换";;
"007D4B2D/100/0";"&amp;Colorspace:";"颜色空间(&amp;C)：";;
"007D4B2D/101/0";"&amp;Resolution:";"分辨率(&amp;R)：";;
"007D4B2D/102/0";"Extraction";"提取";;
"007D4B2D/103/0";"&amp;Exclude images smaller than:";"不包括小于以下尺寸的图片(&amp;E)：";;
"007D4B2D/105/0";"&amp;Defaults";"默认(&amp;D)";;
"00781B6D/1/0";"The plugin allows users to convert or export PDFs to other file formats. It also supports exporting images from documents.";"该插件允许用户将PDF文件转换或者导出为其他格式。同时也支持从文档中导出图像。";;
"00781B6D/2/0";"Copyright ? 2010-2026 Foxit Software Inc. All Rights Reserved.";"2010-2026 福昕软件 版权所有。";;
"00781B6D/3/0";"To Accessible Text";"到 辅助文本";;
"00781B6D/4/0";"Export All Images";"导出全部图像";;
"00781B6D/5/0";"To Excel";"到 Excel";;
"00781B6D/6/0";"To HTML";"到 HTML";;
"00781B6D/7/0";"To Image";"到图片";;
"00781B6D/240/0";"To OFD";"到 OFD";;
"00781B6D/241/0";"To PDF";"到 PDF";;
"00781B6D/8/0";"To PowerPoint";"到 PowerPoint";;
"00781B6D/9/0";"To Rich Text";"到富文本";;
"00781B6D/10/0";"To Other";"到其它格式";;
"00781B6D/11/0";"To Plain Text";"到纯文本";;
"00781B6D/12/0";"To Word";"到 Word";;
"00781B6D/13/0";"The images in document will be converted to editable text";"文档中的图像将转换为可编辑的文本";;
"00781B6D/14/0";"Adaptive";"自适应";;
"00781B6D/215/0";"Ask when saving";"保存时询问";;
"00781B6D/15/0";"Average";"平均值";;
"00781B6D/16/0";"Settin&amp;gs...";"设置(&amp;G)...";;
"00781B6D/216/0";"Export the document as a .eps file with Encapsulated PostScript";"将文档导出为包含封装的 PostScript的.eps文件";;
"00781B6D/217/0";"Export the document as a .ps file with PostScript";"将文档导出为包含PostScript的.ps文件";;
"00781B6D/218/0";"To Encapsulated PostScript";"到封装的PostScript";;
"00781B6D/219/0";"To PostScript";"到PostScript";;
"00781B6D/17/0";"&amp;View Result";"查看结果(&amp;V)";;
"00781B6D/238/0";"&amp;Open the destination folder";"打开目标文件夹(&amp;O)";;
"00781B6D/18/0";"Continue for all o&amp;ccurrences in current processing";"继续处理当前处理中的全部事件(&amp;C)";;
"00781B6D/19/0";"Yes for o&amp;ccurrences in current processing";"当前处理中的全部事件默认为是(&amp;C)";;
"00781B6D/20/0";"Determine automatically";"自动确定";;
"00781B6D/21/0";"pixels/cm";"像素 / 厘米";;
"00781B6D/220/0";"Monochrome";"黑白";;
"00781B6D/23/0";"CMYK";"CMYK";;
"00781B6D/24/0";"Grayscale";"灰度";;
"00781B6D/25/0";"RGB";"RGB";;
"00781B6D/26/0";"&amp;Continue";"继续(&amp;C)";;
"00781B6D/27/0";"Export to Text";"导出为文本";;
"00781B6D/221/0";"Embed profile";"嵌入配置文件";;
"00781B6D/28/0";"Decimal symbol and thousands separator must be different.";"十进制符号和千位分隔符必须是不同的。";;
"00781B6D/29/0";"Export all images and save as";"导出全部图像且另存为";;
"00781B6D/30/0";"%s%[1] Processing page %d%[2]";"%s%[1] 已处理%d%[2]页";;
"00781B6D/31/0";"Export PDF";"导出PDF";;
"00781B6D/32/0";"Processing page %d%[1] of %d%[2]";"正在处理页面 %d%[1] / %d%[2]";;
"00781B6D/33/0";"Export Selection As";"导出选择";;
"00781B6D/34/0";"Can not write to the file. It might be used by another application. \nClick OK to choose another path, or click Cancel to end the operation.";"无法写入文件。它可能正被其它程序占用。\n点击“确定”选择另外一个路径，或者点击“取消”结束该操作。";;
"00781B6D/35/0";"The File &apos;%ls&apos; already exists. Do you want to overwrite it?";"文件“%ls”已存在。您是否想替换它？";;
"00781B6D/36/0";"The image you&apos;re exporting is larger than %dMB. Do you really want to continue?";"您正在导出的图像大于%dMB。您确定要继续？";;
"00781B6D/37/0";"Baseline (optimized)";"基线（优化）";;
"00781B6D/38/0";"Progressive (3 scans)";"逐层扫描（3层扫描）";;
"00781B6D/39/0";"Progressive (4 scans)";"逐层扫描（4层扫描）";;
"00781B6D/40/0";"Progressive (5 scans)";"逐层扫描（5层扫描）";;
"00781B6D/41/0";"Baseline (Standard)";"基线（标准）";;
"00781B6D/42/0";"Export images from which pages?";"将哪些页面导出为图像？";;
"00781B6D/43/0";"Export to Text from which pages?";"将哪些页面导出为文本？";;
"00781B6D/44/0";"Inches";"英寸";;
"00781B6D/222/0";"Do you want to attach the profile %ls%[1] to the file &quot;%ls%[2]&quot;?\n\nThis will increase the file size but guarantee that the file will look the same on other machines.";"您是否想要将%ls%[1]配置文件附加到%ls%[2]文件？\n\n这将增加文件大小，但保证文件在其他机器上看起来相同。";;
"00781B6D/223/0";"Use this setting for all pages in this document";"对本文档中的全部页面应用该设置";;
"00781B6D/224/0";"Manage Signatures";"管理签名";;
"00781B6D/45/0";"Export all images in the document";"导出文档中的全部图像";;
"00781B6D/46/0";"&amp;Images";"图像(&amp;I)";;
"00781B6D/47/0";"Export All &amp;Images";"导出全部图像(&amp;I)";;
"00781B6D/48/0";"&amp;Export to";"导出为(&amp;E)";;
"00781B6D/49/0";"No limit";"无限制";;
"00781B6D/50/0";"mm";"毫米";;
"00781B6D/51/0";"None";"无";;
"00781B6D/52/0";"We were unable to find tables in this document. No File was created.";"我们无法在该文档中找到表格。没有文件生成。";;
"00781B6D/53/0";"%ls could not extract any images from this document, only images that contain bitmap or raster data can be extracted.";"%ls不能导出该文档中的所有图片，只有那些包含位图或者光栅数据的图片可以被导出。";;
"00781B6D/225/0";"Off";"关闭";;
"00781B6D/54/0";"Paeth";"Paeth";;
"00781B6D/55/0";"All pages in range";"范围内的所有页面";;
"00781B6D/56/0";"Even pages only";"仅偶数页面";;
"00781B6D/57/0";"Odd pages only";"仅奇数页面";;
"00781B6D/58/0";"Adam7";"Adam7";;
"00781B6D/59/0";"Format: ";"格式： ";;
"00781B6D/60/0";"Processing";"正在处理";;
"00781B6D/61/0";" (Quality : High)";" (质量：高)";;
"00781B6D/62/0";"(Quality : Lossless)";"(质量：无损)";;
"00781B6D/63/0";" (Quality : Low)";" (质量：低)";;
"00781B6D/64/0";" (Quality : Maximum)";" (质量：最高)";;
"00781B6D/65/0";" (Quality : Medium)";" (质量：中度)";;
"00781B6D/66/0";" (Quality : Minimum)";" (质量：最低)";;
"00781B6D/67/0";"pixels/inch";"像素/英寸";;
"00781B6D/68/0";"Home";"主页";;
"00781B6D/69/0";"Export";"导出";;
"00781B6D/70/0";"To XML Spreadsheet 2003";"至XML电子表格2003";;
"00781B6D/71/0";"To MS Office";"到 MS Office";;
"00781B6D/72/0";"Export the document in a Microsoft Office file format";"将文档导出为Microsoft Office文件格式";;
"00781B6D/73/0";"To Word 97-2003";"到 Word 97-2003";;
"00781B6D/74/0";"To XML 1.0";"到XML 1.0";;
"00781B6D/75/0";"To XPS";"到XPS";;
"00781B6D/76/0";"Export the document as a .txt file with accessible text ";"将文档导出为一个包含辅助文本的.txt文件 ";;
"00781B6D/77/0";"Export as a .xml file for use with Excel";"导出为Excel使用的.xml格式的文件";;
"00781B6D/78/0";"Export as a .xlsx file for use with Excel 2007 and later";"导出为Excel 2007或者更高版本使用的.xlsx格式的文件";;
"00781B6D/79/0";"Export the document as a .htm or .html file for use with web browsers";"将文档导出为网页浏览器使用的.htm或者.html文件";;
"00781B6D/242/0";"Export the document as an OFD file";"将文档导出为OFD文件";;
"00781B6D/80/0";"Export the document as a text file";"将文档导出为文本文件";;
"00781B6D/243/0";"Export the document as a PDF file";"将文档导出为PDF文件";;
"00781B6D/81/0";"Export as a .ppt file for use with PowerPoint";"导出为PowerPoint所使用的.ppt格式的文件";;
"00781B6D/82/0";"Export the document as a .rtf rich text file";"将文档导出为.rtf 格式的富文本文件";;
"00781B6D/83/0";"Export the document as a .txt file with plain text only";"将文档导出为纯文本文件";;
"00781B6D/84/0";"Export as a .doc file for use with Word";"导出为Word使用的.doc格式的文件";;
"00781B6D/85/0";"Export as a .docx file for use with Word 2007 and later";"导出为Word 2007或者更高版本使用的.docx格式的文件";;
"00781B6D/86/0";"Export the document as a .xml file with XML 1.0.";"将文档导出为XML 1.0标准的.xml文件";;
"00781B6D/87/0";"Export the document as a xps file for use with XPS";"将文档导出为XPS使用的.xps文件";;
"00781B6D/88/0";"The PDF document must be saved before operation.\nDo you want to save changes and continue?";"PDF文档在执行操作之前必须先进行保存。您是否想保存并继续？";;
"00781B6D/89/0";"Constructing database...|Converting document...|Writing file message...";"正在构建数据库|正在转换文档|正在写入文件信息";;
"00781B6D/90/0";"The images in document will still remain as images";"文档中的图像仍将保留为图像";;
"00781B6D/91/0";"At this resolution, it is estimated that %d pages will be exported as an image. Are you sure to export?";"当前分辨率下，预估%d个页面会被作为一张图像导出。您确定要导出吗？";;
"00781B6D/92/0";"Accessible Text";"辅助文本";;
"00781B6D/93/0";"Auto";"自动";;
"00781B6D/94/0";"Wor&amp;d 97-2003";"Word 97-2003(&amp;D)";;
"00781B6D/95/0";"W&amp;ord";"Word(&amp;O)";;
"00781B6D/96/0";"Rich Text";"富文本";;
"00781B6D/97/0";"Plain Text";"纯文本";;
"00781B6D/98/0";"&amp;HTML";"HTML(&amp;H)";;
"00781B6D/99/0";"Please enter a valid range.";"请输入一个有效范围。";;
"00781B6D/100/0";"Input value is beyond the scope.";"输入的数据超出了范围。";;
"00781B6D/101/0";"If you want to choose pages 3, 5 and 8, enter &quot;&quot;3,5,8&quot;&quot; in the text box. If you want to choose pages from 3 to 8, enter &quot;&quot;3-8&quot;&quot; in the text box.";"如果您想要选择第3，5，8页，在文本框中输入&quot;&quot;3,5,8&quot;&quot;。如果您想要选择第3页到第8页，在文本框中输入&quot;&quot;3-8&quot;&quot;。";;
"00781B6D/102/0";"Page Range";"页面范围";;
"00781B6D/103/0";"CONVERT";"转换";;
"00781B6D/104/0";"&amp;PowerPoint";"PowerPoint(&amp;P)";;
"00781B6D/105/0";"&amp;Rich Text Format";"RTF格式(&amp;R)";;
"00781B6D/106/0";"&amp;TEXT";"文本(&amp;T)";;
"00781B6D/107/0";"Please enter a number between %d%[1] to %d%[2].";"请输入一个介于%d%[1]和%d%[2]的有效值。";;
"00781B6D/108/0";"The value must be between 128 and 2048.";"数值必须在128到2048之间。";;
"00781B6D/109/0";"Save As %ls Settings";"另存为%ls设置";;
"00781B6D/110/0";"Exce&amp;l 97-2003";"Excel 97-2003(&amp;l)";;
"00781B6D/111/0";"&amp;Excel";"Excel(&amp;E)";;
"00781B6D/112/0";"XML 1.0";"XML 1.0";;
"00781B6D/113/0";"Multiple files";"多个文件";;
"00781B6D/114/0";"Single file";"单个文件";;
"00781B6D/115/0";"Approved comment";"已接受的注释";;
"00781B6D/116/0";"Area Measurement comment";"面积测量注释";;
"00781B6D/117/0";"Arrow comment";"箭头注释";;
"00781B6D/118/0";"blank";"空白";;
"00781B6D/119/0";"Callout comment";"弹出框注释";;
"00781B6D/120/0";"CheckBox";"复选框";;
"00781B6D/121/0";"Checked";"已选中";;
"00781B6D/122/0";"Click to sign";"点击进行签名";;
"00781B6D/123/0";"Cloud comment";"云注释";;
"00781B6D/124/0";"ComboBox";"组合框";;
"00781B6D/125/0";"Distance Measurement comment";"距离测量注释";;
"00781B6D/126/0";"File Attachment comment";"文本附件注释";;
"00781B6D/127/0";"Cannot be saved in this folder. Please choose another one and try again.";"无法在该文件夹中保存。请选择其它文件夹后重试。";;
"00781B6D/128/0";"Highlight comment";"高亮注释";;
"00781B6D/129/0";"Signer&apos;s identity unknown";"签署者的身份未知";;
"00781B6D/130/0";"Insert Text comment";"插入文本注释";;
"00781B6D/131/0";"this is File";"这是文件";;
"00781B6D/132/0";"Line comment";"线条注释";;
"00781B6D/133/0";"ListBox";"列表框";;
"00781B6D/134/0";"Location";"位置";;
"00781B6D/135/0";"Multimedia";"多媒体";;
"00781B6D/136/0";"Note comment";"备注注释";;
"00781B6D/137/0";"Oval comment";"椭圆注释";;
"00781B6D/138/0";"Pencil comment";"铅笔注释";;
"00781B6D/139/0";"Perimeter Measurement comment";"周长测量注释";;
"00781B6D/140/0";"Polygon comment";"多边形注释";;
"00781B6D/141/0";"PushButton";"按钮";;
"00781B6D/142/0";"RadioButton";"单选框";;
"00781B6D/143/0";"Reason";"原因";;
"00781B6D/144/0";"Rectangle comment";"矩形框注释";;
"00781B6D/145/0";"Replace comment";"替换文本注释";;
"00781B6D/146/0";"RichText";"富文本";;
"00781B6D/147/0";"Signature field is unsigned";"签名域未签署";;
"00781B6D/148/0";"Signed by";"签署者";;
"00781B6D/149/0";"Squiggly comment";"曲线注释";;
"00781B6D/150/0";"Strikeout comment";"删除线注释";;
"00781B6D/151/0";"Text";"文本";;
"00781B6D/152/0";"Textbox comment";"文本框注释";;
"00781B6D/153/0";"Time";"时间";;
"00781B6D/154/0";"Typewriter comment";"打字机注释";;
"00781B6D/155/0";"Unchecked";"未选中";;
"00781B6D/156/0";"Underline comment";"下划线注释";;
"00781B6D/157/0";"Unknown";"未知";;
"00781B6D/158/0";"Unsigned signature field";"未签署的签名域";;
"00781B6D/159/0";"and install them by selecting &quot;&quot;Help-&gt;Plug-in Management-&gt; Install Plugin&quot;&quot;.";"并通过选择“帮助-&gt;插件管理-&gt;安装插件”进行安装。";;
"00781B6D/160/0";"There is no page numbered &apos;%ls&apos; in this document.";"该文档中不存在页码为&quot;%ls&quot;的页面。";;
"00781B6D/161/0";"Export to";"导出为";;
"00781B6D/162/0";"The PDF file is protected by Fasoo and cannot be converted to XPS format.";"该文件使用Fasoo加密，不能转换成XPS格式。";;
"00781B6D/163/0";"Accessible Text (*.txt)|*.txt";"辅助文本 (*.txt)|*.txt";;
"00781B6D/164/0";"BMP (*.bmp,*.dib,*.rle)|*.bmp;*.dib;*.rle";"BMP (*.bmp,*.dib,*.rle)|*.bmp;*.dib;*.rle";;
"00781B6D/230/0";"BMP (*.rle,*.dib,*.bmp)|*.rle;*.dib;*.bmp";"BMP (*.rle,*.dib,*.bmp)|*.rle;*.dib;*.bmp";;
"00781B6D/165/0";"CPDF Document (*.cpdf)|*.cpdf";"CPDF文档(*.cpdf)|*.cpdf";;
"00781B6D/166/0";"Word 97-2003 (*.doc)|*.doc";"Word 97-2003 (*.doc)|*.doc";;
"00781B6D/167/0";"Word Document (*.docx)|*.docx";"Word文档 (*.docx)|*.docx";;
"00781B6D/168/0";"HTML (*.htm,*.html)|*.htm;*.html";"HTML (*.htm;*.html)|*.htm;*.html";;
"00781B6D/169/0";"JPEG (*.jpg,*.jpeg,*.jpe,*.jif)|*.jpg;*.jpeg;*.jpe;*.jif";"JPEG (*.jpg,*.jpeg,*.jpe,*.jif)|*.jpg;*.jpeg;*.jpe;*.jif";;
"00781B6D/170/0";"JPEG2000 (*.jpf,*.jpx,*.jp2,*.j2k,*.jpc)|*.jpf;*.jpx;*.jp2;*.j2k;*.jpc";"JPEG2000 (*.jpf,*.jpx,*.jp2,*.j2k,*.jpc)|*.jpf;*.jpx;*.jp2;*.j2k;*.jpc";;
"00781B6D/232/0";"JPEG2000 (,*.jpc,*.j2k,*.jp2,*.jpx,*.jpf)|*.jpc;*.j2k;*.jp2;*.jpx;*.jpf";"JPEG2000 (,*.jpc,*.j2k,*.jp2,*.jpx,*.jpf)|*.jpc;*.j2k;*.jp2;*.jpx;*.jpf";;
"00781B6D/231/0";"JPEG (*.jif,*.jpe,*.jpeg,*.jpg)|*.jif;*.jpe;*.jpeg;*.jpg";"JPEG (*.jif,*.jpe,*.jpeg,*.jpg)|*.jif;*.jpe;*.jpeg;*.jpg";;
"00781B6D/245/0";"OFD (*.ofd)|*.ofd";"OFD (*.ofd)|*.ofd";;
"00781B6D/244/0";"PDF Document (*.pdf)|*.pdf";"PDF文档(*.pdf)|*.pdf";;
"00781B6D/171/0";"PNG (*.png)|*.png";"PNG (*.png)|*.png";;
"00781B6D/172/0";"PowerPoint (*.pptx)|*.pptx";"PowerPoint (*.pptx)|*.pptx";;
"00781B6D/173/0";"Rich Text Format (*.rtf)|*.rtf";"RTF格式(*.rtf)|*.rtf";;
"00781B6D/174/0";"TIFF (*.tif,*.tiff)|*.tif;*.tiff";"TIFF(*.tif,*.tiff)|*.tif;*.tiff";;
"00781B6D/233/0";"TIFF (*.tiff,*.tif)|*.tiff;*.tif";"TIFF (*.tiff,*.tif)|*.tiff;*.tif";;
"00781B6D/175/0";"TXT Files (*.txt)|*.txt";"TXT文件(*.txt)|*.txt";;
"00781B6D/176/0";"XML Spreadsheet 2003 (*.xml)|*.xml";"XML电子表格2003 (*.xml)|*.xml";;
"00781B6D/177/0";"Excel (*.xlsx)|*.xlsx";"Excel (*.xlsx)|*.xlsx";;
"00781B6D/178/0";"XML 1.0 (*.xml)|*.xml";"XML 1.0 (*.xml)|*.xml";;
"00781B6D/179/0";"XPS Document (*.xps,*.oxps)|*.xps;*.oxps";"XPS文档(*.xps,*.oxps)|*.xps;*.oxps";;
"00781B6D/180/0";"Use the Accessible\nText Document format ";"使用辅助\n文本文档格式 ";;
"00781B6D/181/0";"Use the BMP\nImage format";"使用BMP\n图片格式";;
"00781B6D/182/0";"Use the Excel\nDocument format";"使用Excel\n文档格式";;
"00781B6D/183/0";"Use the XML \nSpreadsheet 2003 Document format";"使用XML\n电子表格2003文档格式";;
"00781B6D/184/0";"Use the JPG\nImage format";"使用JPG\n图片格式";;
"00781B6D/185/0";"Use the JPG2000\nImage format";"使用JPG2000\n图片格式";;
"00781B6D/186/0";"Use the PNG\nImage format";"使用PNG\n图片格式";;
"00781B6D/187/0";"Use the PPT\nDocument format";"使用PPT\n文档格式";;
"00781B6D/188/0";"Use the Rich\nText Document format";"使用RTF\n文档格式";;
"00781B6D/189/0";"Use the Text\nDocument format";"使用纯文本\n文档格式";;
"00781B6D/190/0";"Use the TIFF\nImage format";"使用TIFF\n图片格式";;
"00781B6D/191/0";"Use the Word\nDocument format";"使用Word\n文档格式";;
"00781B6D/192/0";"Use the Word 97-2003\nDocument format";"使用Word 97-2003\n文档格式";;
"00781B6D/193/0";"Use the XML Document format";"使用XML\n文档格式";;
"00781B6D/194/0";"Use the XPS\nDocument format";"使用XPS\n文档格式";;
"00781B6D/226/0";"Export the document to HTML";"导出文档到 HTML";;
"00781B6D/195/0";"Image Types";"图像类型";;
"00781B6D/246/0";"Export the document to OFD";"导出文档到 OFD";;
"00781B6D/196/0";"Document File Types";"文档文件类型";;
"00781B6D/197/0";"Other type";"其它类型";;
"00781B6D/198/0";"The image is too wide to output. Please crop it or reduce resolution and try again.";"图像太宽而无法输出。请裁剪或降低分辨率，然后重试。";;
"00781B6D/199/0";"Failed to export to %ls format.";"无法导出为 %ls 格式。";;
"00781B6D/200/0";"Foxit PDF Editor is unable to export XML 1.0 for the following reason:\nThe document need to be made accessible, document permission does not allow modification.";"由于如下原因，福昕高级PDF编辑器不能导出XML 1.0格式：该文档需要添加辅助功能，但文档权限不允许修改。";;
"00781B6D/201/0";"There is no XPS Document Writer that could be found. Please confirm whether the XPS printer is installed.";"没有找到可用的XPS Document Writer。请确认是否安装了XPS打印机。";;
"00781B6D/202/0";"Failed to save as %s format. Please check.";"另存为%s格式失败，请检查。";;
"00781B6D/203/0";"The document could not be saved. The file may be read-only, or used by another application, \nplease save it with a different name or in a different folder.";"无法保存此文档。\n它可能是只读的，或者是正在被其它应用程序使用。\n请重命名文档或者在不同的文件夹下保存。";;
"00781B6D/239/0";"XML Spreadsheet";"XML电子表格";;
"00781B6D/204/0";"The original document will be changed into tagged PDF.";"原始文档将更改为加标签的PDF。";;
"00781B6D/205/0";"To use logical page number, enclose the page number in quotes. Example: &quot;A&quot;. If the logical page numbers include quote or backslash symbols, add a &apos;\\&apos; before the quote or backslash. Example, from page \\5 to page &quot;12&quot; : %ls";"使用逻辑页码，并用双引号将其框起来。 例如： &quot;A&quot;。如果逻辑页码中包含双引号或者反斜线符号，需要在双引号或者反斜线符号前添加&apos;\\&apos;。例如，从页面 \\5 到页面 &quot;12&quot;： %ls";;
"00781B6D/206/0";"There are more than one page that display the same page number you entered.";"有多个页面显示您输入的相同页码。";;
"00781B6D/207/0";"Sub";"向下";;
"00781B6D/208/0";"Export the document as images";"将该文件导出为图像";;
"00781B6D/209/0";"Export the document to image or other document format";"将文档导出为图片或者其它文件格式";;
"00781B6D/210/0";"Export each page as a BMP image without any compression";"将每一页导出为无压缩的BMP图像";;
"00781B6D/234/0";"Export each page as a JPEG2000 image with more features than older JPEG files";"将每个页面导出为JPEG2000图像，该图像具有比旧的JPEG文件更多的功能";;
"00781B6D/235/0";"Export each page as a JPG image using more compression for smaller file sizes";"将每个页面导出为JPG图像，使用更多压缩以获得更小的文件大小";;
"00781B6D/236/0";"Export each page as a PNG image using lossless compression and recommended for online use";"使用无损压缩将每个页面导出为PNG图像，建议在线使用";;
"00781B6D/237/0";"Export each page as a TIFF image using lossless compression and supporting several images in one file";"使用无损压缩将每个页面导出为TIFF图像，并支持在一个文件中包含多个图像";;
"00781B6D/247/0";"Do &amp;not show this message again";"不再显示该消息(&amp;N)";;
"00781B6D/211/0";"Up";"向上";;
"00781B6D/212/0";"No page is selected. Please select appropriate options.";"未选择任何页面。请选择合适的选项。";;
"00781B6D/213/0";"You do not have sufficient permissions to perform this task.";"您没有足够的权限来执行该操作。";;
"00781B6D/214/0";"&amp;Yes";"是(&amp;Y)";;
"00781B6D/227/0";"Export To Image";"导出为图片";;
"00781B6D/228/0";"Export To MS Office";"导出为 MS Office";;
"00781B6D/229/0";"Export To Other";"导出为其它格式";;
"00781B6D/248/0";"Conversion Completed.\nNot satisfied with the conversion? Click Feedback to share details and help us improve.";"转换完成。\n转换效果不理想？请点击“反馈”告诉我们具体问题，帮助我们改进。";;
"00781B6D/249/0";"Convert";"转换";;
"00781B6D/250/0";"Feedback";"反馈";;
"00781B6D/251/0";"Cancel";"取消";;
"00781B6D/252/0";"E&amp;xtract Table";"提取表格(&amp;X)";;
"0A825CB8/139/0";"Add Digital ID";"添加数字证书";;
"0A825CB8/140/0";"Where would you like to store your self-signed digital ID?";"您想要在何处存储您的自签名数字证书？";;
"0A825CB8/141/0";"New P&amp;KCS#12 digital ID file";"新建 PKCS#12数字证书文件(&amp;K)";;
"0A825CB8/142/0";"Creates a new password protected digital ID file that uses the standard PKCS#12 format. This common digital ID file format is supported by most security software applications, including major web browsers. PKCS#12 files have a .pfx or .p12 file extension.";"新建一个使用标准PKCS#12格式的密码保护的数字证书文件。这种常用的数字证书文件格式可被包含通用网络浏览器在内的大部分安全软件程序所支持。PKCS#12文件的扩展名为.pfx或.p12。";;
"0A825CB8/143/0";"&amp;Windows Certificate Store";"Windows证书存储中心(&amp;W)";;
"0A825CB8/144/0";"Your digital ID will be stored in the Windows Certificate Store where it will also be available to other Windows applications. The digital ID will be protected by your Windows login.";"您的数字证书将被存储在“Windows证书管理中心”，并可供其它Windows应用程序使用。数字证书受Windows登录机制的保护。";;
"0A825CB8/145/0";"&amp;Cancel";"取消(&amp;C)";;
"0A825CB8/146/0";"&amp;Back";"返回(&amp;B)";;
"0A825CB8/147/0";"&amp;Next";"下一步(&amp;N)";;
"0A825CB8/234/0";"TextLabel";"TextLabel";;
"0A825CB8/235/0";"Buy Now";"立即购买";;
"0A825CB8/236/0";"&amp;Cancel";"取消(&amp;C)";;
"0A825CB8/148/0";"Add Digital ID";"添加数字证书";;
"0A825CB8/149/0";"The following digital IDs will be added to your list of digital IDs that you can use for signing or encryption:";"如下数字证书将添加至您的数字证书列表，您可以使用它们进行签名或者加密。";;
"0A825CB8/150/0";"&amp;Cancel";"取消(&amp;C)";;
"0A825CB8/151/0";"Bac&amp;k";"返回(&amp;K)";;
"0A825CB8/152/0";"Fi&amp;nish";"结束(&amp;N)";;
"0A825CB8/75/0";"Output Options";"输出选项";;
"0A825CB8/76/0";"Target Folder";"目标文件夹";;
"0A825CB8/79/0";"&amp;Browse...";"浏览(&amp;B)...";;
"0A825CB8/77/0";"&amp;Same folder as originals";"与原始文件相同文件夹(&amp;S)";;
"0A825CB8/78/0";"Specific &amp;Folder";"指定文件夹(&amp;F)";;
"0A825CB8/80/0";"File Naming";"文件命名";;
"0A825CB8/82/0";"&amp;Add to original file names";"附加至原始文件名(&amp;A)";;
"0A825CB8/83/0";"&amp;Insert Before";"之前插入(&amp;I)";;
"0A825CB8/85/0";"I&amp;nsert After";"之后插入(&amp;N)";;
"0A825CB8/84/0";" +original file name+";" +原始文件名+";;
"0A825CB8/86/0";".pdf";".pdf";;
"0A825CB8/81/0";"&amp;Keep original file names";"保留原始文件名(&amp;K)";;
"0A825CB8/87/0";"O&amp;verwrite existing files";"覆盖已经存在的文件(&amp;V)";;
"0A825CB8/153/0";"Add Digital ID";"添加数字证书";;
"0A825CB8/154/0";"I want to sign this document using:";"我想要签署该文档，使用：";;
"0A825CB8/155/0";"&amp;My existing digital ID from a file";"已存在的来自文件的数字证书(&amp;M)";;
"0A825CB8/156/0";"&amp;A new digital ID I want to create now";"我想要现在创建一个新的数字证书(&amp;A)";;
"0A825CB8/157/0";"&amp;Cancel";"取消(&amp;C)";;
"0A825CB8/158/0";"&amp;Next";"下一步(&amp;N)";;
"0A825CB8/259/0";"Note:";"备注：";;
"0A825CB8/260/0";"1.";"1.";;
"0A825CB8/261/0";"The signed document contains Optional Content Groups (OCGs). Layer visibility settings may affect its appearance. Please verify that the displayed content matches either the view at signing or the expected view before proceeding.";"签名的文档包含可选内容组（OCGs）。图层可见性设置可能会影响其外观。在继续之前，请验证显示的内容是否与签名时的视图或预期的视图匹配。";;
"0A825CB8/262/0";"2.";"2.";;
"0A825CB8/263/0";"The data below may be altered without authorization. Please verify the data before signing.";"以下数据可能会在未经授权的情况下被更改。请核对数据后再签字。";;
"0A825CB8/264/0";"Don&apos;t show again";"不再显示";;
"0A825CB8/28/0";"Permission Settings";"权限设置";;
"0A825CB8/29/0";"&amp;Restrict printing and editing of the document and its security settings";"限制打印、编辑文档和权限设定(&amp;R)";;
"0A825CB8/30/0";"Permissions";"权限";;
"0A825CB8/31/0";"&amp;Printing Allowed:";"允许打印(&amp;P)：";;
"0A825CB8/32/0";"Chan&amp;ges Allowed:";"允许修改(&amp;G)：";;
"0A825CB8/33/0";"&amp;Enable copying of text, images, and other content";"启用文本、图像和其它内容的复制(&amp;E)";;
"0A825CB8/34/0";"Enable &amp;text access for screen reader devices for the visually impaired";"为视障人士启用屏幕阅读器设备的文本辅助工具(&amp;T)";;
"0A825CB8/159/0";"Warnings and Errors";"警告和错误";;
"0A825CB8/160/0";"Add Open Files";"添加打开的文件";;
"0A825CB8/161/0";"Output Options";"输出选项";;
"0A825CB8/162/0";"Target Folder";"目标文件夹";;
"0A825CB8/163/0";"&amp;The Same Folder Selected at Start";"启动时选择的文件夹(&amp;T)";;
"0A825CB8/164/0";"A &amp;Folder on My Computer";"本机上的文件夹(&amp;F)";;
"0A825CB8/165/0";"&amp;Browse...";"浏览(&amp;B)...";;
"0A825CB8/166/0";"File Naming";"文件命名";;
"0A825CB8/167/0";"&amp;Add to original file names:";"附加至原始文件名(&amp;A)：";;
"0A825CB8/168/0";"+original file name+";"+原始文件名+";;
"0A825CB8/169/0";"&amp;Keep original file names";"保留原始文件名(&amp;K)";;
"0A825CB8/170/0";"Insert After";"之后插入";;
"0A825CB8/171/0";".pdf";".pdf";;
"0A825CB8/172/0";"&amp;Replace file names with starting and ending Bates number (e.g.000100-000115.pdf)";"用开始与结束的贝茨数替换文件名 (e.g.000100-000115.pdf)(&amp;R)";;
"0A825CB8/173/0";"O&amp;verwrite existing files";"覆盖已经存在的文件(&amp;V)";;
"0A825CB8/174/0";"Insert Before";"之前插入";;
"0A825CB8/175/0";"&amp;Log File";"日志文件(&amp;L)";;
"0A825CB8/176/0";"&amp;Create log file";"创建日志文件(&amp;C)";;
"0A825CB8/177/0";"C&amp;hange log file location";"更改日志文件路径(&amp;H)";;
"0A825CB8/178/0";"Password";"密码";;
"0A825CB8/179/0";"This document is protected. Please enter a Permission Password.";"当前文档已被加密。请输入权限密码解密。";;
"0A825CB8/180/0";"Password:";"密码：";;
"0A825CB8/181/0";"Warnings";"警告";;
"0A825CB8/182/0";"OK";"确定";;
"0A825CB8/131/0";"Dialog";"Dialog";;
"0A825CB8/132/0";"Add &amp;files...";"添加文件(&amp;F)...";;
"0A825CB8/133/0";"placeholder";"placeholder";;
"0A825CB8/134/0";"Please remove problem files from the list.";"请从列表中移除有问题的文件。";;
"0A825CB8/135/0";"Remove unsupported file(s)";"移除未支持的文件";;
"0A825CB8/136/0";"Move &amp;up";"上移(&amp;U)";;
"0A825CB8/137/0";"Move &amp;down";"下移(&amp;D)";;
"0A825CB8/138/0";"&amp;Remove";"移除(&amp;R)";;
"0A825CB8/35/0";"Add Digital ID";"添加数字证书";;
"0A825CB8/36/0";"Enter your identity information to be used when generating the self-signed certificate.";"输入您在生成自签名数字证书时所要使用的身份信息。";;
"0A825CB8/37/0";"&amp;Name(e.g.John Smith):";"姓名(如史密斯)(&N)：";;
"0A825CB8/38/0";"Organizational &amp;Unit:";"组织单位(&amp;U)：";;
"0A825CB8/39/0";"&amp;Organization Name:";"组织名称(&amp;O)：";;
"0A825CB8/40/0";"&amp;Email Address:";"邮件地址(&amp;E)：";;
"0A825CB8/41/0";"Country/&amp;Region:";"国家/地区(&amp;R)：";;
"0A825CB8/42/0";"&amp;Key Algorithm:";"密钥算法(&K)：";;
"0A825CB8/43/0";"Use &amp;Digital ID for:";"证书用途(&amp;D)：";;
"0A825CB8/44/0";"&amp;Cancel";"取消(&amp;C)";;
"0A825CB8/45/0";"&amp;Back";"返回(&amp;B)";;
"0A825CB8/46/0";"Ne&amp;xt";"下一步(&amp;X)";;
"0A825CB8/47/0";"Add Digital ID";"添加数字证书";;
"0A825CB8/48/0";"Enter a file location and password for your new digital ID file. You will need the password when you use the digital ID to sign or decrypt documents. You should make a note of the file location so that you can copy this file for backup or other purposes.";"为您新建的数字证书输入文件路径以及密码。当您使用数字证书签名或者加密文档时，会用到该密码。您应该记下文件路径以便于对文件进行备份或者用于其它用途。 ";;
"0A825CB8/49/0";"&amp;File Name:";"文件名(&amp;N)：";;
"0A825CB8/50/0";"Bro&amp;wse...";"浏览(&amp;W)...";;
"0A825CB8/51/0";"&amp;Password:";"密码(&amp;P)：";;
"0A825CB8/52/0";"Confir&amp;m Password:";"确认密码(&amp;M)：";;
"0A825CB8/53/0";"&amp;Cancel";"取消(&amp;C)";;
"0A825CB8/54/0";"&amp;Back";"返回(&amp;B)";;
"0A825CB8/55/0";"Fi&amp;nish";"结束(&amp;N)";;
"0A825CB8/237/0";"Dialog";"Dialog";;
"0A825CB8/238/0";"&amp;Page:";"页面(&amp;P)：";;
"0A825CB8/239/0";"All pa&amp;ges";"全部页面(&amp;G)";;
"0A825CB8/240/0";"of";"/";;
"0A825CB8/241/0";"Sample:1,5-9,12";"范例：1,5-9,12";;
"0A825CB8/242/0";"Apply &amp;to:";"应用到(&amp;T)：";;
"0A825CB8/56/0";"Add Digital ID";"添加数字证书";;
"0A825CB8/57/0";"Browse for a digital ID file. Digital ID files are password protected and require your password in order to be opened.";"浏览且选择一个数字证书文件。数字证书文件受密码保护，需要您输入密码后才能打开。";;
"0A825CB8/58/0";"&amp;File Name:";"文件名(&amp;N)：";;
"0A825CB8/59/0";"Bro&amp;wse...";"浏览(&amp;W)...";;
"0A825CB8/60/0";"&amp;Password:";"密码(&amp;P)：";;
"0A825CB8/61/0";"&amp;Cancel";"取消(&amp;C)";;
"0A825CB8/62/0";"&amp;Back";"返回(&amp;B)";;
"0A825CB8/63/0";"Ne&amp;xt";"下一步(&amp;X)";;
"0A825CB8/245/0";"Preview";"预览";;
"0A825CB8/246/0";"Drag up/down to set the position of the seal";"可上/下拖拽骑缝章移位";;
"0A825CB8/247/0";"Appearance";"外观设置";;
"0A825CB8/248/0";"%";"%";;
"0A825CB8/255/0";"???????:";"首页骑缝章占比：";;
"0A825CB8/256/0";"???????????:";"每个骑缝章可加盖的页数：";;
"0A825CB8/257/0";"PushButton";"PushButton";;
"0A825CB8/243/0";"Select a signature";"选择签章";;
"0A825CB8/251/0";"Refresh Signature";"刷新签章";;
"0A825CB8/254/0";"The number of pages stamped with each page-crossing seal:";"每个骑缝章可加盖的页数：";;
"0A825CB8/249/0";"The proportion of the page-crossing seal on the first page:";"首页骑缝章占比：";;
"0A825CB8/258/0";"Page range:";"页面范围：";;
"002869F5/27/0";"This is a public entry file";"这是一个公共资源文件";;
"002869F5/28/0";"Copyright ? 2010-2026 Foxit Software Inc. All Rights Reserved.";"2010-2026 福昕软件 版权所有。";;
"002869F5/82/0";"table";"表";;
"002869F5/57/0";"Add Files...";"添加文件...";;
"002869F5/58/0";"Add Folder...";"添加文件夹...";;
"002869F5/59/0";"Add Open Files...";"添加打开的文件...";;
"002869F5/73/0";"Add Files";"添加文件";;
"002869F5/61/0";"There is file with same file name in this folder.|Document:|Command: Saving|Output:";"文件夹中已经存在一个同名文件。|文档：|命令：保存|输出：";;
"002869F5/74/0";"Document:/Command:/Output:";"文档：/命令：/输出：";;
"002869F5/75/0";"These selected settings will require overwriting existing files. Please allow this action or change to another option which will not require overwriting.";"这些选择的设置需要覆盖已经存在的文件。请允许这个行为，或者修改选项，不覆盖已经存在的文件。";;
"002869F5/76/0";"Select Folder for Output Files";"选择输出文件夹";;
"002869F5/77/0";"Did not save. Save would require overwriting existing file.";"没有保存。保存操作需要覆盖原先已经存在的文件。";;
"002869F5/78/0";"Saving";"正在保存";;
"002869F5/79/0";"The file may be read-only, or another user may have it open. Please save the document with a different name or in a different folder.";"文件只读，或者被其他用户打开。请选择不同文件名或文件夹保存文档。";;
"002869F5/60/0";"Please select a folder";"请选择一个文件夹";;
"002869F5/65/0";"&quot;%ls&quot; needs to be saved. \nDo you want to save changes and continue?";"“%ls” 需要保存。 \n您希望保存当前更改并继续吗？";;
"002869F5/89/0";"All pages in range";"范围内的所有页面";;
"002869F5/90/0";"Even pages only";"仅偶数页面";;
"002869F5/91/0";"Odd pages only";"仅奇数页面";;
"002869F5/70/0";"Please select the folder for output files.";"请为输出文件选择文件夹。";;
"002869F5/80/0";"File re-naming is not possible if you are outputting to an ECM (i.e. iManage, SharePoint, etc.)";"如果要输出到ECM（即iManage，SharePoint等），则无法重命名文件";;
"002869F5/71/0";"Please input a filename prefix or suffix.";"请输入一个文件名前缀或者后缀。";;
"002869F5/83/0";"Please enter a valid range.";"请输入一个有效范围。";;
"002869F5/72/0";"Current settings would require overwriting existing files. Please allow overwriting existing files,\nor change other settings so that overwriting is not necessary.";"当前的设置需要覆盖现有的文件。请允许覆盖现有文件，或更改其他设置，以便不需要覆盖。";;
"002869F5/88/0";"If you want to choose pages 3, 5 and 8, enter &quot;&quot;3,5,8&quot;&quot; in the text box. If you want to choose pages from 3 to 8, enter &quot;&quot;3-8&quot;&quot; in the text box.";"如果您想要选择第3，5，8页，在文本框中输入&quot;&quot;3,5,8&quot;&quot;。如果您想要选择第3页到第8页，在文本框中输入&quot;&quot;3-8&quot;&quot;。";;
"002869F5/87/0";"Page Range";"页面范围";;
"002869F5/29/0";"Disabling text access for screen reader devices for the visually impaired will make this document inaccessible to some disabled users and non-compliant with accessibility regulations such as US Government Section 508.";"禁用为视障人士启用屏幕阅读器设备的文本辅助工具将使得残障用户无法便利地使用该文档且不符合辅助功能法规，如美国政府部门的508法案。";;
"002869F5/92/0";"Calculating...";"正在计算...";;
"002869F5/30/0";"A digital ID file with the same name already exists. Would you like to replace the existing file?";"同名的数字证书文件已经存在。您是否想要替换已经存在的文件？ ";;
"002869F5/31/0";"Delete";"删除";;
"002869F5/32/0";"Digital ID Files";"数字证书文件";;
"002869F5/33/0";"None\\nInserting, deleting, and rotating pages\\nFilling in forms and signing existing signature fields\\nCommenting, filling form, signing existing signature fields\\nAny except extracting pages";"无\\n插入、删除、旋转页面\\n填写表单以及签署已经存在的签名域\\n注释、填写表单、签署已经存在的签名域\\n提取页面外的任何功能";;
"002869F5/34/0";"None\\nLow Resolution(150 dpi)\\nHigh Resolution";"无\\n低分辨率（150 dpi）\\n高分辨率";;
"002869F5/84/0";"There is no page numbered &apos;%s&apos; in this document.";"该文档中不存在页码为&quot;%s&quot;的页面。";;
"002869F5/35/0";"Expires";"过期";;
"002869F5/64/0";"Date";"日期";;
"002869F5/81/0";"File Name";"文件名";;
"002869F5/36/0";"Issuer";"颁发者";;
"002869F5/67/0";"Apple Keychain";"Apple Keychain";;
"002869F5/68/0";"Your digital ID will be stored in Apple Keychain where it will also be available to other applications.";"您的数字身份证将存储在Apple Keychain中，其他应用程序也可以使用它。";;
"002869F5/37/0";"Name";"名称";;
"002869F5/38/0";"The name you entered is too long. Please shorten it and try again.";"您输入的名称过长。请缩短后重试。 ";;
"002869F5/39/0";"Paste    Ctrl + V";"粘贴  Ctrl + V";;
"002869F5/69/0";"The digital ID cannot be saved. You don&apos;t currently have permission. Please save the digital ID with a different name or in a different folder.";"无法保存数字证书。您当前没有权限。请使用其他名称或其他文件夹保存证书。";;
"002869F5/93/0";"The page range should contain at least 2 pages.";"页面范围至少应该包含2页。";;
"002869F5/62/0";"The document could not be saved. The file may be read-only, or used by another application, please save it with a different name or in a different folder.";"无法保存此文档。它可能是只读的，或者是正在被其它应用程序使用。请重命名文档或者在不同的文件夹下保存。";;
"002869F5/40/0";"1024-bit RSA\\n2048-bit RSA";"1024位RSA\\n2048位RSA";;
"002869F5/41/0";"&lt;none&gt;\\n";"&lt;无&gt;\\n";;
"002869F5/42/0";"AD Andorra\\nAE United Arab Emirates\\nAF Afghanistan\\nAG Antigua and Barbuda\\nAI Anguilla\\nAL Albania\\nAM Armenia\\nAN Netherlands Antilles\\nAO Angola\\nAQ Antarctica\\nAR Argentina\\nAS American Samoa\\nAT Austria\\nAU Australia\\nAW Aruba\\nAX Aland\\nAZ Azerbaijan\\nBA Bosnia and Herzegovina\\nBB Barbados\\nBD Bangladesh\\nBE Belgium\\nBF Burkina Faso\\nBG Bulgaria\\nBH Bahrain\\nBI Burundi\\nBJ Benin\\nBM Bermuda\\nBN Brunei Darussalam\\nBO Bolivia\\nBR Brazil\\nBS Bahamas\\nBT Bhutan\\nBV Bouvet Island\\nBW Botswana\\nBY Belarus\\nBZ Belize\\nCA Canada\\nCC Cocos Island\\nCD Congo, the Democratic Republic of the\\nCF Central African Republic\\nCG Congo\\nCH Switzerland\\nCK Cook Islands\\nCL Chile\\nCM Cameroon\\nCN China\\nCO Colombia\\nCR Costa Rica\\nCS Serbia\\nCU Cuba\\nCX Christmas Island\\nCY Cyprus\\nCZ Czech Republic\\nDE Germany\\nDJ Djibouti\\nDK Denmark\\nDM Dominica\\nDO Dominican Republic\\nDZ Algeria\\nEC Ecuador\\nEE Estonia\\nEG Egypt\\nEH Western Sahara\\nER Eritrea\\nES Spain\\nET Ethiopia\\nFI Finland\\nFJ Fiji\\nFK Falkland Islands (Malvinas)\\n";"AD 安道尔\\nAE 阿拉伯联合酋长国\\nAF 阿富汗\\nAG 安提瓜和巴布达\\nAI 安圭拉\\nAL 阿尔巴尼亚\\nAM 亚美尼亚\\nAN 荷属安地列斯群岛\\nAO 安哥拉\\nAQ 南极洲\\nAR 阿根廷\\nAS 美属萨摩亚\\nAT 奥地利\\nAU 澳大利亚\\nAW 阿鲁巴\\nAX 奥兰\\nAZ 阿塞拜疆\\nBA 波斯尼亚及赫塞哥维纳\\nBB 巴巴多斯\\nBD 孟加拉国\\nBE 比利时\\nBF 布基纳法索\\nBG 保加利亚\\nBH 巴林\\nBI 布隆迪\\nBJ 贝宁\\nBM 百慕大\\nBN 文莱达鲁萨兰国\\nBO 玻利维亚\\nBR 巴西\\nBS 巴哈马\\nBT 不丹\\nBV 布维岛\\nBW 博茨瓦纳\\nBY 白俄罗斯\\nBZ 伯利兹\\nCA 加拿大\\nCC 科科斯群岛\\nCD 刚果民主共和国\\nCF 中非共和国\\nCG 刚果\\nCH 瑞士\\nCI 科特迪瓦\\nCK 库克群岛\\nCL 智利\\nCM 喀麦隆\\nCN 中国\\nCO 哥伦比亚\\nCR 哥斯达黎加\\nCS 塞尔维亚\\nCU 古巴\\nCV 佛得角\\nCX 圣诞岛\\nCY 塞浦路斯\\nCZ 捷克共和国\\nDE 德国\\nDJ 吉布提\\nDK 丹麦\\nDM 多米尼克\\nDO 多米尼加共和国\\nDZ 阿尔及利亚\\nEC 厄瓜多尔\\nEE 爱沙尼亚\\nEG 埃及\\nEH 西撒哈拉\\nER 厄立特里亚\\nES 西班牙\\nET 埃塞俄比亚\\nFI 芬兰\\nFJ 斐济\\nFK 福克兰群岛 (马尔维纳斯群岛)\\n\n";;
"002869F5/43/0";"FM Federated States of Micronesia\\nFO Faroe Islands\\nFR France\\nGA Gabon\\nGB United Kingdom\\nGD Grenada\\nGE Georgia\\nGF French Guiana\\nGH Ghana\\nGI Gibraltar\\nGL Greenland\\nGM Gambia\\nGN Guinea\\nGP Guadeloupe\\nGQ Equatorial Guinea\\nGR Greece\\nGS South Georgia and the South Sandwich Islands\\nGT Guatemala\\nGU Guam\\nGW Guinea-Bissau\\nGY Guyana\\nHK Hong Kong\\nHM Heard Island and McDonald Islands\\nHN Honduras\\nHR Croatia\\nHT Haiti\\nHU Hungary\\nID Indonesia\\nIE Ireland\\nIL Israel\\nIN India\\nIO British Indian Ocean Territory\\nIQ Iraq\\nIR Iran, Islamic Republic Of\\nIS Iceland\\nIT Italy\\nJM Jamaica\\nJO Jordan\\nJP Japan\\nKE Kenya\\nKG Kyrgyzstan\\nKH Cambodia\\nKI Kiribati\\nKM Comoros\\nKN Saint Kitts and Nevis\\nKP Korea, Democratic People&apos;s Republic of\\nKR Korea, Republic of\\nKW Kuwait\\nKY Cayman Islands\\nKZ Kazakhstan\\nLA Laos People&apos;s Democratic Republic\\nLB Lebanon\\nLC Saint Lucia\\nLI Liechtenstein\\nLK Sri Lanka\\nLR Liberia\\nLS Lesotho\\nLT Lithuania\\nLU Luxembourg\\nLV Latvia\\nLY Libya Arab Jamahiria\\nMA Morocco\\n";"FM 密克罗尼西亚联邦\\nFO 法罗群岛\\nFR 法国\\nGA 加蓬\\nGB 大不列颠及北爱尔兰联合王国\\nGD 格林纳达\\nGE 格鲁吉亚\\nGF 法属圭亚那\\nGH 加纳\\nGI 直布罗陀\\nGL 格陵兰\\nGM 冈比亚\\nGN 几内亚\\nGP 瓜德罗普岛\\nGQ 赤道几内亚\\nGR 希腊\\nGS 南格鲁吉亚和南桑威奇群岛\\nGT 危地马拉\\nGU 关岛\\nGW 几内亚比绍\\nGY 圭亚那\\nHK 香港\\nHM 赫德岛和麦克唐纳群岛\\nHN 洪都拉斯\\nHR 克罗地亚\\nHT 海地\\nHU 匈牙利\\nID 印度尼西亚\\nIE 爱尔兰\\nIL 以色列\\nIN 印度\\nIO 英属印度洋领地\\nIQ 伊拉克\\nIR 伊朗，伊斯兰共和国\\nIS 冰岛\\nIT 意大利\\nJM 牙买加\\nJO 约旦\\nJP 日本\\nKE 肯尼亚\\nKG 吉尔吉斯斯坦\\nKH 柬埔寨\\nKI 基里巴斯\\nKM 科摩罗\\nKN 圣基茨和尼维斯\\nKP 朝鲜民主主义人民共和国\\nKR 朝鲜共和国\\nKW 科威特\\nKY 开曼群岛\\nKZ 哈萨克斯坦\\nLA 老挝人民民主共和国\\nLB 黎巴嫩\\nLC 圣卢西亚\\nLI 列支敦士登\\nLK 斯里兰卡\\nLR 利比里亚\\nLS 莱索托\\nLT 立陶宛\\nLU 卢森堡\\nLV 拉脱维亚\\nLY 利比亚\\nMA 摩洛哥\\n";;
"002869F5/44/0";"MC Monaco\\nMD Moldova, Republic of\\nMG Madagascar\\nMH Marshall Islands\\nMK Macedonia, The Former Yugoslavian Republic\\nML Mali\\nMM Myanmar\\nMN Mongolia\\nMO Macao\\nMP Northern Marianna Islands\\nMQ Martinique\\nMR Mauritania\\nMS Montserrat\\nMT Malta\\nMU Mauritius\\nMV Maldives\\nMW Malawi\\nMX Mexico\\nMY Malaysia\\nMZ Mozambique\\nNA Namibia\\nNC New Caledonia\\nNE Niger\\nNF Norfolk Islands\\nNG Nigeria\\nNI Nicaragua\\nNL Netherlands\\nNO Norway\\nNP Nepal\\nNR Nauru\\nNU Niue\\nNZ New Zealand\\nOM Oman\\nPA Panama\\nPE Peru\\nPF French Polynesia\\nPG Papua New Guinea\\nPH Philippines\\nPK Pakistan\\nPL Poland\\nPM Saint Pierre and Miquelon\\nPN Pitcairn\\nPR Puerto Rico\\nPS Palestinian Territory, Occupied\\nPT Portugal\\nPW Palau\\nPY Paraguay\\nQA Qatar\\nRE Reunion\\nRO Romania\\nRU Russian Federation\\nRW Rwanda\\nSA Saudi Arabia\\nSB Solomon Islands\\nSC Seychelles\\nSD Sudan\\nSE Sweden\\nSG Singapore\\nSH Saint Helena\\nSI Slovenia\\nSJ Svalbard And Jan Mayen\\nSK Slovakia\\nSL Sierra Leone\\nSM San Marino\\nSN Senegal\\nSO Somalia\\nSR Suriname\\n";"MC 摩纳哥\\nMD 摩尔多瓦共和国\\nMG 马达加斯加\\nMH 马绍尔群岛\\nMK 马其顿，前南斯拉夫共和国\\nML 马里\\nMM 缅甸\\nMN 蒙古\\nMO 澳门\\nMP 北马里亚纳群岛\\nMQ 马提尼克岛\\nMR 毛里塔尼亚\\nMS 蒙特塞拉特\\nMT 马耳他\\nMU 毛里求斯\\nMV 马尔代夫\\nMW 马拉维\\nMX 墨西哥\\nMY 马来西亚\\nMZ 莫桑比克\\nNA 纳米比亚\\nNC 新喀里多尼亚\\nNE 尼日尔\\nNF 诺福克群岛\\nNG 尼日利亚\\nNI 尼加拉瓜\\nNL 荷兰\\nNO 挪威\\nNP 尼泊尔\\nNR 瑙鲁\\nNU 纽埃\\nNZ 新西兰\\nOM 阿曼\\nPA 巴拿马\\nPE 秘鲁\\nPF 法属波利尼西亚\\nPG 巴布亚新几内亚\\nPH 菲律宾\\nPK 巴基斯坦\\nPL 波兰\\nPM 圣皮埃尔和密克隆群岛\\nPN 皮特凯恩\\nPR 波多黎各\\nPS 巴勒斯坦占领区\\nPT 葡萄牙\\nPW 帕劳\\nPY 巴拉圭\\nQA 卡塔尔\\nRE 留尼汪岛\\nRO 罗马尼亚\\nRU 俄罗斯联邦\\nRW 卢旺达\\nSA 沙特阿拉伯\\nSB 所罗门群岛\\nSC 塞舌尔\\nSD 苏丹\\nSE 瑞典\\nSG 新加坡\\nSH 圣赫勒拿\\nSI 斯洛文尼亚\\nSJ 斯瓦尔巴和扬马延岛\\nSK 斯洛伐克\\nSL 塞拉利昂\\nSM 圣马力诺\\nSN 塞内加尔\\nSO索马里\\nSR 苏里南\\n\n";;
"002869F5/45/0";"ST Sao Tome and Principe\\nSV El Salvador\\nSY Syrian Arab Republic\\nSZ Swaziland\\nTC Turks And Caicos Islands\\nTD Chad\\nTF French Southern Territories\\nTG Togo\\nTH Thailand\\nTJ Tajikistan\\nTK Tokelau\\nTL Timor-Leste\\nTM Turkmenistan\\nTN Tunisia\\nTO Tonga\\nTP East Timor\\nTR Turkey\\nTT Trinidad And Tobago\\nTV Tuvalu\\nTW Taiwan\\nTZ Tanzania, United Republic Of\\nUA Ukraine\\nUG Uganda\\nUK United Kingdom\\nUM United States Minor Outlying Islands\\nUS United States\\nUY Uruguay\\nUZ Uzbekistan\\nVA Vatican\\nVC Saint Vincent And The Grenadines\\nVE Venezuela\\nVG Virgin Islands, British\\nVI Virgin Islands, U.S.\\nVN Vietnam\\nVU Vanuatu\\nWF Wallis And Futuna\\nWS Samoa\\nYE Yemen\\nYT Mayotte\\nZA South Africa\\nZM Zambia\\nZW Zimbabwe";"ST 圣多美和普林西比\\nSV 萨尔瓦多\\nSY 阿拉伯叙利亚共和国\\nSZ 斯威士兰\\nTC 特克斯和凯科斯群岛\\nTD 乍得\\nTF 法国南部领土\\nTG 多哥\\nTH 泰国\\nTJ 塔吉克斯坦\\nTK 托克劳\\nTL 东帝汶\\nTM 土库曼斯坦\\nTN 突尼斯\\nTO 汤加\\nTP 东帝汶\\nTR 土耳其\\nTT 特立尼达和多巴哥\\nTV 图瓦卢\\nTW 台湾\\nTZ 坦桑尼亚联合共和国\\nUA 乌克兰\\nUG 乌干达\\nUK 英国\\nUM 美国小奥特兰群岛\\nUS 美国\\nUY 乌拉圭\\nUZ 乌兹别克斯坦\\nVA 梵蒂冈\\nVC 圣文森特和格林纳丁斯\\nVE 委内瑞拉\\nVG 英属维尔京群岛\\nVI 美属维尔京群岛\\nVN 越南\\nVU 瓦努阿图\\nWF 瓦利斯群岛和富图纳群岛\\nWS 萨摩亚\\nYE 也门\\nYT 马约特岛\\nZA 南非\\nZM 赞比亚\\nZW 津巴布韦";;
"002869F5/46/0";"Finish";"完成";;
"002869F5/47/0";"File name may not be empty.";"文件名不能为空。";;
"002869F5/48/0";"File does not exist.";"文件不存在。";;
"002869F5/49/0";"A name is required to create a self-signed digital ID.";"创建自签名数字证书需要输入名称。";;
"002869F5/50/0";"Password must be at least six characters long.";"密码必须至少包含6个字符。";;
"002869F5/51/0";"The file or password is invalid.";"文件或者密码不合法。";;
"002869F5/52/0";"Password does not match.";"密码不匹配。";;
"002869F5/53/0";"Enter a password to open the digital ID file.";"输入密码以打开该数字证书文件。";;
"002869F5/54/0";"Digital Signatures\\nData Encryption\\nDigital Signatures and Data Encryption";"数字签名\\n数据加密\\n数字签名与数据加密";;
"002869F5/86/0";"To use logical page number, enclose the page number in quotes. Example: &quot;A&quot;. If the logical page numbers include quote or backslash symbols, add a &apos;\\&apos; before the quote or backslash. Example, from page \\5 to page &quot;12&quot; : ";"使用逻辑页码，并用双引号将其框起来。 例如：&quot;A&quot;。如果逻辑页码中包含双引号或者反斜线符号，需要在双引号或者反斜线符号前添加&apos;\\&apos;。例如，从页面\\5到页面&quot;12&quot;： ";;
"002869F5/66/0";"Total %d Files";"共 %d 个文件";;
"002869F5/85/0";"There are more than one page that display the same page number you entered.";"有多个页面显示您输入的相同页码。";;
"002869F5/95/0";"The specified path for the template could not be found. Please check the path and try again.";"找不到模板的指定路径。请检查路径，然后重试。";;
"002869F5/96/0";"The administrator has updated some new templates.\nHere are the details:";"管理员更新了一些新模板。\n详情如下：";;
"002869F5/97/0";"No new templates are available.";"没有可用的新模板。";;
"002869F5/55/0";"Please enter a valid email address.";"请输入有效的电子邮箱地址。";;
"002869F5/56/0";"Do &amp;not show this message again";"不再显示该消息(&amp;N)";;
"002869F5/94/0";"No page is selected. Please select appropriate options.";"未选择任何页面。请选择合适的选项。";;
"002869F5/98/0";"Sign";"签名";;
"002869F5/99/0";"Type";"类型";;
"002869F5/100/0";"Operation";"操作";;
"002869F5/101/0";"Trigger Event";"触发事件";;
"0C8050EB/1/0";"please add file description ";"请添加文件描述";;
"0C8050EB/2/0";"Copyright ? 2010-2026 Foxit Software Inc. All Rights Reserved.";"2010-2026 福昕软件 版权所有。";;
"0C8050EB/3/0";"Cancel";"取消";;
"0C8050EB/4/0";"OK";"确定";;
"0C8050EB/5/0";"&amp;Reset";"重置(&amp;R)";;
"0C8050EB/6/0";"Batch Redact";"批量密文";;
"0C8050EB/7/0";"Convert";"转换";;
"0C8050EB/8/0";"Current File";"当前文件";;
"0C8050EB/9/0";"Generating output";"生成输出";;
"0C8050EB/10/0";"Home";"主页";;
"0C8050EB/11/0";"Multiple Files";"多个文件";;
"0C8050EB/12/0";"Foxit Smart Redact requires a separate subscription. Please register or log in with your Foxit Account to continue.";"福昕智能密文需要单独订阅。请注册或者登录您的福昕账户后继续。";;
"0C8050EB/13/0";"Please select the folder for output files.";"请为输出文件选择文件夹。";;
"0C8050EB/14/0";"Is it time-consuming to mark for redaction one by one? Foxit Smart Redact makes it quick and easy to remove sensitive information. You can find it under &quot;Protect-&gt;Smart Redact&quot;.";"逐条密文处理耗时吗?福昕智能密文使它可以快速并轻松地删除敏感信息。您可以在“保护-&gt;批量密文”下找到它。";;
"0C8050EB/15/0";"File ";"文件";;
"0C8050EB/16/0";"PDF Files";"PDF文件";;
"0C8050EB/17/0";"Please input a filename prefix or suffix.";"请输入一个文件名前缀或者后缀。";;
"0C8050EB/18/0";"Select folder for Output files";"选择输出文件夹";;
"0C8050EB/19/0";"Get Started";"开始";;
"0C8050EB/20/0";"Add Files...";"添加文件...";;
"0C8050EB/21/0";"Add Folders...";"添加文件夹...";;
"0C8050EB/22/0";"Add Open Files...";"添加打开的文件...";;
"0C8050EB/23/0";"Not now";"以后再说";;
"0C8050EB/24/0";" of ";" / ";;
"0C8050EB/25/0";"Current settings would require overwriting existing files. Please allow overwriting existing files,\nor change other settings so that overwriting is not necessary.";"当前的设置需要覆盖现有的文件。请允许覆盖现有文件，或更改其他设置，以便不需要覆盖。";;
"0C8050EB/26/0";"Close";"关闭";;
"0C8050EB/27/0";"Processing...";"正在处理...";;
"0C8050EB/28/0";"You do not have access rights to this encrypted document.";"您没有权限访问该加密文件。";;
"0C8050EB/29/0";"Warnings/Error";"警告/错误";;
"0C8050EB/30/0";"Please remove problem files from the list.";"请从列表中移除有问题的文件。";;
"0C8050EB/31/0";"Invalid password. Please input again.";"密码错误。请重新输入。";;
"0C8050EB/32/0";"Location";"位置";;
"0C8050EB/33/0";"Modified";"修改时间";;
"0C8050EB/34/0";"Name";"名称";;
"0C8050EB/35/0";"Size";"大小";;
"0C8050EB/36/0";"All PDF files under the selected folder and subfolders will be added.";"该文件夹及其子文件夹中所有PDF文件将都被添加到列表中。";;
"0C8050EB/37/0";"Format error: Not a PDF or corrupted.";"格式错误：不是一个PDF文件或该文件已损坏。";;
"0C8050EB/38/0";"Do &amp;not show this message again";"不再显示该消息(&amp;N)";;
"0C8050EB/39/0";"There was an error opening this document. This file is damaged and could not be repaired.";"打开文件时出现错误，该文件已被破坏且无法被修复。";;
"0C8050EB/40/0";"This file is not saved.";"该文件没有保存。";;
"0C8050EB/41/0";"The file &quot;&quot;%ls&quot;&quot; is protected. Please enter a Permission Password.";"“%ls”是一个受保护的文档。请输入权限密码。";;
"0C8050EB/42/0";"Failed to parse the file.";"无法解析文档。";;
"0C8050EB/43/0";"The file &quot;&quot;%ls&quot;&quot; is protected. Please enter a Document Open Password.";"“%ls”是一个受保护的文档。请输入文档打开密码。";;
"0C8050EB/44/0";"File needs permission to run Batch Redaction.";"文件需要运行批量密文的权限。";;
"0C8050EB/45/0";"This file is protected.";"该文件受保护。";;
"0C8050EB/46/0";"Adobe XML forms cannot be processed by Batch Redaction.";"批量密文无法处理Adobe XML表单。";;
"0C8050EB/47/0";"Supported files";"支持的文件";;
"0C8050EB/48/0";"_ai";"_AI";;
"00C60EA1/5/0";"TextLabel";"TextLabel";;
"00C60EA1/18/0";"Foxit eSign";"福昕电子签章";;
"00C60EA1/19/0";"Please wait while getting signatures from the server";"正在从服务器获取签名，请等待。";;
"00C60EA1/20/0";"Options";"选项";;
"00C60EA1/21/0";"&amp;Convert signature to black &amp;&amp; white";"将签名转换为黑白色(&amp;C)";;
"00C60EA1/22/0";"&amp;Keep original size";"保留原始大小(&amp;K)";;
"00C60EA1/23/0";"Disc&amp;ard this signature when program closes";"程序关闭时废弃签名(&amp;A)";;
"00C60EA1/25/0";"&amp;Require password to use this signature";"使用该签名需要密码(&amp;R)";;
"00C60EA1/26/0";"&amp;Password";"密码(&amp;P)";;
"00C60EA1/27/0";"Con&amp;firm Password";"确认密码(&amp;F)";;
"00C60EA1/28/0";"OK";"确定";;
"00C60EA1/29/0";"Cancel";"取消";;
"00C60EA1/30/0";"Signature";"签名";;
"00C60EA1/31/0";"Select a page you preferred from the document as your Signature";"从文档中选择一个页面作为您的签名";;
"00C60EA1/32/0";"Sample";"范例";;
"00C60EA1/33/0";"TextLabel";"TextLabel";;
"00C60EA1/34/0";"Ink Sign";"手写签名";;
"00C60EA1/35/0";"&amp;Flatten the document when applying all signatures";"当应用所有签名时，对文档执行扁平化(&amp;F)";;
"00C60EA1/38/0";"Password";"密码";;
"00C60EA1/40/0";"Open password:";"打开密码：";;
"00C60EA1/39/0";"Usage of signature profile is protected and cannot be applied without providing the correct password.";"签名使用受保护，没有正确的密码无法应用签名。";;
"00C60EA1/66/0";"OK";"确定";;
"00C60EA1/67/0";"Cancel";"取消";;
"00C60EA1/42/0";"TextLabel";"TextLabel";;
"00C60EA1/41/0";"Signature";"签名";;
"00C60EA1/43/0";"Manage Signatures";"管理签名";;
"00C60EA1/44/0";"All styles";"全部类型";;
"00C60EA1/45/0";"Signature";"签名";;
"00C60EA1/60/0";"&amp;Add";"添加(&amp;A)";;
"00C60EA1/47/0";"Create Signature";"创建签名";;
"00C60EA1/61/0";"Save &amp;online";"在线保存(&amp;O)";;
"00C60EA1/62/0";"Move &amp;up";"上移(&amp;U)";;
"00C60EA1/63/0";"Move &amp;down";"下移(&amp;D)";;
"00C60EA1/64/0";"&amp;OK";"确定(&amp;O)";;
"00C60EA1/65/0";"&amp;Close";"关闭(&amp;C)";;
"00C60EA1/50/0";"Edit Signature";"编辑签名";;
"00C60EA1/68/0";"&amp;Type";"输入(&amp;T)";;
"00C60EA1/69/0";"&amp;Draw";"绘制(&amp;D)";;
"00C60EA1/70/0";"&amp;Import";"导入(&amp;I)";;
"00C60EA1/71/0";"&amp;Paste";"粘贴(&amp;P)";;
"00C60EA1/72/0";"&amp;Online";"在线(&amp;O)";;
"00C60EA1/73/0";"Optio&amp;ns";"选项(&amp;N)";;
"00C60EA1/74/0";"O&amp;K";"确定(&amp;K)";;
"00C60EA1/75/0";"&amp;Cancel";"取消(&amp;C)";;
"00C47C36/1/0";"The InkSign plugin is used to fill out the flat form or sign the document.";"InkSign插件用于填写平面表格或在文档上签名。";;
"00C47C36/2/0";"Copyright ? 2022-2026 Foxit Software Inc. All Rights Reserved.";"2022-2026 福昕软件 版权所有。";;
"00C47C36/3/0";"&amp;Cancel";"取消(&amp;C)";;
"00C47C36/4/0";"&amp;OK";"确定(&amp;O)";;
"00C47C36/6/0";"Apply all signatures to documents";"将全部签名应用到文档";;
"00C47C36/7/0";"Apply All Signatures";"应用所有签名";;
"00C47C36/9/0";"Modify Signature style";"修改签名样式";;
"00C47C36/10/0";"Manage Signatures";"管理签名";;
"00C47C36/12/0";"All Supported Files|*.pdf; *.bmp; *.gif; *.jpg; *.jpeg; *.jpe; *.png; *.tif; *.tiff|PDF Files(*.pdf)|*.pdf|Image Files(*.bmp; *.gif;  *.jpg; *.jpeg; *.jpe; *.png; *.tif; *.tiff)|*.bmp; *.gif; *.jpg; *.jpeg; *.jpe; *.png; *.tif; *.tiff||";"所有可支持的文件|*.pdf; *.bmp; *.gif; *.jpg; *.jpeg; *.jpe; *.png; *.tif; *.tiff|PDF文件(*.pdf)|*.pdf|图像文件(*.bmp; *.gif;  *.jpg; *.jpeg; *.jpe; *.png; *.tif; *.tiff)|*.bmp; *.gif; *.jpg; *.jpeg; *.jpe; *.png; *.tif; *.tiff||";;
"00C47C36/112/0";"Apply Signature";"应用签名";;
"00C47C36/125/0";"Select Yes to apply the Page-crossing Seal. This operation cannot be undone. Do you want to proceed?";"选择“是”以应用骑缝章。该操作无法撤销。您是否想要继续？";;
"00C47C36/119/0";"&amp;Add";"添加(&amp;A)";;
"00C47C36/121/0";"A seal crosses the edges of the pages in the document to keep its integrality.";"在文件的页边盖上印章以保持文件的完整性。";;
"00C47C36/120/0";"Page-crossing seal";"骑缝章";;
"00C47C36/124/0";"Don&apos;t show again";"不再显示";;
"00C47C36/123/0";"Please choose the signature you want to sign.";"请选择您想要签署的签章。";;
"00C47C36/13/0";"PDF Sign";"PDF签名";;
"00C47C36/113/0";"If checked, selected sign can be used continuously after each use";"如勾选，选定的标志可在每次使用后连续使用";;
"00C47C36/114/0";"Keep Tool Selected";"保持工具选择";;
"00C47C36/16/0";"This file is a PDF Portfolio, please select a single PDF to continue.";"该文件是个文件包，请选择一个单独的PDF文件后继续。";;
"00C47C36/127/0";"Page %d%[1] / %d%[2]:";"页面 %d%[1] / %d%[2]：";;
"00C47C36/19/0";"Flattening Pages...";"扁平化页面...";;
"00C47C36/20/0";"Stamp";"图章";;
"00C47C36/21/0";"The eSign signature process has already started, please complete it before using this feature.";"电子签章流程已经启动了，在使用此功能前请先完成它。";;
"00C47C36/24/0";"Change Style";"更改类型";;
"00C47C36/25/0";"The Clipboard is empty.";"剪贴板为空。";;
"00C47C36/26/0";"Create Signature";"创建签名";;
"00C47C36/27/0";"Delete";"删除";;
"00C47C36/29/0";"Apply All";"应用所有签名";;
"00C47C36/30/0";"Apply all signatures will flatten the whole document. This will embed all signatures, form fields, and other annotations into the document. You can change this setting in Preferences -&gt; PDF Sign.";"应用所有签名将会对整个文档执行扁平化。这将使得所有签名、文本对象和其它标注被嵌入到文档中，您可以在“偏好设置-&gt;PDF签名”位置更改设置。";;
"00C47C36/31/0";"Change Setting";"更改设置";;
"00C47C36/32/0";"Continue Applying";"继续应用";;
"00C47C36/33/0";"Discard";"放弃";;
"00C47C36/34/0";"There are signatures that have not been applied. What do you want to do with them?";"尚有签名未被应用。您想要如何操作？";;
"00C47C36/35/0";"Try again";"重试";;
"00C47C36/36/0";"Failed to upload the signed document. Do you want to try again? Please note that the signature will be invalid if you click &quot;Cancel&quot;.";"无法上传签名后的文档。您是否想要重试？请注意如果您点击“取消”，签名将不会生效。";;
"00C47C36/39/0";"Draw signature";"绘制签名";;
"00C47C36/40/0";"Edit";"编辑";;
"00C47C36/41/0";"Edit Signature";"编辑签名";;
"00C47C36/42/0";"The type of file you have selected is not supported. Please select another file.";"不支持你选择的这种类型的文件，请选择其它文件。";;
"00C47C36/44/0";"Full Name";"全名";;
"00C47C36/47/0";"Upload Signature";"上传签名";;
"00C47C36/48/0";"Initial";"初始";;
"00C47C36/49/0";"Ink Sign";"手写签名";;
"00C47C36/52/0";"The signature needs to be created at first.";"首先需要创建签名。";;
"00C47C36/54/0";"The image is not a supported format.";"不支持这种图片格式";;
"00C47C36/55/0";"Download Initials";"下载缩写";;
"00C47C36/56/0";"Download Signature";"下载签名";;
"00C47C36/57/0";"Paste";"粘贴";;
"00C47C36/59/0";"Snapshot a signature and paste";"截图签名并粘贴";;
"00C47C36/60/0";"An incorrect password was provided for fill&amp;&amp;sign profile. Please check the password and try again.";"您为填写&amp;&amp;签名文件提供了一个错误的密码。\n请检查密码后重试。";;
"00C47C36/61/0";"Do you want to remove the signature?";"您是否想要移除该签名？";;
"00C47C36/62/0";"Replace";"替换";;
"00C47C36/69/0";"Please click &quot;Apply all signatures&quot; to complete the signing process.";"请点击“应用所有签名”以完成签名过程。";;
"00C47C36/71/0";"Please type your signature";"请输入您的签名";;
"00C47C36/72/0";"Please type your initials";"请输入您的缩写";;
"00C47C36/74/0";"Ink signature is not supported in the signed document.";"签名文档不支持手写签名。";;
"00C47C36/78/0";"Please make sure that the passwords match and are not empty.";"请确认密码是匹配的且非空。";;
"00C47C36/80/0";"Signature List";"签名列表";;
"00C47C36/81/0";"When you save a form with a signature or initials you will no longer be able to edit the existing form fields.";"当您保存了一份包含签名或者缩写的表单后，您将不再可以编辑已存在的表单域。";;
"00C47C36/86/0";"Preferences";"偏好设置";;
"00C47C36/117/0";"Signature";"签名";;
"00C47C36/116/0";"All Fonts";"全部字体";;
"00C47C36/115/0";"Recommended Fonts";"建议的字体";;
"00C47C36/118/0";"Switch color";"切换颜色";;
"00C47C36/87/0";"The current document is protected, you can not create signatures.";"当前文档被保护，您不能创建签名。";;
"00C47C36/111/0";"Online Signature";"在线签名";;
"00C47C36/92/0";"Properties";"属性";;
"00C47C36/93/0";"Sign";"签名";;
"00C47C36/97/0";"All signatures, form fields, and other annotations will be embedded into the document. This operation cannot be undone. Do you want to proceed?";"所有签名、文本对象和其它标注将会被嵌入到文档中。该操作无法被撤销。您是否想要继续？";;
"00C47C36/98/0";"Download failed.";"下载失败。";;
"00C47C36/109/0";"Loading...";"正在加载...";;
"00C47C36/110/0";"Set Current Size as Default";"设置当前大小为默认";;
"00C47C36/99/0";"Failed to upload signature to cloud, please try again.";"无法将签名上传到云端，请重试。";;
"00C47C36/100/0";"Upload signature to cloud successfully.";"已成功将签名上传到云端。";;
"00C47C36/101/0";"The default signature style has been changed, it is suggested to apply the existing signatures on your PDF before placing a new signature in new signature style. Do you want to apply the existing signatures?";"默认签名样式已更改，建议在以新签名样式放置新签名之前，先在PDF文档上应用现有签名。您想应用现有的签名吗？";;
"00C47C36/102/0";"This will embed all signatures, form fields, and other annotations into the document.";"这将使得所有签名、文本对象和其它标注对象被嵌入到文档中。";;
"00C47C36/103/0";"%d%[1] out of %d%[2] images";"第%d%[1] 个，共 %d%[2]个图像";;
"00C47C36/104/0";"Create &apos;%ls&apos;";"创建“%ls”";;
"00C47C36/105/0";"Move &apos;%ls&apos;";"移动“%ls”";;
"00C47C36/107/0";"Updating data";"正在更新数据";;
"09FB4234/1/0";"Import as Layer";"导入为图层";;
"09FB4234/2/0";"Source";"来源";;
"09FB4234/3/0";"File:";"文件：";;
"09FB4234/4/0";"Browse...";"浏览...";;
"09FB4234/5/0";"Page number:";"页数：";;
"09FB4234/6/0";"Import Options";"导入选项";;
"09FB4234/7/0";"Create new layer";"创建新图层";;
"09FB4234/8/0";"Add to group:";"添加到组：";;
"09FB4234/9/0";"Copy layers from source";"从源复制图层";;
"09FB4234/10/0";"Add to existing layer";"添加到现有图层";;
"09FB4234/11/0";"Position";"位置";;
"09FB4234/15/0";"Rotation:";"旋转角度：";;
"09FB4234/14/0";"Scale:";"比例：";;
"09FB4234/12/0";"%";"%";;
"09FB4234/13/0";"?";"°";;
"09FB4234/16/0";"Vertical:";"纵向：";;
"09FB4234/17/0";"from";"从";;
"09FB4234/18/0";"Horizontal:";"横向：";;
"09FB4234/19/0";"Appearance";"外观";;
"09FB4234/21/0";"Opacity:";"不透明度：";;
"09FB4234/20/0";"Order:";"顺序：";;
"09FB4234/22/0";"Preview";"预览";;
"09FB4234/23/0";"Target page number:";"目标页码";;
"09FB4234/26/0";"Layer Properties";"图层属性";;
"09FB4234/30/0";"Layer Name:";"图层名称：";;
"09FB4234/27/0";"Intent:";"意图：";;
"09FB4234/28/0";"Default state:";"默认状态：";;
"09FB4234/29/0";"View";"视图";;
"09FB4234/31/0";"Reference";"引用";;
"09FB4234/32/0";"Locked";"锁定";;
"09FB4234/33/0";"Initial State";"初始状态";;
"09FB4234/34/0";"Visibility:";"可见性：";;
"09FB4234/35/0";"Print:";"打印：";;
"09FB4234/36/0";"Export:";"导出：";;
"09FB4234/39/0";"Merge Layers";"合并图层";;
"09FB4234/40/0";"Layers to be merged:";"要合并的图层：";;
"09FB4234/41/0";"Add";"添加";;
"09FB4234/42/0";"Remove";"移除";;
"09FB4234/43/0";"Add All";"全部添加";;
"09FB4234/44/0";"Remove All";"全部移除";;
"09FB4234/45/0";"Target Layer to merge into:";"目标图层合并至：";;
"002A79B1/70/0";"The plugin is used to manage page layers.";"该插件用于管理页面图层。";;
"002A79B1/71/0";"Copyright ? 2010-2026 Foxit Software Inc. All Rights Reserved.";"2010-2026 福昕软件 版权所有。";;
"002A79B1/73/0";"&amp;Cancel";"取消(&amp;C)";;
"002A79B1/72/0";"&amp;OK";"确定(&amp;O)";;
"002A79B1/74/0";"&amp;Reset";"重置(&amp;R)";;
"002A79B1/129/0";"Apply &amp;Export Overrides";"应用导出优先(&amp;E)";;
"002A79B1/130/0";"Apply &amp;Layer Overrides";"应用图层优先(&amp;L)";;
"002A79B1/128/0";"Apply &amp;Print Overrides";"应用打印优先(&amp;P)";;
"002A79B1/127/0";"C&amp;ollapse All";"收起(&amp;O)";;
"002A79B1/134/0";"&amp;Delete Layer";"删除图层(&amp;D)";;
"002A79B1/126/0";"E&amp;xpand All";"展开(&amp;X)";;
"002A79B1/133/0";"&amp;Flatten Layers";"拼合图层(&amp;F)";;
"002A79B1/131/0";"&amp;Import as Layer...";"导入为图层(&amp;I)";;
"002A79B1/132/0";"&amp;Merge Layers...";"合并图层(&amp;M)...";;
"002A79B1/138/0";"&amp;Properties...";"属性(&amp;P)...";;
"002A79B1/125/0";"&amp;Reset to Initial Visibility";"重置为初始可见性(&amp;R)";;
"002A79B1/136/0";"&amp;Show Layer";"显示图层(&amp;S)";;
"002A79B1/123/0";"List Layers for &amp;All Pages";"列出所有页面的图层(&amp;A)";;
"002A79B1/124/0";"List Layers for &amp;Visible Pages";"列出可见页面的图层(&amp;V)";;
"002A79B1/75/0";"Manage page layers";"管理页面图层";;
"002A79B1/76/0";"Always Exports";"总是导出";;
"002A79B1/77/0";"Always Prints";"总是打印";;
"002A79B1/78/0";"This layer has been disabled because export overrides are being applied.";"此图层已被禁用，因为已应用导出优先。";;
"002A79B1/79/0";"This layer has been disabled because layer overrides are being applied.";"此图层已被禁用，因为已应用图层优先。";;
"002A79B1/80/0";"This layer has been disabled because print overrides are being applied.";"此图层已被禁用，因为已应用打印优先。";;
"002A79B1/81/0";"Always Visible";"总是可见";;
"002A79B1/82/0";"Exports When Visible";"可见时导出";;
"002A79B1/83/0";"Failed to open the file, please make sure the file path is valid.";"无法打开文件，请确认文件路径是否有效。";;
"002A79B1/84/0";"Bottom";"底部";;
"002A79B1/85/0";"Center";"居中";;
"002A79B1/86/0";"Centimeters";"厘米";;
"002A79B1/87/0";"Are you sure you want to delete the selected layer?";"您确认您想要删除所选择的条目？";;
"002A79B1/88/0";"All Supported Formats";"所有可支持的格式";;
"002A79B1/89/0";"Inches";"英寸";;
"002A79B1/90/0";"Invalid numeric value.";"无效的枚举数据：";;
"002A79B1/122/0";"The layer name is already used in the target document. Do you still want to create a new layer with the name?";"目标文档中已经存在这个图层名了。 您要继续用这个名字创建一个新的图层吗？";;
"002A79B1/91/0";"Left";"左";;
"002A79B1/92/0";"Millimeters";"毫米";;
"002A79B1/93/0";"&lt;No source file selected&gt;";"&lt;未选择源文件&gt;";;
"002A79B1/94/0";"&lt;No layer name specified&gt;";"&lt;未指定图层名称&gt;";;
"002A79B1/95/0";"None";"无";;
"002A79B1/96/0";"Appear behind page";"出现在页面后";;
"002A79B1/97/0";"Appear in front of page";"出现在页面前";;
"002A79B1/98/0";"Percent";"百分比";;
"002A79B1/99/0";"Picas";"派卡";;
"002A79B1/100/0";"Points";"点";;
"002A79B1/101/0";"Right";"右";;
"002A79B1/102/0";"Absolute";"绝对";;
"002A79B1/103/0";"Relative to target page";"与目标页的相对比例";;
"002A79B1/104/0";"Top";"顶部";;
"002A79B1/105/0";"This layer is locked. You cannot change its visibility setting.";"该图层已锁定。您无法更改其可见性设置。";;
"002A79B1/106/0";"This layer has been disabled because its parent layer has been disabled.";"该图层已被禁用，因为其父图层被禁用。";;
"002A79B1/107/0";"This operation cannot be undone. Would you like to proceed?";"该操作是不可逆的，您想继续吗？";;
"002A79B1/108/0";"Never Exports";"永不导出";;
"002A79B1/109/0";"Never Visible";"永不可见";;
"002A79B1/110/0";"Never Prints";"永不打印";;
"002A79B1/111/0";"Please specify a layer name.";"请指定图层名称。";;
"002A79B1/112/0";"No source file was specified. Please click Browse to locate a source file and then try again.";"未指定源文件。 请点击“浏览”查找源文件，然后重试。";;
"002A79B1/113/0";"Off";"关闭";;
"002A79B1/114/0";"On";"开启";;
"002A79B1/115/0";"Options";"选项";;
"002A79B1/116/0";"Prints When Visible";"可见时打印";;
"002A79B1/117/0";"%ls could not merge the layers. Please select the layer you want to merge into.";" %ls无法合并图层。请选择要合并到的图层。";;
"002A79B1/118/0";"%ls could not merge the layers. Please select the layer you want to merge first.";" %ls无法合并图层。请先选择要合并的图层。";;
"002A79B1/139/0";"Select All";"全选";;
"002A79B1/119/0";"The value must be between %d%[1] and %d%[2].";"数值必须介于%d%[1] 和%d%[2]之间。";;
"002A79B1/120/0";"Visible When On";"打开时可见";;
"002A79B1/121/0";"Layers";"图层";;
"002A79B1/141/0";"&amp;Layers";"层(&amp;L)";;
"002A79B1/140/0";"The XFA document is unsupported to operate.";"XFA文档不支持操作。";;
"002A79B1/135/0";"La&amp;yer Properties...";"图层属性(&amp;Y)...";;
"00175957/1/0";"Loupe Tool";"放大镜工具";;
"00175957/2/0";"%";"%";;
"00175957/3/0";"Lock";"锁定";;
"0309557D/1/0";"The LoupeTool plugin is used to view PDF contents with higher or lower zoom levels.";"LoupeTool插件将以更高/更低的缩放级别查看PDF内容。";;
"0309557D/2/0";"Copyright ? 2010-2026 Foxit Software Inc. All Rights Reserved.";"2010-2026 福昕软件 版权所有。";;
"0309557D/3/0";"Decrease the magnification of Loupe tool";"降低放大镜工具的放大倍率";;
"0309557D/4/0";"Increase the magnification of Loupe tool";"增加放大镜工具的放大倍率";;
"006C7094/53/0";"Dialog";"Dialog";;
"006C7094/54/0";"Copy with Formatting";"带格式复制";;
"006C7094/55/0";"Copy";"复制";;
"006C7094/4/0";"OCR Suspects";"OCR疑似错误";;
"006C7094/5/0";"Original Document";"源文档";;
"006C7094/6/0";"OCR text";"OCR文本";;
"006C7094/7/0";"&amp;Check All";"全选(&amp;C)";;
"006C7094/8/0";"&amp;Not Text";"不是文本(&amp;N)";;
"006C7094/9/0";"&amp;Accept";"接受(&amp;A)";;
"006C7094/10/0";"Recognize Text";"识别文本";;
"006C7094/11/0";"Output O&amp;ptions...";"输出选项(&amp;P)...";;
"006C7094/12/0";"&amp;OK";"确定(&amp;O)";;
"006C7094/13/0";"&amp;Cancel";"取消(&amp;C)";;
"006C7094/14/0";"Recognize Text";"识别文本";;
"006C7094/15/0";"Page Range";"页面范围";;
"006C7094/16/0";"&amp;Current Page";"当前页(&amp;C)";;
"006C7094/17/0";"&amp;All Pages";"所有页面(&amp;A)";;
"006C7094/18/0";"&amp;Pages From";"从页面(&amp;P)";;
"006C7094/19/0";"To";"到";;
"006C7094/20/0";"of";"/";;
"006C7094/22/0";"Document Language";"文档语言";;
"006C7094/38/0";"Current Language Supported:";"当前支持的语言：";;
"006C7094/23/0";"Selected language(s):";"选定的语言：";;
"006C7094/21/0";"Settings";"设置";;
"006C7094/39/0";"&amp;Output:";"输出(&amp;O)：";;
"006C7094/40/0";"&amp;Downsample To:";"缩减像素取样(&amp;D)：";;
"006C7094/26/0";"&amp;Find Suspect Recognized Text";"查找可疑的识别文本(&amp;F)";;
"006C7094/27/0";"&amp;Recognize the line segments as path objects in the PDF";"将PDF文件中的线段识别为路径对象(&amp;R)";;
"006C7094/28/0";"Find OCR Suspects";"查找OCR疑似错误";;
"006C7094/29/0";"To correct an OCR suspect, click on the highlighted object in the document and type in the new text. After making the correction, click &quot;Accept and Find&quot; to identify the next OCR suspect.";"要修改OCR疑似错误，请点击文档中某个高亮对象并输入正确的文本。更正结束后，点击“接受并继续查找”，确认修改下一个OCR疑似错误。";;
"006C7094/30/0";"Original Document";"源文档";;
"006C7094/31/0";"OCR text";"OCR文本";;
"006C7094/32/0";"Search &amp;Page";"查找页面(&amp;P)";;
"006C7094/33/0";"Search &amp;Document";"搜索文档(&amp;D)";;
"006C7094/34/0";"&amp;Not Text";"不是文本(&amp;E)";;
"006C7094/35/0";"&amp;Find Next";"查找下一个(&amp;F)";;
"006C7094/36/0";"&amp;Accept and Find";"接受并继续查找(&amp;A)";;
"006C7094/37/0";"&amp;Close";"关闭(&amp;C)";;
"006C7094/47/0";"Scanned Document Editing Settings";"扫描文档的编辑设置";;
"006C7094/48/0";"Language";"语言";;
"006C7094/49/0";"Recognize Text in:";"使用如下语言识别文本：";;
"006C7094/50/0";"Current language(s) used for recognizing text:";"用于识别文本的当前语言：";;
"006C7094/51/0";"Font";"字体";;
"006C7094/52/0";"&amp;Use Available System Font";"使用可用的系统字体(&amp;U)";;
"006C7094/43/0";"Dialog";"对话框";;
"006C7094/44/0";"Label Image";"标签图像";;
"006C7094/45/0";"Label";"Label";;
"006C7094/46/0";"&amp;CheckBox";"复选框(&amp;C)";;
"00B53606/171/0";"The plugin is used to convert text within images to searchable or editable text.";"该插件用于将图像中的文本转换为可搜索或可编辑的文本。";;
"00B53606/172/0";"Copyright ? 2011-2026 Foxit Software Inc. All Rights Reserved.";"2011-2026 福昕软件 版权所有。";;
"00B53606/2/0";"Cancel";"取消";;
"00B53606/1/0";"OK";"确定";;
"00B53606/3/0";"&amp;Reset";"重置(&amp;R)";;
"00B53606/34/0";"Some pages may contain unrecognized text. You can run text recognition to make text searchable or editable.";"某些页面包含未被识别的文本。您可以运行文本识别以便使这些文本可搜索或可编辑。";;
"00B53606/35/0";"All Suspects";"所有疑似错误";;
"00B53606/36/0";"Settings";"设置";;
"00B53606/37/0";"Recognize Text";"识别文本";;
"00B53606/38/0";"Text Recognition";"文本识别";;
"00B53606/39/0";"Convert";"转换";;
"00B53606/185/0";"Copy Text";"复制文本";;
"00B53606/186/0";"Copy with Formatting";"带格式复制";;
"00B53606/187/0";"Copy with Formatting only retains original recognized content";"带格式复制仅保留原始识别内容";;
"00B53606/40/0";"Current File";"当前文件";;
"00B53606/191/0";"Operation failed. Please try again.";"操作失败。请重试";;
"00B53606/192/0";"Copy succeeded.";"复制成功。";;
"00B53606/41/0";"%ls will discard the initial images to make it editable, continue or not? ";"%ls将放弃原始图像，使其可编辑，您是否想要继续？ ";;
"00B53606/42/0";"Download OCR component";"下载OCR组件";;
"00B53606/162/0";"Downsample";"缩减像素采样";;
"00B53606/175/0";"dpi";"dpi";;
"00B53606/43/0";"Editable Text";"可编辑文本";;
"00B53606/44/0";"First Suspect";"第一个疑似错误";;
"00B53606/45/0";"Show suspect OCR results that may need to be changed";"显示可能需要修改的疑似的OCR结果";;
"00B53606/46/0";"Analyzing document...";"正在分析文档...";;
"00B53606/47/0";"Recognizing document...";"正在识别文档...";;
"00B53606/188/0";"Extract Text";"提取文本";;
"00B53606/189/0";"Cannot recognize the content of the selected area";"无法识别选定区域的内容";;
"00B53606/48/0";"Search completed. No suspects were found.";"搜索完成。未找到疑似项。";;
"00B53606/4/0";"Show all OCR results that may need to be changed";"显示所有可能需要被修改的OCR的结果";;
"00B53606/5/0";"Find the first OCR result that may need to be changed";"查找可能需要修改的第一次OCR的结果";;
"00B53606/6/0";"Generating output";"生成输出";;
"00B53606/7/0";"Home";"主页";;
"00B53606/8/0";"Image opening";"图像正在打开";;
"00B53606/9/0";"Image preprocessing";"图像正在处理";;
"00B53606/10/0";"Initializing OCR Engine";"正在初始化OCR引擎";;
"00B53606/161/0";"Please select at least one language.";"请选择至少一种语言。";;
"00B53606/11/0";"Analyzing the layout";"正在分析布局";;
"00B53606/12/0";"Find &amp;All OCR Suspects";"查找所有OCR疑似错误(&amp;A)";;
"00B53606/13/0";"Find &amp;First OCR Suspect";"查找第一个OCR疑似错误(&amp;F)";;
"00B53606/14/0";"&amp;Recognize Text Using OCR...";"使用OCR识别文本(&amp;O)...";;
"00B53606/15/0";"Recognize &amp;Text In Multiple Files Using OCR...";"使用OCR识别多个文件的文本(&amp;C)...";;
"00B53606/16/0";"Searchable Image Text: Text can be searched and selected but cannot be edited. The appearance of the PDF file will not change.$Editable Text: The image text will be recognized and can be edited by the Edit Text Tool, although the appearance may vary. To show with the system font, go to Settings: Preferences &gt;Text Recognition&gt;Font.";"可搜索的图像文本：可以搜索和选择文本，但不能编辑。PDF文件的外观不会改变。$可编辑的文本：图像文本将被识别，并可通过编辑文本工具进行编辑，但外观可能会有所不同。要使用系统字体显示，请转到设置：偏好设置&gt;文本识别&gt;字体。";;
"00B53606/168/0";"Hide";"隐藏";;
"00B53606/18/0";"Multiple Files";"多个文件";;
"00B53606/165/0";"The language you selected is not available";"您选择的语言不可用";;
"00B53606/19/0";"Your OCR engine is corrupted, please repair or reinstall your %ls. ";"您的OCR引擎已损坏，请修复或重装您的%ls。 ";;
"00B53606/160/0";"%ls%[1] could not perform recognition because this page (page %d%[2]) contains renderable text or this page is blank.\n\t\t\nClick &quot;OK&quot; to continue recognizing the next page.";"%ls%[1]无法执行识别，因为此页面（第%d%[2]页）包含可渲染文本或此页面为空白。\n\t\t\n点击“确定”以继续识别下一页。";;
"00B53606/176/0";"%ls could not perform recognition because this page contains renderable text or this page is blank.";"%ls无法执行识别，因为此页面包含可渲染文本或此页面为空白。\n";;
"00B53606/159/0";"&amp;Ignore future errors in this document";"忽略此文档中未来的错误(&amp;I)";;
"00B53606/158/0";"This PDF should be a text-based PDF, no object can be detected available for OCR by selected OCR engine.";"这个PDF应该是一个基于文本的PDF，通过选定的OCR引擎没有检测到可用对象。";;
"00B53606/20/0";"%ls cannot find any object recognized by the selected Optical Character Recognition(OCR) engine in this page (page %d).\n\t\t\nClick &quot;OK&quot; to continue recognizing the next page.";"%ls未在此页面（第%d页）发现任何可以被选定的光学字符识别（OCR）引擎识别的对象。\n\t\t\n点击“确定”以继续识别下一页。";;
"00B53606/21/0";"Suspect Results";"疑似错误结果";;
"00B53606/22/0";"You have selected the wrong language for recognizing this PDF document. Please try again and select the right language.";"您选择了错误的语言来识别该PDF文档。请重试并选择正确的语言。";;
"00B53606/173/0";"Output";"输出";;
"00B53606/23/0";"Page";"页面";;
"00B53606/24/0";"Page exporting";"页面导出";;
"00B53606/25/0";"Page recognizing";"页面识别";;
"00B53606/26/0";"There is no valid PDF document included in the PDF Portfolio.";"PDF文件包中不包含任何合法的PDF文件。";;
"00B53606/155/0";"OCR for %ls gets failed because the PDF portfolio is open, and the OCR data cannot be saved successfully.";"OCR“%ls”失败，因为文件包已打开，OCR数据无法保存成功。";;
"00B53606/27/0";"Quick Recognition";"快速识别";;
"00B53606/28/0";"Convert text within images to searchable or editable text using default or previous settings";"通过默认的或者之前的设置将包含在图像中的文本转换为可搜索、可编辑的文本";;
"00B53606/179/0";"&amp;Recognize Selected Region";"识别选定的区域(&amp;R)";;
"00B53606/180/0";"Foxit PDF Editor could not perform recognizing selected region.";"福昕高级PDF编辑器无法识别选定的区域。";;
"00B53606/29/0";"Convert text within images to searchable or editable text";"将图像中的文本转变为可搜索或可编辑的文本";;
"00B53606/30/0";"&amp;OCR Recognize Text";"OCR识别文本(&amp;R)";;
"00B53606/31/0";"Run OCR on the current file only ";"仅在当前文件中运行OCR ";;
"00B53606/32/0";"Run OCR on several files at once";"一次在多个文件中运行OCR";;
"00B53606/178/0";"Run OCR to recognize text in the selected page region";"在选定的页面区域内运行OCR";;
"00B53606/190/0";"Extract text from selected page area";"从选定的页面区域提取文本";;
"00B53606/177/0";"Selected Region";"选定的区域";;
"00B53606/33/0";"The PDF document must be saved before performing OCR recognition.\nDo you want to save changes and continue?";"执行OCR识别之前，必须先保存PDF文件。\n您是否想保存修改并继续？";;
"00B53606/163/0";"Searchable Image Text (original image)";"可搜索的图像文本（原始图像）";;
"00B53606/80/0";"Searchable Image Text";"可搜索的图像文本";;
"00B53606/174/0";"Searchable Image Text (original image): The text can be searched and selected. The original image will not change and an invisible text layer will be placed over it.";"可搜索的图像文本（原始图像）：可以搜索和选择文本。原始图像不会改变，会在其上放置一个不可见的文本层。";;
"00B53606/81/0";"Please select the folder for output files.";"请选择输出结果保存的文件夹。";;
"00B53606/82/0";"kb";"kb";;
"00B53606/84/0";"File ";"文件";;
"00B53606/85/0";"PDF Files";"PDF文件";;
"00B53606/86/0";"Please input a filename prefix or suffix.";"请输入一个前缀名或者后缀名。";;
"00B53606/87/0";"Select folder for Output files";"选择输出文件夹";;
"00B53606/88/0";"Add Files...";"添加文件...";;
"00B53606/89/0";"Add Folders...";"添加文件夹...";;
"00B53606/90/0";"Add Open Files...";"添加打开的文件...";;
"00B53606/91/0";" of ";" / ";;
"00B53606/92/0";"Current settings would require overwriting existing files. Please allow overwriting existing files,\nor change other settings so that overwriting is not necessary.";"当前设置需求覆盖已经存在的文件。请修改其它相关设置项，使其允许覆盖已经存在的文件。";;
"00B53606/164/0";"Processing...";"正在处理...";;
"00B53606/93/0";"You do not have access rights to this encrypted document.";"您没有权限访问该加密文件。";;
"00B53606/94/0";"Processing data";"处理数据";;
"00B53606/49/0";"Engine";"引擎";;
"00B53606/50/0";"Warnings/Error";"警告/错误";;
"00B53606/51/0";"Please remove problem files from the list.";"请从列表中移除有问题的文件。";;
"00B53606/52/0";"Invalid password. Please input again.";"密码错误。请重新输入。";;
"00B53606/53/0";"Export to %ls format";"导出成%ls格式";;
"00B53606/54/0";"Location";"位置";;
"00B53606/55/0";"Modified";"修改时间";;
"00B53606/56/0";"Name";"名称";;
"00B53606/57/0";"&quot;&quot;%ls&quot;&quot; needs to be saved before performing OCR recognition.\nDo you want to save changes and continue?";"执行OCR识别之前，必须先保存“%ls”。\n您是否想保存修改并继续？";;
"00B53606/58/0";"Size";"大小";;
"00B53606/59/0";"All PDF files under the selected folder and subfolders will be added.";"该文件夹及其子文件夹中所有PDF文件将都被添加到列表中。";;
"00B53606/60/0";"Format error: Not a PDF or corrupted.";"格式错误：不是一个PDF文件或该文件已损坏。";;
"00B53606/157/0";"Some pages may contain unrecognized text. Would you like to run text recognition to make text searchable or editable? ";"某些页面包含未被识别的文本。您是否想要运行文本识别以便使这些文本可搜索或可编辑？ ";;
"00B53606/182/0";"This feature is not available in the current view. Please exit the Split view first.";"该功能在当前视图下不可用。请先退出拆分视图。";;
"00B53606/166/0";"Do &amp;not show this message again";"不再显示该消息(&amp;N)";;
"00B53606/61/0";"Arabic";"阿拉伯语";;
"00B53606/62/0";"Byelorussian";"白俄罗斯语";;
"00B53606/63/0";"Bulgarian";"保加利亚语";;
"00B53606/64/0";"Catalan";"加泰罗尼亚语";;
"00B53606/65/0";"Czech";"捷克语";;
"00B53606/66/0";"Danish";"丹麦语";;
"00B53606/67/0";"German";"德语";;
"00B53606/68/0";"Greek";"希腊语";;
"00B53606/69/0";"English";"英语";;
"00B53606/70/0";"English (United Kingdom)";"英语（英国）";;
"00B53606/71/0";"English (United States)";"英语(美国)";;
"00B53606/72/0";"Spanish";"西班牙语";;
"00B53606/73/0";"Spanish (Mexico)";"西班牙(墨西哥)";;
"00B53606/74/0";"Estonian";"爱沙尼亚语";;
"00B53606/75/0";"Basque";"巴斯克语";;
"00B53606/76/0";"Finnish";"芬兰语";;
"00B53606/77/0";"Faeroese";"法罗语";;
"00B53606/78/0";"French";"法语";;
"00B53606/95/0";"Galician";"加利西亚语";;
"00B53606/96/0";"Hindi";"北印度语";;
"00B53606/97/0";"Croatian";"克罗地亚语";;
"00B53606/98/0";"Hungarian";"匈牙利语";;
"00B53606/99/0";"Armenian";"亚美尼亚";;
"00B53606/100/0";"Indonesian";"印度尼西亚语";;
"00B53606/101/0";"Icelandic";"冰岛语";;
"00B53606/102/0";"Italian";"意大利语";;
"00B53606/103/0";"Hebrew";"希伯来语";;
"00B53606/104/0";"Japanese";"日语";;
"00B53606/105/0";"Korean";"韩语";;
"00B53606/106/0";"Lithuanian";"立陶宛语";;
"00B53606/107/0";"Latvian (Lettish)";"拉脱维亚语(列托语)";;
"00B53606/108/0";"Macedonian";"马其顿语";;
"00B53606/109/0";"Malay";"马来语";;
"00B53606/110/0";"Maltese";"马耳他语";;
"00B53606/111/0";"Dutch";"荷兰语";;
"00B53606/112/0";"Dutch (Belgium)";"荷兰语(比利时)";;
"00B53606/113/0";"Dutch (Netherlands)";"荷兰语(荷兰)";;
"00B53606/114/0";"Norwegian";"挪威语";;
"00B53606/115/0";"Polish";"波兰语";;
"00B53606/116/0";"Portuguese";"葡萄牙语";;
"00B53606/117/0";"Portuguese (Brazil)";"葡萄牙（巴西）";;
"00B53606/118/0";"Romanian";"罗马尼亚语";;
"00B53606/119/0";"Russian";"俄语";;
"00B53606/120/0";"Serbo-Croatian";"塞尔维亚-克罗地亚语";;
"00B53606/121/0";"Slovak";"斯洛伐克语";;
"00B53606/122/0";"Slovenian";"斯洛文尼亚语";;
"00B53606/123/0";"Albanian";"阿尔巴尼亚语";;
"00B53606/124/0";"Serbian";"塞尔维亚语";;
"00B53606/125/0";"Swedish";"瑞典语";;
"00B53606/126/0";"Thai";"泰语";;
"00B53606/127/0";"Tagalog";"他加禄语";;
"00B53606/128/0";"Turkish";"土耳其语";;
"00B53606/129/0";"Ukrainian";"乌克兰语";;
"00B53606/130/0";"Vietnamese";"越南语";;
"00B53606/131/0";"Chinese";"汉语";;
"00B53606/132/0";"Chinese-Simplified";"简体中文";;
"00B53606/133/0";"Chinese-Traditional";"台湾繁体";;
"00B53606/134/0";"The selected file(s) cannot be use to recognize text because the permission settings of the file don&apos;t allow it.";"因为权限设置不允许，所选择的文件不能用于识别文本。";;
"00B53606/135/0";"Pages do not contain objects recognized by OCR engine.";"页面中不包含任何可以被OCR引擎识别的对象。";;
"00B53606/136/0";"There was an error opening this document. This file is damaged and could not be repaired.";"打开文件时出现错误，该文件已被破坏且无法被修复。";;
"00B53606/137/0";"Run OCR on a set of files.";"运行OCR识别一系列文件。";;
"00B53606/169/0";"This file is not saved.";"该文件没有保存。";;
"00B53606/138/0";"OCR multiple files finished!";"OCR多个文件结束！";;
"00B53606/139/0";"The file &quot;&quot;%ls&quot;&quot; is protected. Please enter a Permission Password.";"“%ls”是一个受保护的文档。请输入权限密码。";;
"00B53606/140/0";"Failed to parse the file.";"无法解析文档。";;
"00B53606/141/0";"The file &quot;&quot;%ls&quot;&quot; is protected. Please enter a Document Open Password.";"“%ls”是一个受保护的文档。请输入文档打开密码。";;
"00B53606/142/0";"Failed to export to %ls format. Please check.";"导出为%ls格式失败，请检查。";;
"00B53606/143/0";"File needs permission to run OCR.";"该文档需要有运行OCR的权限。";;
"00B53606/144/0";"page %d%[1] of %d%[2]";"第%d%[1]页 / %d%[2]页";;
"00B53606/170/0";"This file is protected.";"该文件受保护。";;
"00B53606/145/0";"Recognizing Text";"识别文本";;
"00B53606/146/0";"Save as %ls format";"另存为%ls格式";;
"00B53606/147/0";"Failed to save as %ls format. Please check.";"另存为%ls格式失败，请检查。";;
"00B53606/149/0";"State";"状态";;
"00B53606/150/0";"Current";"当前";;
"00B53606/151/0";"Default";"默认";;
"00B53606/181/0";"_ocr";"_ocr";;
"00B53606/183/0";"Show all recognized text that may need to be corrected. The feature is not available for Editable Text recognition when non-system fonts are used.";"显示所有可能需要更正的已识别文本。使用非系统字体时，该功能不可用于可编辑文本识别。";;
"00B53606/184/0";"Check this option to use a font available in your system when converting images to text. Otherwise, a synthesized font will be used.";"将图像转换为文本时，选中此选项可使用系统中可用的字体。否则，将使用合成字体。";;
"00B53606/152/0";"Adobe XML forms cannot be processed by OCR engine.";"OCR引擎无法处理Adobe XML表单。";;
"00B53606/167/0";"Supported files";"支持的文件";;
"00B53606/153/0";"Document synthesizing";"文档同步";;
"09FD7A87/1/0";"Add New Image";"添加新的图像";;
"09FD7A87/2/0";"&amp;Width:";"宽度(&amp;W)：";;
"09FD7A87/3/0";"&amp;Height:";"高度(&amp;H)：";;
"09FD7A87/4/0";"&amp;Resolution:";"分辨率(&amp;U)：";;
"09FD7A87/5/0";"Color &amp;Mode:";"色彩模式(&amp;M)：";;
"09FD7A87/6/0";"pixels / inch";"像素 / 英寸";;
"09FD7A87/7/0";"&amp;Fill Color:";"填充色(&amp;F)：";;
"09FD7A87/8/0";"&amp;Compress image";"压缩图像(&amp;C)";;
"09FD7A87/9/0";"Dialog";"Dialog";;
"09FD7A87/10/0";"&amp;Set value:";"设置数值(&amp;S)：";;
"09FD7A87/11/0";"degrees";"度";;
"09FD7A87/12/0";"&amp;Position X:";"X坐标(&amp;P)：";;
"09FD7A87/13/0";"&amp;Scale X:";"X轴缩放(&amp;S)：";;
"09FD7A87/14/0";"P&amp;osition Y:";"Y坐标(&amp;O)：";;
"09FD7A87/15/0";"Sc&amp;ale Y:";"Y轴缩放(&amp;A)：";;
"09FD7A87/16/0";"&amp;Opacity:";"不透明度(&amp;O)";;
"09FD7A87/17/0";"%";"%";;
"09FD7A87/21/0";"Line &amp;Join Style:";"线条联结类型(&amp;J)：";;
"09FD7A87/23/0";"Line Ca&amp;p Style:";"线条端口类型(&amp;P)：";;
"09FD7A87/18/0";"&amp;Line Color:";"线条颜色(&amp;R)：";;
"09FD7A87/19/0";"Line &amp;Width:";"线宽(&amp;W)：";;
"09FD7A87/20/0";"&amp;Miter Limit:";"斜面限制(&amp;M)：";;
"09FD7A87/22/0";"&amp;Dashed:";"虚线(&amp;D)：";;
"09FD7A87/29/0";"F&amp;ill Color:";"填充色(&amp;I)：";;
"09FD7A87/25/0";"Font &amp;size:";"字号(&amp;S)：";;
"09FD7A87/28/0";"S&amp;troke Color:";"描边色(&amp;T)：";;
"09FD7A87/24/0";"Font &amp;Name:";"字体名称(&amp;N)：";;
"09FD7A87/27/0";"Text &amp;mode:";"文本模式(&amp;M)：";;
"09FD7A87/31/0";"&amp;Word spacing:";"词间距(&amp;W)：";;
"09FD7A87/26/0";"C&amp;haracter spacing:";"字符间距(&amp;H)：";;
"09FD7A87/30/0";"Horizontal sc&amp;ale:";"水平比例尺(&amp;A)：";;
"09FF1A1F/89/0";"Page Objects editor plugin allows users to edit page objects.";"页面对象编辑器允许用户编辑页面对象。";;
"09FF1A1F/90/0";"Copyright ? 2011-2026 Foxit Software Inc. All Rights Reserved.";"2011-2026 福昕软件 版权所有。";;
"09FF1A1F/47/0";"&amp;Cancel";"取消(&amp;C)";;
"09FF1A1F/46/0";"&amp;OK";"确定(&amp;O)";;
"09FF1A1F/48/0";"&amp;Reset";"重置(&amp;R)";;
"09FF1A1F/86/0";"Appearance";"外观";;
"09FF1A1F/50/0";"CMYK";"CMYK";;
"09FF1A1F/51/0";"GRAY";"灰色";;
"09FF1A1F/49/0";"RGB";"RGB";;
"09FF1A1F/85/0";"General";"常规";;
"09FF1A1F/82/0";"Image Object Properties";"图像对象属性";;
"09FF1A1F/54/0";"Butt";"平端";;
"09FF1A1F/52/0";"Projecting Square Cap";"矩形平端";;
"09FF1A1F/56/0";"Bevel";"斜角";;
"09FF1A1F/57/0";"Miter";"斜接";;
"09FF1A1F/84/0";"Object Properties";"对象属性";;
"09FF1A1F/74/0";"RGB Color";"RGB 颜色";;
"09FF1A1F/91/0";"Round";"圆形";;
"09FF1A1F/83/0";"Shading Object Properties";"渐变对象属性";;
"09FF1A1F/81/0";"Shape Object Properties";"形状对象属性";;
"09FF1A1F/62/0";"pixels / cm";"像素 / 厘米";;
"09FF1A1F/63/0";"pixels / inch";"像素 / 英寸";;
"09FF1A1F/78/0";"Copy";"复制";;
"09FF1A1F/77/0";"Cut";"剪切";;
"09FF1A1F/76/0";"Delete";"删除";;
"09FF1A1F/79/0";"Paste";"粘贴";;
"09FF1A1F/87/0";"Rotate";"旋转";;
"09FF1A1F/88/0";"Shear";"倾斜";;
"09FF1A1F/58/0";"Fill text";"填充文本";;
"09FF1A1F/60/0";"Fill then stroke text";"填充并描边文本";;
"09FF1A1F/61/0";"Text with no fill and no stroke (invisible)";"文本既不填充也不描边（不可见）";;
"09FF1A1F/59/0";"Stroke text";"描边文本";;
"09FF1A1F/80/0";"Text Object Properties";"文本对象属性";;
"09FF1A1F/92/0";"in|cm|mm|pt|p";"英寸|厘米|毫米|点|派卡";;
"09FF1A1F/72/0";"Centimeters";"厘米";;
"09FF1A1F/69/0";"Inches";"英寸";;
"09FF1A1F/73/0";"Millimeters";"毫米";;
"09FF1A1F/71/0";"Picas";"派卡";;
"09FF1A1F/70/0";"Points";"点";;
"09FF1A1F/64/0";"cm";"厘米";;
"09FF1A1F/67/0";"inches";"英寸";;
"09FF1A1F/65/0";"mm";"毫米";;
"09FF1A1F/66/0";"pixels";"像素";;
"09FF1A1F/68/0";"points";"点";;
"09FF1A1F/75/0";"This option will compress images and may affect their quality. Do you want to continue?";"该选项将压缩图像并可能影响其质量。您想要继续吗？";;
"0E5763A1/19/0";"Dialog";"Dialog";;
"0E5763A1/20/0";"&amp;Saved Settings:";"保存设置(&amp;S)：";;
"0E5763A1/21/0";"&amp;Delete";"删除(&amp;D)";;
"0E5763A1/22/0";"Save Se&amp;ttings...";"保存设置(&amp;T)...";;
"0E5763A1/23/0";"Source";"来源";;
"0E5763A1/24/0";"%";"%";;
"0E5763A1/25/0";"Page N&amp;umber:";"页码(&amp;U)：";;
"0E5763A1/26/0";"A&amp;bsolute Scale:";"绝对比例(&amp;B)：";;
"0E5763A1/27/0";"Brows&amp;e...";"浏览(&amp;E)...";;
"0E5763A1/28/0";"F&amp;ile";"文件(&amp;I)";;
"0E5763A1/29/0";"&amp;From color";"从颜色(&amp;F)";;
"0E5763A1/30/0";"Appearance";"外观";;
"0E5763A1/31/0";"Opacit&amp;y:";"不透明度(&amp;Y)：";;
"0E5763A1/32/0";"?";"°";;
"0E5763A1/33/0";"Scale re&amp;lative to target page";"与目标页的相对比例(&amp;L)";;
"0E5763A1/34/0";"Appearance Options...";"外观选项...";;
"0E5763A1/35/0";"R&amp;otation:";"旋转角度(&amp;O)：";;
"0E5763A1/36/0";"Position";"位置";;
"0E5763A1/37/0";"&amp;Vertical Distance:";"垂直距离(&amp;V)：";;
"0E5763A1/38/0";"Hori&amp;zontal Distance:";"水平距离(&amp;Z)：";;
"0E5763A1/39/0";"f&amp;rom";"从(&amp;R)";;
"0E5763A1/40/0";"fro&amp;m";"从(&amp;M)";;
"0E5763A1/41/0";"Page Range Options...";"页面范围选项...";;
"0E5763A1/42/0";"Preview";"预览";;
"0E5763A1/43/0";"Preview Pa&amp;ge:";"页面预览(&amp;G)：";;
"0E5763A1/44/0";"Show Previe&amp;w";"显示预览(&amp;W)";;
"0E5763A1/45/0";"Appearance Options";"外观选项";;
"0E5763A1/46/0";"Show &amp;when printing";"打印时显示(&amp;W)";;
"0E5763A1/47/0";"&amp;Show when displaying on screen";"在屏幕上显示时可见(&amp;S)";;
"0E5763A1/144/0";"&amp;Select Template:";"选择模板(&amp;S)：";;
"0E5763A1/103/0";"I";"I";;
"0E5763A1/104/0";"E";"E";;
"0E5763A1/70/0";"U";"U";;
"0E5763A1/105/0";"D";"D";;
"0E5763A1/101/0";"Save &amp;Templates...";"保存模板(&amp;T)...";;
"0E5763A1/48/0";"Bates Numbering Options";"贝茨数选项";;
"0E5763A1/49/0";"&amp;Rotate Angle:";"旋转角度(&amp;R)：";;
"0E5763A1/50/0";"&amp;Increment:";"增量(&amp;I)：";;
"0E5763A1/51/0";"&amp;Start Number:";"开始数(&amp;S)：";;
"0E5763A1/52/0";"&amp;Prefix:";"前缀(&amp;P)：";;
"0E5763A1/53/0";"&amp;Number of Digits:";"位数(&amp;N)：";;
"0E5763A1/54/0";"S&amp;uffix:";"后缀(&amp;U)：";;
"0E5763A1/55/0";"This file already contains a Background. Would you like to update the existing Background with the one you are adding?";"该文件中已经包含一个背景。您要用正在添加的背景替换已经存在的背景吗？";;
"0E5763A1/56/0";"Note: If you choose to add another Background, it might overlap the existing one.";"备注：如果您选择添加另外的背景，它将覆盖已经存在的内容。";;
"0E5763A1/142/0";"&amp;Update Existing";"更新已有对象(&amp;U)";;
"0E5763A1/143/0";"&amp;Add New";"添加新对象(&amp;A)";;
"0E5763A1/57/0";"Add &amp;Files...";"添加文件(&amp;F)...";;
"0E5763A1/58/0";"Total 0 File(s)";"共 0 个文件";;
"0E5763A1/59/0";"Arrange Your Files";"调整文件";;
"0E5763A1/60/0";"Move &amp;Up";"上移(&amp;U)";;
"0E5763A1/61/0";"Move &amp;Down";"下移(&amp;D)";;
"0E5763A1/62/0";"Re&amp;move";"移除(&amp;M)";;
"0E5763A1/63/0";"Output O&amp;ptions...";"输出选项(&amp;P)...";;
"0E5763A1/64/0";"Sa&amp;ved Settings:";"保存设置(&amp;V)：";;
"0E5763A1/65/0";"&amp;Save Settings...";"保存设置(&amp;S)...";;
"0E5763A1/66/0";"Font";"字体";;
"0E5763A1/67/0";"&amp;Name:";"名称(&amp;N)：";;
"0E5763A1/68/0";"Si&amp;ze:";"字号(&amp;Z)：";;
"0E5763A1/69/0";"C";"C";;
"0E5763A1/71/0";"Embed F&amp;ont";"嵌入字体(&amp;O)";;
"0E5763A1/72/0";"Margin (%s)";"边距(%s)";;
"0E5763A1/73/0";"&amp;Left:";"左(&amp;L)：";;
"0E5763A1/74/0";"&amp;Bottom:";"底部(&amp;B)：";;
"0E5763A1/75/0";"To&amp;p:";"顶部(&amp;P)：";;
"0E5763A1/76/0";"&amp;Right:";"右(&amp;R)：";;
"0E5763A1/77/0";"R&amp;ight Footer Text";"右侧页脚(&amp;I)";;
"0E5763A1/78/0";"Right &amp;Header Text";"右侧页眉(&amp;H)";;
"0E5763A1/79/0";"Left &amp;Footer Text";"左侧页脚(&amp;F)";;
"0E5763A1/80/0";"&amp;Macros:";"宏定义(&amp;M)：";;
"0E5763A1/81/0";"Page number and date format";"页码和日期格式";;
"0E5763A1/82/0";"Inser&amp;t";"插入(&amp;T)";;
"0E5763A1/83/0";"&amp;Center Header Text";"中间页眉(&amp;C)";;
"0E5763A1/84/0";"Left H&amp;eader Text";"左侧页眉(&amp;E)";;
"0E5763A1/85/0";"Center Footer Te&amp;xt";"中间页脚(&amp;X)";;
"0E5763A1/145/0";"Select Templ&amp;ate:";"选择模板(&amp;A)：";;
"0E5763A1/102/0";"&amp;Save Templates...";"保存模板(&amp;S)...";;
"0E5763A1/86/0";"&amp;Shrink document to avoid overwriting the document&apos;s text and graphics";"缩小文档以避免覆盖文档中的文字和图像(&amp;S)";;
"0E5763A1/87/0";"&amp;Keep position and size of header/footer text constant when printing on different page sizes";"在页面尺寸不同的页面上打印时，保持页眉页脚文字的位置和大小不变(&amp;K)";;
"0E5763A1/88/0";"Page Number and Date Format";"页码和日期格式";;
"0E5763A1/89/0";"&amp;Date Format:";"日期格式(&amp;D)：";;
"0E5763A1/90/0";"S&amp;tart Page Number:";"起始页码(&amp;T)：";;
"0E5763A1/91/0";"&amp;Page Number Format:";"页码格式(&amp;P)：";;
"0E5763A1/92/0";"Page Range Options";"页面范围选项";;
"0E5763A1/93/0";"&amp;Subset:";"子集(&amp;S)：";;
"0E5763A1/94/0";"&amp;All Pages";"所有页面(&amp;A)";;
"0E5763A1/95/0";"of";"/";;
"0E5763A1/96/0";"&amp;Pages From";"从页面(&amp;P)";;
"0E5763A1/97/0";"&amp;To";"到(&amp;T)";;
"0E5763A1/98/0";"Password";"密码";;
"0E5763A1/99/0";"This file is password protected. Please enter a password to open this Document.";"这是一个受保护的文档。请输入打开密码。";;
"0E5763A1/100/0";"&amp;Enter Password:";"输入密码(&amp;E)：";;
"0E5763A1/146/0";"Save Templates";"保存模板";;
"0E5763A1/147/0";"&amp;Save current template as:";"将当前模板另存为(&amp;S)：";;
"0E5763A1/106/0";"&amp;File";"文件(&amp;F)";;
"0E5763A1/107/0";"Te&amp;xt:";"文本(&amp;X)：";;
"0E5763A1/108/0";"Fo&amp;nt:";"字体(&amp;N)：";;
"0E5763A1/109/0";"S&amp;ize:";"字号(&amp;I)：";;
"0E5763A1/110/0";"P";"p";;
"0E5763A1/111/0";"&amp;-45?";"-45°(&amp;-)";;
"0E5763A1/112/0";"&amp;45?";"45°(&amp;4)";;
"0E5763A1/113/0";"N&amp;one";"无(&amp;O)";;
"0E5763A1/114/0";"&amp;Custom";"自定义(&amp;C)";;
"0E5763A1/115/0";"Rotation:";"旋转角度：";;
"0E5763A1/116/0";"Column spacing&amp;(Inches)";"列间距（英寸）(&amp;()";;
"0E5763A1/117/0";"Appear be&amp;hind page";"在页面下方显示(&amp;H)";;
"0E5763A1/118/0";"Appear on top of &amp;page";"在页面上方显示(&amp;P)";;
"0E5763A1/119/0";"Multiline watermar&amp;k tiling";"多行水印平铺(&amp;K)";;
"0E5763A1/120/0";"Location:";"位置：";;
"0E5763A1/121/0";"Row sp&amp;acing(Inches)";"行间距（英寸）(&amp;A)";;
"0E5763A1/122/0";"Show when &amp;displaying on screen";"在屏幕上显示时可见(&amp;D)";;
"0E5763A1/123/0";"&amp;Keep position and size of watermark text constant when printing on different page sizes";"在页面尺寸不同的页面上打印时，保持水印文字的位置和大小不变(&amp;K)";;
"0E5763A1/124/0";"Warnings and Errors";"警告和错误";;
"0E5763A1/125/0";"Output Options";"输出选项";;
"0E5763A1/126/0";"Target Folder";"目标文件夹";;
"0E5763A1/127/0";"&amp;The Same Folder Selected at Start";"启动时选择的文件夹(&amp;T)";;
"0E5763A1/128/0";"A &amp;Folder on My Computer";"本机上的文件夹(&amp;F)";;
"0E5763A1/129/0";"&amp;Browse...";"浏览(&amp;B)...";;
"0E5763A1/130/0";"File Naming";"文件命名";;
"0E5763A1/131/0";"&amp;Add to original file names:";"附加至原始文件名(&amp;A)：";;
"0E5763A1/132/0";"+original file name+";"+原始文件名+";;
"0E5763A1/133/0";"&amp;Keep original file names";"保留原始文件名(&amp;K)";;
"0E5763A1/134/0";"Insert After";"之后插入";;
"0E5763A1/135/0";".pdf";".pdf";;
"0E5763A1/136/0";"&amp;Replace file names with starting and ending Bates number (e.g.000100-000115.pdf)";"用开始与结束的贝茨数替换文件名 (e.g.000100-000115.pdf)(&amp;R)";;
"0E5763A1/137/0";"O&amp;verwrite existing files";"覆盖已经存在的文件(&amp;V)";;
"0E5763A1/138/0";"Insert Before";"之前插入";;
"0E5763A1/139/0";"&amp;Log File";"日志文件(&amp;L)";;
"0E5763A1/140/0";"&amp;Create log file";"创建日志文件(&amp;C)";;
"0E5763A1/141/0";"C&amp;hange log file location";"更改日志文件路径(&amp;H)";;
"0E553BFF/1/0";"The plugin is used to add or edit header & footer, watermark, background and Bates Numbering in the document.";"该插件用于在文档中添加或编辑页眉和页脚、水印、背景和贝茨数。";;
"0E553BFF/2/0";"Copyright ? 2010-2026 Foxit Software Inc. All Rights Reserved.";"2010-2026 福昕软件 版权所有。";;
"0E553BFF/164/0";"Administrator Templates";"管理员模板";;
"0E553BFF/3/0";"Bates Numbering";"贝茨数";;
"0E553BFF/4/0";"Background has been successfully applied to %d%[1] of %d%[2] PDF files";"背景成功应用到了%d%[1]/%d%[2]个PDF文件中。";;
"0E553BFF/165/0";"Delete background";"删除背景";;
"0E553BFF/166/0";"Export background";"导出背景";;
"0E553BFF/167/0";"Import background";"导入背景";;
"0E553BFF/5/0";"Background has been successfully removed from %d%[1] of %d%[2] PDF files.";"成功移除了%d%[1]/%d%[2]个PDF文件中的背景。";;
"0E553BFF/168/0";"Update the background templates configured by the administrator";"更新管理员配置的背景模板";;
"0E553BFF/6/0";"Add Background";"添加文档背景";;
"0E553BFF/7/0";"There are no backgrounds in this document.";"该文档中没有背景。";;
"0E553BFF/8/0";"Remove Background";"移除背景";;
"0E553BFF/9/0";"Do you want to delete the background from the document?";"您要删除该文档中的背景吗？";;
"0E553BFF/10/0";"Add background to the document";"在文档中添加背景";;
"0E553BFF/11/0";"Remove the original background from the document";"从文档中移除原有的背景";;
"0E553BFF/12/0";"Update Background";"更新文档背景";;
"0E553BFF/13/0";"Update an existing background";"更新已有背景";;
"0E553BFF/14/0";"Bates Number has been successfully applied to %d%[1] of %d%[2] PDF files.";"贝茨数成功应用到了%d%[1]/%d%[2]个PDF文件中。";;
"0E553BFF/15/0";"There is no Bates numbering in this document.";"该文档中没有贝茨数。";;
"0E553BFF/16/0";"Bates Numbering has been successfully removed from %d%[1] of %d%[2] PDF files.";"成功移除%d%[1]/%d%[2]个PDF文件中的贝茨数。";;
"0E553BFF/17/0";"Do you want to delete Bates Number from the document?";"您想删除文档中的贝茨数吗？";;
"0E553BFF/18/0";"Add unique serial numbers to all pages of one or more documents";" 添加唯一的序号至一个或者多个文档的全部页面";;
"0E553BFF/19/0";"Remove Bates numbering from this document";"从当前文档中移除贝茨数";;
"0E553BFF/20/0";"Removing Bates numbers...";"正在移除贝茨数...";;
"0E553BFF/21/0";"Organize";"页面管理";;
"0E553BFF/22/0";"More Colors...";"更多颜色...";;
"0E553BFF/23/0";"No color";"无颜色";;
"0E553BFF/24/0";"Other colors...";"其它颜色...";;
"0E553BFF/25/0";"Column spacing&amp;(%ls)";"列间距(%ls)(&amp;()";;
"0E553BFF/26/0";"You can only type numbers here.";"您只能在此处输入数字。";;
"0E553BFF/27/0";"Unacceptable character";"不可接受的字符";;
"0E553BFF/28/0";"Edit Background";"编辑背景";;
"0E553BFF/29/0";"Edit Bates Numbering";"编辑贝茨数";;
"0E553BFF/30/0";"Edit Header and Footer";"编辑页眉页脚";;
"0E553BFF/31/0";"Edit Watermark";"编辑水印";;
"0E553BFF/158/0";"&amp;Add New";"添加新对象(&amp;A)";;
"0E553BFF/159/0";"&amp;Update Existing";"更新已有对象(&amp;U)";;
"0E553BFF/32/0";"The source file you specified could not be found. Please try again.";"无法找到您指定的原始文件。请重试。";;
"0E553BFF/33/0";"Bottom";"底部";;
"0E553BFF/34/0";"Center";"居中";;
"0E553BFF/35/0";"Left";"左";;
"0E553BFF/36/0";"Right";"右";;
"0E553BFF/37/0";"Top";"顶部";;
"0E553BFF/38/0";"Header and Footer has been successfully applied to %d%[1] of %d%[2] PDF files.";"页眉页脚成功应用到了%d%[1]/%d%[2]个PDF文件中。";;
"0E553BFF/39/0";"The page selection is not valid. Please select a valid page range.";"页面选取非法，请重新选择页面范围。";;
"0E553BFF/40/0";"Header and Footer";"页眉和页脚";;
"0E553BFF/41/0";"Header &amp;&amp; Footer";"页眉/页脚";;
"0E553BFF/42/0";"Add Headers and Footers";"添加文档页眉和页脚";;
"0E553BFF/43/0";"m/d\\nm/d/yy\\nm/d/yyyy\\nmm/dd/yy\\nmm/dd/yyyy\\nd/m/yy\\nd/m/yyyy\\ndd/mm/yy\\ndd/mm/yyyy\\nmm/yy\\nmm/yyyy\\nm.d.yy\\nm.d.yyyy\\nmm.dd.yy\\nmm.dd.yyyy\\nmm.yy\\nd.m.yyyy\\ndd.mm.yy\\ndd.mm.yyyy\\nyy-mm-dd\\nyyyy-mm-dd";"m/d\\nm/d/yy\\nm/d/yyyy\\nmm/dd/yy\\nmm/dd/yyyy\\nd/m/yy\\nd/m/yyyy\\ndd/mm/yy\\ndd/mm/yyyy\\nmm/yy\\nmm/yyyy\\nm.d.yy\\nm.d.yyyy\\nmm.dd.yy\\nmm.dd.yyyy\\nmm.yy\\nd.m.yyyy\\ndd.mm.yy\\ndd.mm.yyyy\\nyy-mm-dd\\nyyyy-mm-dd";;
"0E553BFF/44/0";"Margin (%ls)";"页边距(%ls)";;
"0E553BFF/169/0";"Delete header and footer";"删除页眉和页脚";;
"0E553BFF/170/0";"Export header and footer";"导出页眉和页脚";;
"0E553BFF/171/0";"Import header and footer";"导入页眉和页脚";;
"0E553BFF/45/0";"There are no headers and footers in this document.";"该文档中没有页眉和页脚";;
"0E553BFF/176/0";"%d\\n%d of %d\\n%d/%d\\nPage %d\\nPage %d of %d\\n-%d-\\n";"%d\\n第%d/%d页\\n%d/%d\\n第%d页\\n第%d页，共%d页\\n-%d-\\n";;
"0E553BFF/177/0";"1\\n1 of n\\n1/n\\nPage 1\\nPage 1 of n\\n-1-\\n";"1\\n第1/n页\\n1/n\\n第1页\\n第1页，共n页\\n-1-\\n";;
"0E553BFF/48/0";"Header and Footer has been successfully removed from %d%[1] of %d%[2] PDF files.";"成功移除%d%[1]/%d%[2]个PDF文件中的页眉页脚。";;
"0E553BFF/49/0";"Do you want to delete the header and footer from the document?";"您要删除该文档中的页眉页脚吗？";;
"0E553BFF/50/0";"Add header and footer to the document";"在文档中添加页眉/页脚";;
"0E553BFF/51/0";"Remove the original header and footer from the document";"从文档中移除原有的页眉/页脚";;
"0E553BFF/52/0";"Update Header and Footers";"更新页眉和页脚";;
"0E553BFF/172/0";"Update the headers and footers templates configured by the administrator";"更新管理员配置的页眉和页脚模板";;
"0E553BFF/53/0";"Update the current header and footer";"更新当前的页眉页脚";;
"0E553BFF/54/0";"Page Marks";"页面标记";;
"0E553BFF/55/0";"Please enter a valid page range.";"请输入有效页面范围。";;
"0E553BFF/56/0";"The name is too long";"名字太长";;
"0E553BFF/173/0";"Personal Templates";"个人模板";;
"0E553BFF/57/0";"Add %ls";"添加%ls";;
"0E553BFF/58/0";"Note: If you choose to add another %ls, it might overlap the existing one.";"备注：如果您选择添加另外的%ls，它将覆盖已经存在的内容。";;
"0E553BFF/59/0";"This settings name already exists. Do you want to replace the old setting?";"该设置名称已经存在。您是否想要替换掉旧设置？";;
"0E553BFF/60/0";"Background";"背景";;
"0E553BFF/61/0";"Adding Backgrounds...";"添加背景...";;
"0E553BFF/62/0";"Finding Backgrounds...";"查找背景...";;
"0E553BFF/63/0";"Removing Backgrounds...";"移除背景...";;
"0E553BFF/64/0";"Updating Backgrounds...";"更新背景...";;
"0E553BFF/65/0";"The background content is empty, do you want to cancel this operation? Click &quot;Yes&quot; to exit the Background dialog box, or click &quot;No&quot; to continue with the current operations.";"背景内容为空，您要取消此次操作吗？点击“是”退出背景对话框，或者点击“否”继续当前操作。";;
"0E553BFF/66/0";"This file already contains a Background. Would you like to update the existing Background with the one you are adding?";"该文件中已经包含一个背景。您要用正在添加的背景替换已经存在的背景吗？";;
"0E553BFF/67/0";"Add Bates Numbering";"添加贝茨数";;
"0E553BFF/68/0";"Adding Bates Numbers...";"正在添加贝茨数...";;
"0E553BFF/69/0";"Finding Bates Numbers...";"正在查找贝茨数...";;
"0E553BFF/70/0";"Converting documents...";"正在转换文件...";;
"0E553BFF/71/0";"Remove Header &amp; Footer";"移除页眉&页脚";;
"0E553BFF/72/0";"Are you sure you want to delete the setting &quot;%ls&quot;?";"您确定要删除策略“%ls”？";;
"0E553BFF/73/0";"File error: not found or could not be opened.";"文件错误：没有找到或无法打开。";;
"0E553BFF/74/0";"Format error: not a PDF or corrupted.";"格式错误：不是一个 PDF 文件或该文件已损坏。";;
"0E553BFF/75/0";"This document is encrypted by an unsupported security handler.";"这个文档被不支持的加密机制所加密。";;
"0E553BFF/76/0";"There was an error opening the document. The file is corrupted and could not be repaired.";"打开文件时出现错误，该文件已被破坏且无法被修复。  ";;
"0E553BFF/77/0";"You do not have sufficient permissions to access the document.";"您没有足够的权限来操作文档。";;
"0E553BFF/78/0";"This document is encrypted by RMS protector, you have no access to do operations on it.";"该文档使用RMS保护器加密，您没有操作权限。";;
"0E553BFF/79/0";"Invalid password. Please input again.";"密码错误。请重新输入。";;
"0E553BFF/80/0";"The value must be between %lld%[1] and %lld%[2]";"数值必须介于%lld%[1]和%lld%[2]之间";;
"0E553BFF/81/0";"Name/Location/Size/Modified/Date";"名称/路径/大小/修改日期/创建日期";;
"0E553BFF/82/0";"&apos;%ls&apos; is protected. A password is needed to access this document.";"“%ls” 是加密文件。需要密码才能访问该文件。";;
"0E553BFF/83/0";"Adding Header and Footer...";"正在添加页眉页脚...";;
"0E553BFF/84/0";"Finding Header and Footer...";"正在查找页眉页脚...";;
"0E553BFF/85/0";"Removing Header and Footer...";"正在移除页眉页脚...";;
"0E553BFF/86/0";"Updating Header and Footer...";"正在更新页眉页脚...";;
"0E553BFF/87/0";"Header/Footer";"页眉/页脚";;
"0E553BFF/88/0";"The Header/Footer content is empty, do you want to cancel this operation? Click &quot;Yes&quot; to exit the Header/Footer dialog box, or click &quot;No&quot; to continue with the current operations.";"页眉页脚内容为空，您要取消此次操作吗？点击“是”退出页眉页脚对话框，或者点击“否”继续当前操作。";;
"0E553BFF/89/0";"This file already contains a Header/Footer. Would you like to update the existing Header/Footer with the one you are adding?";"该文件中已经包含一个页眉页脚。您要用正在添加的页眉页脚替换已经存在的页眉页脚吗？";;
"0E553BFF/90/0";"File names can&apos;t contain the following characters:\n            \\ / : * ? &quot;&quot; &lt; &gt; |";"文件名不能包含如下字符：\n            \\ / : * ? &quot;&quot; &lt; &gt; |";;
"0E553BFF/91/0";"Page Format";"页面格式";;
"0E553BFF/92/0";"You don&apos;t have the access rights to this encrypted document.";"您没有权限访问该加密文件。 ";;
"0E553BFF/93/0";"No documents can be handled.";"没有能处理的文件。";;
"0E553BFF/94/0";"[None Specified]";"[未指定]";;
"0E553BFF/174/0";"No Templates";"无模板";;
"0E553BFF/95/0";"PDF Files (*.pdf)|*.pdf||";"PDF 文件(*.pdf)|*.pdf||";;
"0E553BFF/96/0";"Remove Bates Numbering";"移除贝茨数";;
"0E553BFF/97/0";"Remove %ls";"移除%ls";;
"0E553BFF/98/0";"Add";"添加";;
"0E553BFF/99/0";"Please wait, this operation is rolled back...";"请稍候，操作正在回滚...";;
"0E553BFF/100/0";"This file already exists, there is no need to choose it again.";"文件已经存在，不需要再次选择。";;
"0E553BFF/101/0";"%ls needs to be saved. Do you want to save changes and continue?";"“%ls” 需要保存。 您希望保存当前更改并继续吗？";;
"0E553BFF/102/0";"All Supported Files (*.*)|*.pdf;*.ppdf;*.txt;*.text;*.htm;*.html;*.shtml;*.bmp;*.dib;*.jpg;*.jpeg;*.jpe;*.gif;*.tif;*.tiff;*.png;*.wps;*.doc;*.rtf;*.docx;*.dot;*.dotx;*.docm;*.dotm;*.ppt;*.pptx;*.pot;*.potx;*.pptm;*.ppsx;*.ppsm;*.potm;*.xls;*.xlt;*.xlsx;*.xltx;*.xlsm;*.xlsb;*.xltm;*.vsd;*.mpp;*.dwg;*.dxf;*.dwt;*.dwf;*.dst|";"所有可支持文件类型(*.*)|*.pdf;*.ppdf;*.txt;*.text;*.htm;*.html;*.shtml;*.bmp;*.dib;*.jpg;*.jpeg;*.jpe;*.gif;*.tif;*.tiff;*.png;*.wps;*.doc;*.rtf;*.docx;*.dot;*.dotx;*.docm;*.dotm;*.ppt;*.pptx;*.pot;*.potx;*.pptm;*.ppsx;*.ppsm;*.potm;*.xls;*.xlt;*.xlsx;*.xltx;*.xlsm;*.xlsb;*.xltm;*.vsd;*.mpp;*.dwg;*.dxf;*.dwt;*.dwf;*.dst|";;
"0E553BFF/103/0";"PDF Files (*.pdf,*.ppdf)|*.pdf;*.ppdf|Text Files (*.txt,*.text)|*.txt;*.text|HTML Files (*.htm,*.html,*.shtml)|*.htm;*.html;*.shtml|Image Files (*.bmp,*.dib,*.jpg,*.jpeg,*.jpe,*.gif,*.tif,*.tiff,*.png)|*.bmp;*.dib;*.jpg;*.jpeg;*.jpe;*.gif;*.tif;*.tiff;*.png|WPS File (*.wps)|*.wps|Microsoft Office Word (*.doc,*.rtf,*.docx,*.dot,*.dotx,*.docm,*.dotm)|*.doc;*.rtf;*.docx;*.dot;*.dotx;*.docm;*.dotm|Microsoft Office PowerPoint (*.ppt,*.pptx,*.pot,*.potx,*.pptm,*.ppsx,*.ppsm,*.potm)|*.ppt;*.pptx;*.pot;*.potx;*.pptm;*.ppsx;*.ppsm;*.potm|Microsoft Office Excel (*.xls,*.xlt,*.xlsx,*.xltx,*.xlsm,*.xlsb,*.xltm)|*.xls;*.xlt;*.xlsx;*.xltx;*.xlsm;*.xlsb;*.xltm|Microsoft Office Visio (*.vsd)|*.vsd|Microsoft Office Project (*.mpp)|*.mpp|AutoCAD Files (*.dwg,*.dxf,*.dwt,*.dwf,*.dst)|*.dwg;*.dxf;*.dwt;*.dwf;*.dst||";"PDF文件 (*.pdf,*.ppdf)|*.pdf;*.ppdf|文本文件 (*.txt,*.text)|*.txt;*.text|HTML文件 (*.htm,*.html,*.shtml)|*.htm;*.html;*.shtml|图像文件 (*.bmp,*.dib,*.jpg,*.jpeg,*.jpe,*.gif,*.tif,*.tiff,*.png)|*.bmp;*.dib;*.jpg;*.jpeg;*.jpe;*.gif;*.tif;*.tiff;*.png|WPS文件 (*.wps)|*.wps|Microsoft Office Word (*.doc,*.rtf,*.docx,*.dot,*.dotx,*.docm,*.dotm)|*.doc;*.rtf;*.docx;*.dot;*.dotx;*.docm;*.dotm|Microsoft Office PowerPoint (*.ppt,*.pptx,*.pot,*.potx,*.pptm,*.ppsx,*.ppsm,*.potm)|*.ppt;*.pptx;*.pot;*.potx;*.pptm;*.ppsx;*.ppsm;*.potm|Microsoft Office Excel (*.xls,*.xlt,*.xlsx,*.xltx,*.xlsm,*.xlsb,*.xltm)|*.xls;*.xlt;*.xlsx;*.xltx;*.xlsm;*.xlsb;*.xltm|Microsoft Office Visio (*.vsd)|*.vsd|Microsoft Office Project (*.mpp)|*.mpp|AutoCAD文件 (*.dwg,*.dxf,*.dwt,*.dwf,*.dst)|*.dwg;*.dxf;*.dwt;*.dwf;*.dst||";;
"0E553BFF/104/0";"Update %ls";"更新%ls";;
"0E553BFF/105/0";"Watermark";"水印";;
"0E553BFF/106/0";"Adding Watermarks...";"添加水印...";;
"0E553BFF/107/0";"Finding Watermarks...";"查找水印...";;
"0E553BFF/108/0";"Removing Watermarks...";"移除水印...";;
"0E553BFF/109/0";"Updating Watermarks...";"更新水印...";;
"0E553BFF/110/0";"The watermark content is empty, do you want to cancel this operation? Click &quot;Yes&quot; to exit the Watermark dialog box, or click &quot;No&quot; to continue with the current operations.";"水印内容为空，您要取消此次操作吗？点击“是”退出水印对话框，或者点击“否”继续当前操作。";;
"0E553BFF/111/0";"This file already contains a Watermark. Would you like to update the existing Watermark with the one you are adding?";"该文件中已经包含一个水印。您要用正在添加的水印替换已经存在的水印吗？";;
"0E553BFF/112/0";"Redoing %ls";"正在恢复 %ls";;
"0E553BFF/113/0";"Remove All";"全部移除";;
"0E553BFF/114/0";"Update";"更新";;
"0E553BFF/115/0";"If you have two or more sets of Bates numbers in the same location, they must have the same rotation values. Adding Bates numbering with a different rotation value will overwrite the old rotation value.";"如果您在同一个文件添加两组或者更多组的贝茨数，那么它们的旋转角度必须相同。如添加旋转角度不同的贝茨数，则会覆盖掉原有的贝茨数。 ";;
"0E553BFF/116/0";"rotation value";"旋转数值";;
"0E553BFF/117/0";"Row sp&amp;acing(%ls)";"行间距(%ls)(&amp;A)";;
"0E553BFF/118/0";"XML files*.xml";"XML文件*.xml";;
"0E553BFF/119/0";"This file is a PDF Portfolio, please select a single PDF to continue.";"该文件是个文件包，请选择一个单独的PDF文件后继续。";;
"0E553BFF/120/0";"All Supported Formats(*.bmp;*.dib;*.jpg;*.jpeg;*.jpe;*.gif;*.png;*.tif;*.tiff;*.pdf)|*.bmp;*.dib;*.jpg;*.jpeg;*.jpe;*.gif;*.png;*.tif;*.tiff;*.pdf|BMP (*.bmp;*.dib)|*.bmp;*.dib|JPEG (*.jpg;*.jpeg;*.jpe)|*.jpg;*.jpeg;*.jpe|GIF (*.gif)|*.gif|PNG (*.png)|*.png|TIFF (*.tif;*.tiff)|*.tif;*.tiff|PDF (*.pdf)|*.pdf||";"所有支持的格式(*.bmp;*.dib;*.jpg;*.jpeg;*.jpe;*.gif;*.png;*.tif;*.tiff;*.pdf)|*.bmp;*.dib;*.jpg;*.jpeg;*.jpe;*.gif;*.png;*.tif;*.tiff;*.pdf|BMP (*.bmp;*.dib)|*.bmp;*.dib|JPEG (*.jpg;*.jpeg;*.jpe)|*.jpg;*.jpeg;*.jpe|GIF (*.gif)|*.gif|PNG (*.png)|*.png|TIFF (*.tif;*.tiff)|*.tif;*.tiff|PDF (*.pdf)|*.pdf||";;
"0E553BFF/121/0";"All Supported Formats(*.*)(*.bmp *.dib *.jpg *.jpeg *.jpe *.gif *.png *.tif *.tiff *.pdf);;BMP (*.bmp *.dib)(*.bmp *.dib);;JPEG (*.jpg *.jpeg *.jpe)(*.jpg *.jpeg *.jpe);;GIF (*.gif)(*.gif);;PNG (*.png)(*.png);;TIFF (*.tif *.tiff)(*.tif *.tiff);;PDF (*.pdf)(*.pdf)";"所有支持的格式(*.*)(*.bmp *.dib *.jpg *.jpeg *.jpe *.gif *.png *.tif *.tiff *.pdf);;BMP (*.bmp *.dib)(*.bmp *.dib);;JPEG (*.jpg *.jpeg *.jpe)(*.jpg *.jpeg *.jpe);;GIF (*.gif)(*.gif);;PNG (*.png)(*.png);;TIFF (*.tif *.tiff)(*.tif *.tiff);;PDF (*.pdf)(*.pdf)";;
"0E553BFF/122/0";"Alignment";"对齐";;
"0E553BFF/123/0";"Bates Number";"贝茨数";;
"0E553BFF/124/0";"Date";"日期";;
"0E553BFF/125/0";"Date Format";"日期格式";;
"0E553BFF/126/0";"File Name";"文件名";;
"0E553BFF/127/0";"Page Number";"页码";;
"0E553BFF/161/0";"Last Custom Color";"上次的自定义颜色";;
"0E553BFF/128/0";"Add Header &amp; Footer";"添加页眉页脚";;
"0E553BFF/162/0";"Underline";"下划线";;
"0E553BFF/129/0";"Username";"用户名";;
"0E553BFF/163/0";"The larger image requires compression, which may cause distortion";"较大的图像需要压缩，这可能引起失真";;
"0E553BFF/130/0";"All pages in range";"范围内的所有页面";;
"0E553BFF/131/0";"Even pages only";"仅偶数页面";;
"0E553BFF/132/0";"Odd pages only";"仅奇数页面";;
"0E553BFF/133/0";"Total %d File(s)";"共 %d 个文件";;
"0E553BFF/134/0";"Undoing %ls";"正在撤销 %ls";;
"0E553BFF/135/0";"Centimeters";"厘米";;
"0E553BFF/136/0";"Inches";"英寸";;
"0E553BFF/137/0";"Millimeters";"毫米";;
"0E553BFF/138/0";"Percent";"百分比";;
"0E553BFF/139/0";"Picas";"派卡";;
"0E553BFF/140/0";"Points";"点";;
"0E553BFF/141/0";"Current Image";"当前图像";;
"0E553BFF/142/0";"Add Watermark";"添加文档水印";;
"0E553BFF/143/0";"Watermark has been successfully applied to %d%[1] of %d%[2] PDF files.";"水印成功应用到了%d%[1]/%d%[2]个PDF文件中。";;
"0E553BFF/144/0";"Delete watermark";"删除水印";;
"0E553BFF/145/0";"Export watermark";"导出水印";;
"0E553BFF/146/0";"Import watermark";"导入水印";;
"0E553BFF/147/0";"There are no watermarks in this document.";"该文档中没有水印。";;
"0E553BFF/148/0";"Remove Watermark";"移除水印";;
"0E553BFF/149/0";"Watermark has been successfully removed from %d%[1] of %d%[2] PDF files.";"成功移除%d%[1]/%d%[2]个PDF文件中的水印。";;
"0E553BFF/150/0";"Do you want to delete the watermark from the document?";"您要删除该文档中的水印吗？";;
"0E553BFF/151/0";"Add watermark to the document";"在文档中添加水印";;
"0E553BFF/152/0";"Remove the original watermark from the document";"从文档中移除原有的水印";;
"0E553BFF/153/0";"Update Watermark";"更新文档水印";;
"0E553BFF/175/0";"Update the watermark templates configured by the administrator";"更新管理员配置的水印模板";;
"0E553BFF/160/0";"Update an existing watermark";"更新已有水印";;
"0E553BFF/154/0";"Add username";"添加用户名";;
"0E553BFF/155/0";"Add Files...";"添加文件...";;
"0E553BFF/156/0";"Add Folder...";"添加文件夹...";;
"0E553BFF/157/0";"Add Open Files...";"添加打开的文件...";;
"0E5F74EE/63/0";"Resize Pages";"调整页面大小";;
"0E5F74EE/78/0";"&amp;Add Files...";"添加文件(&amp;A)...";;
"0E5F74EE/182/0";"&amp;Remove";"移除(&amp;R)";;
"0E5F74EE/67/0";"Page Size";"页面大小";;
"0E5F74EE/70/0";"Fi&amp;xed Sizes";"固定大小(&amp;X)";;
"0E5F74EE/83/0";"Page &amp;Size:";"页面大小(&amp;S)：";;
"0E5F74EE/165/0";"&amp;Orientation:";"方向(&amp;O)：";;
"0E5F74EE/71/0";"&amp;Custom";"自定义(&amp;C)";;
"0E5F74EE/17/0";"&amp;Width:";"宽度(&amp;W)：";;
"0E5F74EE/68/0";"Hei&amp;ght:";"高度(&amp;G)：";;
"0E5F74EE/8/0";"Constra&amp;in Proportions";"强制比例(&amp;I)";;
"0E5F74EE/69/0";"&amp;Units:";"单位(&amp;U)：";;
"0E5F74EE/187/0";"O&amp;ptions...";"选项(&amp;P)...";;
"0E5F74EE/72/0";"Resize page conten&amp;ts";"调整页面内容(&amp;T)";;
"0E5F74EE/163/0";"OK";"确定";;
"0E5F74EE/183/0";"Cancel";"取消";;
"0E5F74EE/1/0";"Dialog";"Dialog";;
"0E5F74EE/2/0";"Margin Controls";"边距控制";;
"0E5F74EE/96/0";"&amp;Top:";"顶部(&amp;T)：";;
"0E5F74EE/4/0";"&amp;Bottom:";"底部(&amp;B)：";;
"0E5F74EE/5/0";"&amp;Left:";"左边(&amp;L)：";;
"0E5F74EE/6/0";"Ri&amp;ght:";"右边(&amp;G)：";;
"0E5F74EE/7/0";"Re&amp;move White Margins";"移除空白边距(&amp;M)";;
"0E5F74EE/9/0";"Set To &amp;Zero";"设为零边距(&amp;Z)";;
"0E5F74EE/10/0";"&amp;Reset";"重置(&amp;R)";;
"0E5F74EE/11/0";"The previewed page is not included in the page range.";"预览页面不包含在页面范围内。";;
"0E5F74EE/12/0";"Change Page Size";"修改页面尺寸";;
"0E5F74EE/13/0";"&amp;Fixed Size";"固定尺寸(&amp;F)";;
"0E5F74EE/14/0";"&amp;YOffset:";"Y偏移量(&amp;Y):";;
"0E5F74EE/15/0";"&amp;XOffset:";"X偏移量(&amp;X):";;
"0E5F74EE/16/0";"&amp;Height:";"高度(&amp;H)：";;
"0E5F74EE/18/0";"C&amp;ustom";"自定义(&amp;U)";;
"0E5F74EE/19/0";"C&amp;enter";"居中(&amp;E)";;
"0E5F74EE/20/0";"Page Range";"页面范围";;
"0E5F74EE/21/0";"Cr&amp;op:";"裁剪(&amp;O)：";;
"0E5F74EE/22/0";"Sample: 1,5-9,12";"范例：1,5-9,12";;
"0E5F74EE/23/0";"of";"/";;
"0E5F74EE/41/0";"&amp;All Pages";"所有页面(&amp;A)";;
"0E5F74EE/65/0";"&amp;Page:";"页面(&amp;P)：";;
"0E5F74EE/26/0";"Show All Boxe&amp;s";"显示所有边框(&amp;S)";;
"0E5F74EE/27/0";"U&amp;nits:";"单位(&amp;N)：";;
"0E5F74EE/28/0";"pages";"页面";;
"0E5F74EE/29/0";"&amp;Page:";"页面(&amp;P)：";;
"0E5F74EE/30/0";"&amp;Delete:";"删除(&amp;D)：";;
"0E5F74EE/31/0";"&amp;Show Preview";"显示预览(&amp;S)";;
"0E5F74EE/32/0";"&amp;Pages:";"页面(&amp;P)：";;
"0E5F74EE/33/0";"Destination";"目标位置";;
"0E5F74EE/34/0";"&amp;Before page";"页面之前(&amp;B)";;
"0E5F74EE/35/0";"&amp;After Page";"在页面之后(&amp;A)";;
"0E5F74EE/36/0";"Be&amp;ginning of document";"文档开头(&amp;G)";;
"0E5F74EE/37/0";"&amp;End of document";"文档末尾(&amp;E)";;
"0E5F74EE/38/0";"Co&amp;unt of copies:";"副本数量(&amp;U)：";;
"0E5F74EE/39/0";"E&amp;xtract:";"提取(&amp;X)：";;
"0E5F74EE/40/0";"Pa&amp;ges:";"页面(&amp;G)：";;
"0E5F74EE/42/0";"Extract Mode";"提取模式";;
"0E5F74EE/43/0";"Extract &amp;pages as one PDF";"将页面提取为一个PDF文件(&amp;P)";;
"0E5F74EE/44/0";"Extract pages as several PDFs by co&amp;mma(,) sign";"通过逗号(,)标识将页面提取为多个PDF文件(&amp;M)";;
"0E5F74EE/45/0";"Extract &amp;each page as a PDF";"将每个页面提取为一个PDF文件(&amp;E)";;
"0E5F74EE/46/0";"&amp;Delete the pages after extraction";"在导出之后删除页面(&amp;D)";;
"0E5F74EE/47/0";"&amp;Immediately save extracted pages";"立即保存导出的页面(&amp;I)";;
"0E5F74EE/178/0";"Preserves the visual appeara&amp;nce and properties of the digital signature";"保留数字签名的外观和属性(&amp;N)";;
"0E5F74EE/48/0";"Output Folder";"输出文件夹";;
"0E5F74EE/49/0";"&amp;Same as source";"和原始文件保存在同一文件夹下(&amp;S)";;
"0E5F74EE/50/0";"&amp;In";"保存到(&amp;I)";;
"0E5F74EE/51/0";"&amp;Browse...";"浏览(&amp;B)...";;
"0E5F74EE/52/0";"File Name";"文件名";;
"0E5F74EE/53/0";"&amp;Keep original file names";"保留原始文件名(&amp;K)";;
"0E5F74EE/54/0";"&amp;Add to original file names:";"附加至原始文件名(&amp;A)：";;
"0E5F74EE/55/0";"Insert Before";"之前插入";;
"0E5F74EE/56/0";"Insert After";"之后插入";;
"0E5F74EE/57/0";"+ original file name +";"+ 原始文件名 +";;
"0E5F74EE/58/0";".pdf";".pdf";;
"0E5F74EE/59/0";"O&amp;verwrite existing files";"覆盖已经存在的文件(&amp;V)";;
"0E5F74EE/60/0";"Pages will be rearranged by bookmark order, do you want to continue?";"页面将按书签顺序重新排列，您是否想要继续？";;
"0E5F74EE/61/0";"&amp;Don&apos;t ask again";"不要再次询问(&amp;D)";;
"0E5F74EE/62/0";"Rename File";"文件重命名";;
"0E5F74EE/164/0";"Skip";"跳过";;
"0E5F74EE/64/0";"Sample:1,5-9,12";"范例：1,5-9,12";;
"0E5F74EE/66/0";"&amp;Resize:";"重设大小(&amp;R)：";;
"0E5F74EE/184/0";"&amp;Fixed Sizes";"固定大小(&amp;F)";;
"0E5F74EE/73/0";"Direction";"方向";;
"0E5F74EE/74/0";"Clock&amp;wise 90 degrees";"顺时针旋转90度(&amp;W)";;
"0E5F74EE/75/0";"Cou&amp;nterclockwise 90 degrees";"逆时针旋转90度(&amp;N)";;
"0E5F74EE/76/0";"&amp;180 degrees";"180度(&amp;1)";;
"0E5F74EE/77/0";"&amp;Rotate:";"旋转(&amp;R)：";;
"0E5F74EE/185/0";"&amp;Select More Files...";"选择更多文件(&amp;S)...";;
"0E5F74EE/79/0";"Split document by";"拆分文档";;
"0E5F74EE/80/0";"Number of &amp;pages";"页数(&amp;P)";;
"0E5F74EE/81/0";"&amp;Max pages:";"最大页数(&amp;M)：";;
"0E5F74EE/82/0";"Ma&amp;x MB:";"最大MB(&amp;X)：";;
"0E5F74EE/84/0";"Blan&amp;k Page";"空白页面(&amp;K)";;
"0E5F74EE/166/0";"Page &amp;Range (Sample: 1, 2-7, 8-10)";"页面范围（范例：1, 2-7, 8-10）(&amp;R)";;
"0E5F74EE/85/0";"&amp;File Size";"文件大小(&amp;F)";;
"0E5F74EE/86/0";"Top-Level &amp;Bookmarks";"一级书签(&amp;B)";;
"0E5F74EE/186/0";"O&amp;utput Options...";"输出选项(&amp;U)...";;
"0E5F74EE/88/0";"Use top-level book&amp;mark names for file names";"文件名使用一级书签名(&amp;M)";;
"0E5F74EE/89/0";"Add label and number be&amp;fore original name";"在原始文件名前添加标签和编号(&amp;F)";;
"0E5F74EE/90/0";"Add label and number &amp;after original name";"在原始文件名后添加标签和编号(&amp;A)";;
"0E5F74EE/91/0";"Use &amp;label:";"使用标签(&amp;L)：";;
"0E5F74EE/92/0";"Use se&amp;parator between original name and label:";"在原始文件名和标签之间使用分隔符(&amp;P)：";;
"0E5F74EE/93/0";"&amp;Do not overwrite existing files";"不要覆盖已有文件(&amp;D)";;
"0E5F74EE/169/0";"Add Dividing Line";"添加分割线";;
"0E5F74EE/170/0";"Add";"添加";;
"0E5F74EE/171/0";"v&amp;ertical line, evenly split";"竖线，均匀分割(&amp;E)";;
"0E5F74EE/172/0";"&amp;Vertical line";"垂直线(&amp;V)";;
"0E5F74EE/173/0";"h&amp;orizontal line, evenly split";"水平线，均匀分割(&amp;O)";;
"0E5F74EE/174/0";"&amp;Horizontal line";"水平线(&amp;H)";;
"0E5F74EE/175/0";"&amp;Current page";"当前页(&amp;C)";;
"0E5F74EE/176/0";"&amp;All pages";"所有页面(&amp;A)";;
"0E5F74EE/95/0";"C&amp;ustom pages";"自定义页面(&amp;U)";;
"0E5F74EE/177/0";"Output Settings";"输出设置";;
"0E5F74EE/192/0";"&amp;Delete the original page after splitting";"拆分后删除原始页面(&amp;D)";;
"0E5F74EE/167/0";"Preview";"预览";;
"0E5F74EE/180/0";"5";"5";;
"0E5F74EE/94/0";"Do not show this message again";"不再显示该消息";;
"0E5F74EE/179/0";"Swap Two Pages";"交换页面";;
"0E5F74EE/160/0";"&amp;For:";"与(&amp;F)：";;
"0E5F74EE/97/0";"&amp;Swap:";"交换(&amp;S)";;
"0E5F74EE/98/0";"Dialog";"Dialog";;
"0E5F74EE/99/0";"Destination";"目标位置";;
"0E5F74EE/100/0";"of";"/";;
"0E5F74EE/101/0";"&amp;After page";"页面之后(&amp;A)";;
"0E5F74EE/102/0";"&amp;Before page";"页面之前(&amp;B)";;
"0E5F74EE/103/0";"Be&amp;ginning of document";"文档开头(&amp;G)";;
"0E5F74EE/104/0";"&amp;End of document";"文档末尾(&amp;E)";;
"0E5F74EE/105/0";"&amp;Insert pages count:";"插入页面数(&amp;I)：";;
"0E5F74EE/106/0";"Dialog";"Dialog";;
"0E5F74EE/107/0";"&amp;Add Files...";"添加文件(&amp;A)...";;
"0E5F74EE/108/0";"Move &amp;Up";"上移(&amp;U)";;
"0E5F74EE/109/0";"Move &amp;Down";"下移(&amp;D)";;
"0E5F74EE/110/0";"&amp;Remove";"移除(&amp;R)";;
"0E5F74EE/111/0";"Select Source Pages";"选择原始文件";;
"0E5F74EE/113/0";"of";"/";;
"0E5F74EE/114/0";"Sample: 1,5-9,12";"范例：1,5-9,12";;
"0E5F74EE/132/0";"&amp;Page:";"页面(&amp;P)：";;
"0E5F74EE/115/0";"pages";"页面";;
"0E5F74EE/116/0";"No file selected.";"未选择文件。";;
"0E5F74EE/117/0";"Insert To";"插入到";;
"0E5F74EE/119/0";"&amp;End of document";"文档末尾(&amp;E)";;
"0E5F74EE/118/0";"&amp;Before page";"页面之前(&amp;B)";;
"0E5F74EE/120/0";"A&amp;fter page";"页面之后(&amp;A)";;
"0E5F74EE/121/0";"Beginnin&amp;g of document";"文档开头(&amp;G)";;
"0E5F74EE/122/0";"&amp;Keep source pages after inserting";"插入页面后保留源页面(&amp;K)";;
"0E5F74EE/123/0";"De&amp;lete source pages after inserting";"插入页面后删除源页面(&amp;L)";;
"0E5F74EE/191/0";"Preserves the visual appeara&amp;nce and properties of the digital signature";"保留数字签名的外观和属性(&amp;I)";;
"0E5F74EE/124/0";"S&amp;how Preview";"显示预览(&amp;H)";;
"0E5F74EE/125/0";"Ou&amp;tput Options...";"输出选项(&amp;U)...";;
"0E5F74EE/149/0";"Interleave files into a single PDF";"交错合并文件到一个单独的PDF文件";;
"0E5F74EE/135/0";"File:";"文件：";;
"0E5F74EE/128/0";"&amp;Even pages:";"偶数页(&amp;E)：";;
"0E5F74EE/150/0";"&amp;Odd pages:";"奇数页(&amp;O)：";;
"0E5F74EE/151/0";"Preview:";"预览：";;
"0E5F74EE/152/0";"/";"/";;
"0E5F74EE/153/0";"&amp;Preview page:";"页面预览(&amp;P)：";;
"0E5F74EE/154/0";"Reverse Order";"逆页序";;
"0E5F74EE/133/0";"O&amp;dd pages:";"奇数页(&amp;D)：";;
"0E5F74EE/155/0";"E&amp;ven pages:";"偶数页(&amp;V)：";;
"0E5F74EE/136/0";"No preview";"无预览";;
"0E5F74EE/126/0";"Select pages to replace";"选择要替换页面";;
"0E5F74EE/156/0";"Replace pages:";"替换页面：";;
"0E5F74EE/130/0";"in";"在";;
"0E5F74EE/129/0";"&amp;From:";"从(&amp;F)：";;
"0E5F74EE/127/0";"&amp;To:";"到(&amp;T)：";;
"0E5F74EE/131/0";"Select replacement pages";"选择替换页面";;
"0E5F74EE/157/0";"Replace with pages:";"用如下页面替换：";;
"0E5F74EE/134/0";"&amp;Browse...";"浏览(&amp;B)...";;
"0E5F74EE/158/0";"Select file:";"选择文件：";;
"0E5F74EE/190/0";"Preserve existing annotations on the &amp;replacement page";"保留替换页面上已存在的标注(&amp;R)";;
"0E5F74EE/189/0";"Preserves the visual appeara&amp;nce and properties of the digital signature on the replacement page";"保留替换页面上数字签名的外观和属性(&amp;N)";;
"0E5F74EE/159/0";"&amp;Show Preview";"显示预览(&amp;S)";;
"0E5F74EE/141/0";"OpenFileDlg";"OpenFileDlg";;
"0E5F74EE/142/0";"ReverseDlg";"ReverseDlg";;
"0E5F74EE/143/0";"Page Range";"页面范围";;
"0E5F74EE/147/0";"Sample: 1,5-9,12";"范例：1,5-9,12";;
"0E5F74EE/146/0";"&amp;Pages:";"页面(&amp;P)：";;
"0E5F74EE/148/0";"&amp;All Pages";"所有页面(&amp;A)";;
"0E5F74EE/181/0";"of";"/";;
"0E5F74EE/145/0";"S&amp;ubset:";"子集(&amp;U)：";;
"05C6739C/1/0";"The plugin allows users to re-organize PDF documents to modify existing PDFs or create new PDFs from pages of existing documents.";"该插件允许用户重新组织PDF文档以修改现有PDF或从现有文档的页面创建新的PDF。";;
"05C6739C/2/0";"Copyright ? 2010-2026 Foxit Software Inc. All Rights Reserved.";"2010-2026 福昕软件 版权所有。";;
"05C6739C/3/0";"Add &amp;Files...";"添加文件(&amp;F)...";;
"05C6739C/4/0";"Add Fol&amp;der...";"添加文件夹(&amp;D)...";;
"05C6739C/5/0";"Add &amp;Open Files...";"添加打开的文件(&amp;O)...";;
"05C6739C/243/0";"Adjusting Order...";"正在调整顺序...";;
"05C6739C/6/0";"After page %d of %d";"在页面之后 %d / %d";;
"05C6739C/281/0";"Resizing page (%d of %d) ...";"正在重置页面 (%d / %d) ...";;
"05C6739C/7/0";"Before page %d of %d";"在页面之前 %d / %d";;
"05C6739C/8/0";"Beginning of document";"文档开头";;
"05C6739C/9/0";"From Clipboard";"从剪贴板";;
"05C6739C/10/0";"Clockwise rotation for current page";"当前页面顺时针旋转";;
"05C6739C/11/0";"CounterClockwise rotation for current page";"当前页面逆时针旋转";;
"05C6739C/12/0";"CropBox|ArtBox|TrimBox|BleedBox";"裁剪框|艺术框|修剪框|溢出框";;
"05C6739C/13/0";"Cropped page size|ArtBox size|TrimBox size|BleedBox size|Expanded page size";"裁剪的页面大小|艺术框大小|修剪框大小|溢出框大小|扩展页大小";;
"05C6739C/14/0";"Cropping page|(|pages left)";"裁剪页面中|(|页剩余)";;
"05C6739C/15/0";"pt|inch|cm|pc|mm";"点|英寸|厘米|派卡|毫米";;
"05C6739C/16/0";"The scope of the page is not effective shear range.";"页面范围不是有效的裁剪区域。";;
"05C6739C/17/0";"Do you want to delete the selected page(s)? If undone, some formatting may not be restored.";"您要删除选定的页面吗？如果撤消，某些格式可能无法恢复。";;
"05C6739C/265/0";"Blank pages";"空白页";;
"05C6739C/18/0";"Do you want to delete the selected page(s)? The operation cannot be undone.";"您确定要删除所选定的页面？该操作不能被撤消。";;
"05C6739C/19/0";"Media Files (*.mp3;*.swf;*.mp4)|*.mp3;*.swf;*.mp4|";"多媒体文件 (*.mp3;*.swf;*.mp4)|*.mp3;*.swf;*.mp4|";;
"05C6739C/20/0";"End of document";"文档末尾";;
"05C6739C/21/0";"There was an error opening %ls. This file is damaged and could not be repaired.";"打开%ls时出现错误。该文件已被破坏且无法被修复。";;
"05C6739C/22/0";"Extracted pages from ";"导出页面自 ";;
"05C6739C/23/0";"The file name is invalid, which is usually because the file name is too long.";"文件名无效，这通常是因为文件名太长。";;
"05C6739C/24/0";"The file name is too long.";"文件名太长";;
"05C6739C/25/0";"All Supported Files(*.*)|*.pdf;*.txt;*.text;*.htm;*.html;*.shtml;*.bmp;*.dib;*.jpg;*.jpeg;*.jpe;*.gif;*.tif;*.tiff;*.png;*.wps;*.doc;*.rtf;*.docx;*.dot;*.dotx;*.docm;*.dotm;*.ppt;*.pptx;*.pot;*.potx;*.pptm;*.ppsx;*.ppsm;*.potm;*.xls;*.xlt;*.xlsx;*.xltx;*.xlsm;*.xlsb;*.xltm;*.vsd;*.mpp;*.dwg;*.dxf;*.dwt;*.dwf;*.dst;*.mp3;*.swf;*.mp4;*.jpf;*.jpx;*.jp2;*.j2k;*.j2c;*.jpc|";"所有可支持文件类型(*.*)|*.pdf;*.txt;*.text;*.htm;*.html;*.shtml;*.bmp;*.dib;*.jpg;*.jpeg;*.jpe;*.gif;*.tif;*.tiff;*.png;*.wps;*.doc;*.rtf;*.docx;*.dot;*.dotx;*.docm;*.dotm;*.ppt;*.pptx;*.pot;*.potx;*.pptm;*.ppsx;*.ppsm;*.potm;*.xls;*.xlt;*.xlsx;*.xltx;*.xlsm;*.xlsb;*.xltm;*.vsd;*.mpp;*.dwg;*.dxf;*.dwt;*.dwf;*.dst;*.mp3;*.swf;*.mp4;*.jpf;*.jpx;*.jp2;*.j2k;*.j2c;*.jpc|";;
"05C6739C/26/0";"AutoCAD Files (*.dwg,*.dxf,*.dwt,*.dwf,*.dst)|*.dwg;*.dxf;*.dwt;*.dwf;*.dst|";"AutoCAD文件 (*.dwg,*.dxf,*.dwt,*.dwf,*.dst)|*.dwg;*.dxf;*.dwt;*.dwf;*.dst|";;
"05C6739C/27/0";"Microsoft Office Excel (*.xls,*.xlt,*.xlsx,*.xltx,*.xlsm,*.xlsb,*.xltm)|*.xls;*.xlt;*.xlsx;*.xltx;*.xlsm;*.xlsb;*.xltm|";"Microsoft Office Excel (*.xls,*.xlt,*.xlsx,*.xltx,*.xlsm,*.xlsb,*.xltm)|*.xls;*.xlt;*.xlsx;*.xltx;*.xlsm;*.xlsb;*.xltm|";;
"05C6739C/28/0";"HTML Files (*.htm,*.html,*.shtml)|*.htm;*.html;*.shtml|";"HTML文件(*.htm,*.html,*.shtml)|*.htm;*.html;*.shtml|";;
"05C6739C/29/0";"Image Files (*.bmp,*.dib,*.jpg,*.jpeg,*.jpe,*.gif,*.tif,*.tiff,*.png,*.jpf,*.jpx ,*.jp2,*.j2k,*.j2c,*.jpc)|*.bmp;*.dib;*.jpg;*.jpeg;*.jpe;*.gif;*.tif;*.tiff;*.png;*.jpf;*.jpx;*.jp2;*.j2k;*.j2c;*.jpc|";"图像文件 (*.bmp,*.dib,*.jpg,*.jpeg,*.jpe,*.gif,*.tif,*.tiff,*.png,*.jpf,*.jpx ,*.jp2,*.j2k,*.j2c,*.jpc)|*.bmp;*.dib;*.jpg;*.jpeg;*.jpe;*.gif;*.tif;*.tiff;*.png;*.jpf;*.jpx;*.jp2;*.j2k;*.j2c;*.jpc|";;
"05C6739C/235/0";"All Supported Files (*.*)";"所有可支持的文件 (*.*)";;
"05C6739C/238/0";"Microsoft Office Excel (*.xls *.xlsx *.xlsm *.xlsb)";"Microsoft Office Excel (*.xls *.xlsx *.xlsm *.xlsb)";;
"05C6739C/237/0";"HTML (*.htm *.html *.shtml)";"HTML (*.htm *.html *.shtml)";;
"05C6739C/242/0";"All Image Files (*.bmp *.dib *.jpg *.jpeg *.jpe *.gif *.tif *.tiff *.png)";"所有图像文件 (*.bmp *.dib *.jpg *.jpeg *.jpe *.gif *.tif *.tiff *.png)";;
"05C6739C/236/0";"PDF (*.pdf)";"PDF (*.pdf)";;
"05C6739C/240/0";"Microsoft Office PowerPoint (*.ppt *.pptx *.pptm)";"Microsoft Office PowerPoint (*.ppt *.pptx)";;
"05C6739C/241/0";"Txt (*.txt *.text)";"Txt (*.txt *.text)";;
"05C6739C/239/0";"Microsoft Office Word (*.doc *.rtf *.docx *.docm)";"Microsoft Office Word (*.doc *.rtf *.docx *.docm)";;
"05C6739C/30/0";"Multimedia Files (*.mp3,*.swf,*.mp4)|*.mp3;*.swf;*.mp4|";"多媒体文件 (*.mp3;*.swf;*.mp4)|*.mp3;*.swf;*.mp4|";;
"05C6739C/31/0";"PDF Files (*.pdf)|*.pdf|";"PDF文件(*.pdf)|*.pdf|";;
"05C6739C/32/0";"Microsoft Office PowerPoint (*.ppt,*.pptx,*.pot,*.potx,*.pptm,*.ppsx,*.ppsm,*.potm)|*.ppt;*.pptx;*.pot;*.potx;*.pptm;*.ppsx;*.ppsm;*.potm|";"Microsoft Office PowerPoint (*.ppt,*.pptx,*.pot,*.potx,*.pptm,*.ppsx,*.ppsm,*.potm)|*.ppt;*.pptx;*.pot;*.potx;*.pptm;*.ppsx;*.ppsm;*.potm|";;
"05C6739C/33/0";"Microsoft Office Project (*.mpp)|*.mpp|";"Microsoft Office Project (*.mpp)|*.mpp|";;
"05C6739C/34/0";"Text Files (*.txt,*.text)|*.txt;*.text|";"文本文件(*.txt,*.text)|*.txt;*.text|";;
"05C6739C/35/0";"Microsoft Office Visio (*.vsd)|*.vsd|";"Microsoft Office Visio (*.vsd)|*.vsd|";;
"05C6739C/36/0";"Microsoft Office Word (*.doc,*.rtf,*.docx,*.dot,*.dotx,*.docm,*.dotm)|*.doc;*.rtf;*.docx;*.dot;*.dotx;*.docm;*.dotm|";"Microsoft Office Word (*.doc,*.rtf,*.docx,*.dot,*.dotx,*.docm,*.dotm)|*.doc;*.rtf;*.docx;*.dot;*.dotx;*.docm;*.dotm|";;
"05C6739C/37/0";"WPS File (*.wps)|*.wps|";"WPS文件(*.wps)|*.wps|";;
"05C6739C/38/0";"Letter\\n612\\n792\\nHalfletter\\n396\\n612\\nLegal\\n612\\n1008\\nNote\\n540\\n720\\nExecutive\\n522\\n756\\nPostcard\\n283\\n416\\nLedger\\n1224\\n792\\nTabloid\\n792\\n1224\\nStatement\\n396\\n612\\nScreen\\n468\\n373\\nAnsiC\\n1224\\n1584\\nAnsiD\\n1584\\n2448\\nAnsiE\\n2448\\n3168\\nAnsiF\\n2016\\n2880\\nARCHA\\n648\\n864\\nARCHB\\n864\\n1296\\nARCHC\\n1296\\n1728\\nARCHD\\n1728\\n2592\\nARCHE\\n2592\\n3456\\nARCHE1\\n2160\\n3024\\nARCHE2\\n1872\\n2736\\nARCHE3\\n1944\\n2808\\nA10\\n74\\n105\\nA9\\n105\\n148\\nA8\\n148\\n210\\nA7\\n210\\n297\\nA6\\n297\\n421\\nA5\\n421\\n595\\nA4\\n595\\n842\\nA3\\n842\\n1191\\nA2\\n1191\\n1684\\nA1\\n1684\\n2384\\nA0\\n2384\\n3370\\nOversizeA2\\n1361\\n1772\\nOversizeA1\\n1772\\n2551\\nOversizeA0\\n2551\\n3529\\nISOB5\\n499\\n709\\nISOB4\\n709\\n1001\\nISOB3\\n1001\\n1417\\nISOB2\\n1417\\n2004\\nISOB1\\n2004\\n2835\\nISOB0\\n2835\\n4008\\nC5\\n459\\n649\\nJISB5\\n516\\n729\\nJISB4\\n729\\n1032\\nJISB3\\n1032\\n1460\\nJISB2\\n1460\\n2064\\nJISB1\\n2064\\n2920\\nJISB0\\n2920\\n4127\\nOversize92\\n6624\\n6624\\nSlide\\n540\\n720";"Letter\\n612\\n792\\nHalfletter\\n396\\n612\\nLegal\\n612\\n1008\\nNote\\n540\\n720\\nExecutive\\n522\\n756\\nPostcard\\n283\\n416\\nLedger\\n1224\\n792\\nTabloid\\n792\\n1224\\nStatement\\n396\\n612\\nScreen\\n468\\n373\\nAnsiC\\n1224\\n1584\\nAnsiD\\n1584\\n2448\\nAnsiE\\n2448\\n3168\\nAnsiF\\n2016\\n2880\\nARCHA\\n648\\n864\\nARCHB\\n864\\n1296\\nARCHC\\n1296\\n1728\\nARCHD\\n1728\\n2592\\nARCHE\\n2592\\n3456\\nARCHE1\\n2160\\n3024\\nARCHE2\\n1872\\n2736\\nARCHE3\\n1944\\n2808\\nA10\\n74\\n105\\nA9\\n105\\n148\\nA8\\n148\\n210\\nA7\\n210\\n297\\nA6\\n297\\n421\\nA5\\n421\\n595\\nA4\\n595\\n842\\nA3\\n842\\n1191\\nA2\\n1191\\n1684\\nA1\\n1684\\n2384\\nA0\\n2384\\n3370\\nOversizeA2\\n1361\\n1772\\nOversizeA1\\n1772\\n2551\\nOversizeA0\\n2551\\n3529\\nISOB5\\n499\\n709\\nISOB4\\n709\\n1001\\nISOB3\\n1001\\n1417\\nISOB2\\n1417\\n2004\\nISOB1\\n2004\\n2835\\nISOB0\\n2835\\n4008\\nC5\\n459\\n649\\nJISB5\\n516\\n729\\nJISB4\\n729\\n1032\\nJISB3\\n1032\\n1460\\nJISB2\\n1460\\n2064\\nJISB1\\n2064\\n2920\\nJISB0\\n2920\\n4127\\nOversize92\\n6624\\n6624\\nSlide\\n540\\n720";;
"05C6739C/39/0";"Insert Blank Page";"插入空白页";;
"05C6739C/40/0";"Inserting %ls%[1] (%d%[2] of %d%[3])";"正在插入 %ls%[1] (%d%[2]/%d%[3])";;
"05C6739C/41/0";"Converting %ls%[1] (%d%[2] of %d%[3])";"正在转换%ls%[1] (%d%[2]/%d%[3])";;
"05C6739C/42/0";"Preview the non-PDF files? (Needs to be converted)";"预览非PDF文件？（文件需要被转换）";;
"05C6739C/43/0";"Inserting pages into %ls%[1] (%d%[2] of %d%[3])";"插入页面到%ls%[1] (%d%[2]/%d%[3])";;
"05C6739C/44/0";"Name|Location|Size|Type|Added Time|Selected Page Range|Insert to";"名称|位置|尺寸|类型|添加时间|选择页面范围|插入到";;
"05C6739C/45/0";"%d%[1] files could not be inserted due to a %ls%[2] printer error.";"由于%ls%[2]打印机错误，%d%[1]个文件无法进行插入。";;
"05C6739C/46/0";"Processing...Please stand by.";"进行中...请稍候。";;
"05C6739C/262/0";"Scanning %ls%[1] (%d%[2] files selected)";"正在扫描%ls%[1]（已选择%d%[2]个文件）";;
"05C6739C/47/0";"All supported files in the selected folder and subfolders will be added.";"选择的文件夹和子文件夹中所有支持的文件都会被添加。";;
"05C6739C/48/0";"Inserting pages";"正在插入页面";;
"05C6739C/49/0";"Insert Pages Into";"插入页面到";;
"05C6739C/50/0";"Insert Pages From";"插入页面";;
"05C6739C/51/0";"No file selected";"没有选择文件";;
"05C6739C/52/0";"Insert from web page";"从网页插入";;
"05C6739C/53/0";"Whole file will be inserted";" 整个文件将被插入";;
"05C6739C/283/0";"Page content error: Failed to retrieve page dimensions. Blank page insertion aborted.";"页面内容错误：无法获取页面尺寸。空白页插入已中止。";;
"05C6739C/244/0";"Interleave failed.";"交叉合并失败。";;
"05C6739C/255/0";"Page";"页面";;
"05C6739C/54/0";"The insertion failed.";"插入失败。";;
"05C6739C/55/0";"Successfully inserted into %d file(s).";"已经成功插入到%d个文件中。";;
"05C6739C/56/0";"The insertion was successful in %d%[1] file(s) but failed in the other %d%[2] file(s).";"%d%[1]个文件插入成功，其它%d%[2]个文件执行失败。";;
"05C6739C/57/0";"Are you sure you want to insert the pages into &quot;%ls&quot; ? The file will be no longer compliant with PDF/A standard after insertion.";"您确定您想要将页面插入到&quot;&quot;%ls&quot;&quot;中？插入完成后，该文件将不再兼容于PDF/A标准。";;
"05C6739C/58/0";"The &quot;%ls&quot; contains digital signature. If inserting pages into it, the signature will become invalid. Do you want to continue?";"&quot;&quot;%ls&quot;&quot;包含数字签名。如果在其中插入页面，签名将失效。您想要继续吗？";;
"05C6739C/59/0";"&quot;%ls&quot; Invalid file format.";"“%ls” 不合法的文件格式。";;
"05C6739C/60/0";"Organize";"页面管理";;
"05C6739C/61/0";"Organi&amp;ze";"页面管理(&amp;Z)";;
"05C6739C/62/0";"Cr&amp;op Pages...";"裁剪页面(&amp;O)...";;
"05C6739C/63/0";"&amp;Delete Pages...";"删除页面(&amp;D)...";;
"05C6739C/64/0";"D&amp;uplicate Pages...";"复制页面(&U)...";;
"05C6739C/65/0";"&amp;Extract Pages...";"提取页面(&amp;E)...";;
"05C6739C/66/0";"&amp;Blank Page...";"空白页面(&amp;B)...";;
"05C6739C/67/0";"From &amp;Clipboard...";"从剪贴板(&amp;C)...";;
"05C6739C/68/0";"From &amp;File...";"从文件(&amp;F)...";;
"05C6739C/69/0";"From Fol&amp;der...";"从文件夹(&amp;D)...";;
"05C6739C/70/0";"From &amp;Open Files...";"从打开的文件(&amp;O)...";;
"05C6739C/71/0";"From &amp;Scanner...";"从扫描仪(&amp;S)...";;
"05C6739C/72/0";"&amp;Move Pages...";"移动页面(&amp;M)...";;
"05C6739C/73/0";"&amp;Replace Pages...";"替换页面(&amp;R)...";;
"05C6739C/74/0";"Ro&amp;tate Pages...";"旋转页面(&amp;T)...";;
"05C6739C/75/0";"S&amp;plit Document...";"拆分文档(&amp;P)...";;
"05C6739C/76/0";"&amp;Swap two Pages...";"交换页面(&amp;S)...";;
"05C6739C/245/0";"Merging files...";"正在合并文件...";;
"05C6739C/263/0";"Moving Pages";"移动页面";;
"05C6739C/78/0";"&quot;%ls&quot; needs to be saved.\n Do you want to save changes and continue?";"“%ls” 需要保存。\n您希望保存当前更改并继续吗？";;
"05C6739C/79/0";"This document is encrypted by %ls ConnectedPDF, you have no access to do operations on it.";"该文档使用%ls互联PDF加密，您没有操作权限。";;
"05C6739C/80/0";"&quot;%ls&quot; is encrypted by digital certificate. The current user does not have the correct certificate.";"%ls使用数字证书加密。当前用户没有正确的证书。";;
"05C6739C/81/0";"&quot;%ls&quot; is not found or could not be opened.";"“%ls”没有找到或无法打开。";;
"05C6739C/82/0";"Format error: Not a PDF or corrupted.";"格式错误：不是一个PDF文件或该文件已损坏。";;
"05C6739C/83/0";"&quot;%ls&quot; is encrypted by FileOpen.";"&quot;%ls&quot;由FileOpen加密。";;
"05C6739C/84/0";"Invalid password. Please input again.";"密码错误。请重新输入。";;
"05C6739C/85/0";"This document is encrypted by %ls RMS protector, you have no access to do operations on it.";"该文档使用%ls的RMS保护器加密，您没有操作权限。 ";;
"05C6739C/258/0";"Landscape";"横向";;
"05C6739C/266/0";"Retain page orientation";"保留页面旋转角度";;
"05C6739C/259/0";"Portrait";"纵向";;
"05C6739C/280/0";"_resized";"_已重置";;
"05C6739C/86/0";"Output Options";"输出选项";;
"05C6739C/87/0";"All pages in range";"范围内的所有页面";;
"05C6739C/88/0";"Landscape and portrait pages";"横向和纵向页面";;
"05C6739C/89/0";"Even pages only";"仅偶数页面";;
"05C6739C/90/0";"Landscape pages";"横向页面";;
"05C6739C/91/0";"Odd pages only";"仅奇数页面";;
"05C6739C/92/0";"Portrait pages";"纵向页面";;
"05C6739C/93/0";"You can also organize pages by dragging and dropping them in the Pages panel, or by right-clicking on page thumbnails.";"您同样也可以通过在页面面板中拖拽页面或者通过在缩略图上点击右键的方式来组织页面。";;
"05C6739C/94/0";"Open password input for ";"输入打开密码 ";;
"05C6739C/95/0";"Permission password input for ";"输入权限密码 ";;
"05C6739C/96/0";"File path is too long to extract.";"文件路径过长，无法提取。";;
"05C6739C/97/0";"Permission Denied.";"权限被拒绝。";;
"05C6739C/98/0";"Page Organization";"页面管理";;
"05C6739C/99/0";"Pages";"页面";;
"05C6739C/260/0";"Preparing data";"正在准备数据";;
"05C6739C/100/0";"Delete source pages after inserting (This operation cannot be undone)";"插入页面后删除源页面（该操作无法被撤销）";;
"05C6739C/101/0";"Pages will be rearranged by bookmark order, do you want to continue?";"页面将按书签顺序重新排列，您是否想要继续？";;
"05C6739C/102/0";"Redoing &quot;%ls&quot;";"正在恢复&quot;%ls&quot;";;
"05C6739C/264/0";"Redoing &quot;Move Pages&quot;";"重新&quot;移动页面&quot;";;
"05C6739C/274/0";"Redoing resize page...";"正在重做重置页面...";;
"05C6739C/103/0";"Do you want to replace the selected page(s)? The operation cannot be undone.";"您确定要替换所选定的页面？该操作不能被撤消。";;
"05C6739C/279/0";"Name|Pages|Size|Location|Added Time";"名称|页面|大小|位置|添加时间";;
"05C6739C/253/0";"Resizing page...";"正在调整页面大小...";;
"05C6739C/104/0";"Rearrange Pages by Bookmark Order";"按书签顺序重新排列页面";;
"05C6739C/105/0";"Rearrange";"重新排列";;
"05C6739C/106/0";"Rearrange Pages";"重新排列页面";;
"05C6739C/107/0";"Delete";"删除";;
"05C6739C/108/0";"Duplicate";"复制";;
"05C6739C/109/0";"Extract";"提取";;
"05C6739C/110/0";"Insert";"插入";;
"05C6739C/246/0";"Interleaving";"交叉合并";;
"05C6739C/247/0";"Merge two PDF documents, taking pages alternately in natural or reverse order";"合并两个PDF文档，以自然或倒序交替取页";;
"05C6739C/112/0";"Move";"移动";;
"05C6739C/113/0";"Transform";"变换";;
"05C6739C/114/0";"Blank Page";"空白页面";;
"05C6739C/115/0";"From File";"从文件";;
"05C6739C/116/0";"From Folder";"从文件夹";;
"05C6739C/117/0";"From Open Files";"从打开的文件";;
"05C6739C/118/0";"From Scanner";"从扫描仪";;
"05C6739C/119/0";"From Web Page";"从网页";;
"05C6739C/120/0";"Into File";"到文件";;
"05C6739C/267/0";"Split Document";"拆分文档";;
"05C6739C/268/0";"Split Pages ";"拆分页面 ";;
"05C6739C/121/0";"Replace";"替换";;
"05C6739C/122/0";"Split";"拆分";;
"05C6739C/123/0";"Swap";"交换";;
"05C6739C/256/0";"Rotating page|(|pages left)";"旋转页面|(|页剩余)";;
"05C6739C/124/0";"The page selection is not valid. Please select a valid page range.";"页面选取非法，请重新选择页面范围。";;
"05C6739C/125/0";"Select Files";"选择文件";;
"05C6739C/126/0";"Set Page Dimensions";"设置页面尺寸";;
"05C6739C/287/0";"copy";"副本";;
"05C6739C/288/0";"This file is digitally signed and cannot be edited directly. Please edit in the newly created copy.";"此文件已进行数字签名，无法直接编辑。请在新创建的副本中进行编辑。";;
"05C6739C/289/0";"Create a Co&amp;py";"创建副本(&amp;P)";;
"05C6739C/290/0";"Failed to create a new copy in the current directory.";"无法在当前目录中创建新副本。";;
"05C6739C/291/0";"Note: Digital signatures will be lost or invalidated in the copy.";"注意：副本上的数字签名将会丢失或失效。";;
"05C6739C/127/0";"Splitting %ls%[1] (%d%[2] of %d%[3])";"正在拆分%ls%[1] (%d%[2]/%d%[3])";;
"05C6739C/128/0";"Select a target folder to save your split files.";"选择一个目标文件夹保存您拆分的文件。";;
"05C6739C/129/0";"There is already a file with the same name in destination location: %ls. Please rename the file and try again.";"如下路径中已经有存在同名文件：%ls，请重命名后重试。";;
"05C6739C/130/0";"Select the folder for output files";"选择输出文件的文件夹";;
"05C6739C/131/0";"Header";"页眉";;
"05C6739C/132/0";"The output folder doesn&apos;t exist.";"输出文件夹不存在。";;
"05C6739C/133/0";"&quot;%ls%[1]&quot; can&apos;t be split, because no blank pages are found in them, or they are blank PDFs.";"&quot;%ls%[1]&quot;无法拆分，因为在文件中无法找到任何空白页或者它们本身就是空白的PDF文档。";;
"05C6739C/134/0";"&quot;%ls&quot; can&apos;t be split, because they have no bookmark.";"“%ls”无法拆分，因为没有书签。";;
"05C6739C/135/0";"&quot;%ls%[1]&quot; cannot be split, because they have %d%[2] page(s) or fewer.";"&quot;%ls%[1]&quot;无法拆分，因为它们有%d%[2]页或更少。";;
"05C6739C/136/0";"&quot;%ls%[1]&quot; cannot be split, because they are already %ls%[2] MB or smaller.";"&quot;%ls%[1]&quot;无法拆分，因为它们已经是%ls%[2]MB或更小。";;
"05C6739C/137/0";"%d%[1] of %d%[2] files have been split successfully.";"%d%[1]/%d%[2]个文件被成功拆分。\n";;
"05C6739C/138/0";"Please select the files to be split.";"请选择被拆分的文件。";;
"05C6739C/139/0";"Please select the folder for output files.";"请选择输出结果保存的文件夹。";;
"05C6739C/140/0";"The file &quot;%ls&quot; is protected. It cannot be used for this command.";"文件“%ls”被保护。该文件不能用作此用途。";;
"05C6739C/141/0";"&quot;%ls%[1]&quot; cannot be split, because it has %d%[2] page(s) or fewer.";"&quot;%ls%[1]&quot;无法拆分，因为它有%d%[2]页或更少。";;
"05C6739C/142/0";"&quot;%ls&quot; could not be overwritten. Please try saving with a different file name. ";"&quot;%ls&quot;文件不能被重写。请尝试另存为其它名称。";;
"05C6739C/269/0";"Splitting (%d%[1] of %d%[2])";"正在拆分 (%d%[1] / %d%[2])";;
"05C6739C/270/0";"Page %d of %d";"第%d页/%d页";;
"05C6739C/143/0";"&quot;%ls&quot; have been added into the table.";"“%ls”已经被添加到列表中。";;
"05C6739C/144/0";"This is a blank PDF!";"这是一个空白的PDF！";;
"05C6739C/145/0";"&quot;%ls&quot; cannot be split because it has no bookmarks.";"“%ls”无法拆分，因为其没有书签。";;
"05C6739C/146/0";"&quot;%ls%[1]&quot; cannot be split, because it is already %s%[2] MB or smaller.";"&quot;%ls%[1]&quot;无法拆分，因为它已经是%s%[2]MB或更小。";;
"05C6739C/147/0";"There are no blank pages in this document.";"在该文档中没有空白页。";;
"05C6739C/148/0";"&quot;%ls%[1]&quot; has been split into %d%[2] files successfully.";"&quot;%ls%[1]&quot;已经成功被拆分为%d%[2]个文件。";;
"05C6739C/149/0";"Unsaved file";"未保存的文件";;
"05C6739C/150/0";"This document contains attachments. Attachments will not be copied into the newly created files.";"该文档包含附件。附件不会复制到新建的文件中。";;
"05C6739C/151/0";"Analyze %ls%[1] (%d%[2] of %d%[3])";"分析%ls%[1] (%d%[2]/%d%[3])";;
"05C6739C/152/0";"Arrange %ls%[1] (%d%[2] of %d%[3])";"整理%ls%[1] (%d%[2]/%d%[3])";;
"05C6739C/153/0";"Please enter a valid range.";"请输入一个有效范围。";;
"05C6739C/154/0";"No files will be added to the list, this may be because the folder is empty or the files&apos; format is not supported.";"没有文件添加到列表，可能是由于您选择的文件夹是空的或者其中的文件格式不被支持。";;
"05C6739C/155/0";"Bytes";"字节";;
"05C6739C/156/0";"KB";"KB";;
"05C6739C/157/0";"MB";"MB";;
"05C6739C/158/0";"Operation failed. You do not have permission to write to the output location.";"操作失败。您没有输出路径的写入权限。";;
"05C6739C/159/0";"All Supported Files(*.*)|;*.pdf;*.txt;*.text;*.htm;*.html;*.shtml;*.bmp;*.dib;*.jpg;*.jpeg;*.jpe;*.gif;*.tif;*.tiff;*.png;*.wps;*.doc;*.rtf;*.docx;*.dot;*.dotx;*.docm;*.dotm;*.ppt;*.pptx;*.pot;*.potx;*.pptm;*.ppsx;*.ppsm;*.potm;*.xls;*.xlt;*.xlsx;*.xltx;*.xlsm;*.xlsb;*.xltm;*.vsd;*.mpp;*.dwg;*.dxf;*.dwt;*.dwf;*.dst;*.mp3;*.swf;*.mp4;*.jpf;*.jpx;*.jp2;*.j2k;*.j2c;*.jpc|";"所有可支持文件类型(*.*)|;*.pdf;*.txt;*.text;*.htm;*.html;*.shtml;*.bmp;*.dib;*.jpg;*.jpeg;*.jpe;*.gif;*.tif;*.tiff;*.png;*.wps;*.doc;*.rtf;*.docx;*.dot;*.dotx;*.docm;*.dotm;*.ppt;*.pptx;*.pot;*.potx;*.pptm;*.ppsx;*.ppsm;*.potm;*.xls;*.xlt;*.xlsx;*.xltx;*.xlsm;*.xlsb;*.xltm;*.vsd;*.mpp;*.dwg;*.dxf;*.dwt;*.dwf;*.dst;*.mp3;*.swf;*.mp4;*.jpf;*.jpx;*.jp2;*.j2k;*.j2c;*.jpc|";;
"05C6739C/160/0";"This operation cannot be undone. Do you want to save changes and continue?";"该操作是不可逆的。您是否想要保存当前更改并继续吗？";;
"05C6739C/161/0";"The document can&apos;t be inserted into itself. Please choose another document.";"文档无法插入其自身。请选择其它文档。";;
"05C6739C/248/0";"Choose file";"选择文件";;
"05C6739C/162/0";"The current file have no permission to split.";"没有权限对当前文档进行拆分。";;
"05C6739C/163/0";"Don&apos;t Show Again";"不再显示";;
"05C6739C/249/0";"There is no page numbered &apos;%s&apos; in this document.";"该文档中不存在页码为&quot;%s&quot;的页面。";;
"05C6739C/164/0";"Date";"日期";;
"05C6739C/165/0";"File name is too long. Please try saving with a shorter file name.";"文件名太长，请使用一个较短的文件名进行保存。";;
"05C6739C/166/0";"Name";"名称";;
"05C6739C/167/0";"The file &quot;%ls&quot; may be read-only, or in use by other applications.";"“%ls”文件可能为只读，或者被其它应用程序占用。";;
"05C6739C/168/0";"&quot;%ls&quot; contains attachments. Attachments will not be copied into the newly created files.";"“%ls”包含附件。附件不会被复制到新创建的文件。";;
"05C6739C/169/0";"Current settings would require overwriting existing files. Please allow overwriting existing files, or change other settings.";"当前设置需要重写已经存在的文件。请允许重写已经存在的文件，或者修改其它设置。";;
"05C6739C/170/0";"The files you selected include PDF Portfolio(s), PDF Portfolio(s) cannot be added. ";"您选择的文件包含一个或多个文件包，文件包无法添加到列表中。 ";;
"05C6739C/171/0";"None";"无";;
"05C6739C/172/0";"The file &quot;%ls%[1]&quot; is already open by %ls%[2].";"文件&quot;%ls%[1]&quot;已被%ls%[2]打开。";;
"05C6739C/173/0";"Page size may not be reduced.";"页面尺寸不可以进行缩小。";;
"05C6739C/174/0";"Part";"部分";;
"05C6739C/254/0";"Percent";"百分比";;
"05C6739C/175/0";"There is already a file with the same name in destination location, and the file is opened in %ls.";"在目标位置已经存在了一个同名文件且该文件已经被%ls打开。";;
"05C6739C/176/0";"Do you want to rename &quot;%ls%[1]&quot; to &quot;%ls%[2]&quot;?";"您想要将&quot;%ls%[1]&quot;重命名为&quot;%ls%[2]&quot;吗？";;
"05C6739C/177/0";"Reverse the page order of the document";"反转文档的页面顺序";;
"05C6739C/178/0";"The page range should contain at least 2 pages.";"页面范围至少应该包含2页。";;
"05C6739C/179/0";"Reverse Pages";"逆页序";;
"05C6739C/180/0";"Reverse";"逆页序";;
"05C6739C/181/0";"Reverse Page Order";"逆页序";;
"05C6739C/182/0";"Scan";"扫描";;
"05C6739C/183/0";"Scan paper document to create PDFs";"扫描纸质文档创建PDF";;
"05C6739C/184/0";"Please select a folder ......";"请选择文件夹 ......";;
"05C6739C/185/0";"At least one of the documents in this list is secured. The new document will not contain these security settings. Select OK to continue.";"当前列表中至少有一个文件是被加密的。新的文档\n将不包含这些安全设置。点击确定继续。";;
"05C6739C/186/0";"Security settings will be removed if the document is split.";"文档拆分后，安全设置将被移除。";;
"05C6739C/187/0";"To use logical page number, enclose the page number in quotes. Example: &quot;A&quot;. If the logical page numbers include quote or backslash symbols, add a &apos;\\&apos; before the quote or backslash. Example, from page \\5 to page &quot;12&quot; :";"使用逻辑页码，并用双引号将其框起来。 例如： &quot;A&quot;。如果逻辑页码中包含双引号或者反斜线符号，需要在双引号或者反斜线符号前添加&apos;\\&apos;。例如，从页面 \\5 到页面 &quot;12&quot;：";;
"05C6739C/188/0";"The page range should be continuous, such as 1-2,3-4,5.";"页面范围应该连续，比如 1-2,3-4,5。";;
"05C6739C/189/0";"Page Range";"页面范围";;
"05C6739C/190/0";"Total %d Files";"共 %d 个文件";;
"05C6739C/191/0";"You don&apos;t have sufficient permissions to access the document.";"您没有足够的权限来操作文档。";;
"05C6739C/250/0";"There are more than one page that display the same page number you entered.";"有多个页面显示您输入的相同页码。";;
"05C6739C/192/0";"&amp;Insert Pages";"插入页面(&amp;I)";;
"05C6739C/193/0";"Please select two different pages.";"请选择两个不同的页面。";;
"05C6739C/194/0";"The file &quot;%ls&quot; already exists. Do you want to overwrite it?";"文件“%ls”已存在。您是否想替换它？";;
"05C6739C/195/0";"Open PDF Files";"打开PDF文件";;
"05C6739C/196/0";"Crop Pages";"裁剪页面";;
"05C6739C/197/0";"Delete Pages";"删除页面";;
"05C6739C/198/0";"Duplicate Pages";"复制页面";;
"05C6739C/199/0";"Extract Pages";"提取页面";;
"05C6739C/200/0";"Insert Pages";"插入页面";;
"05C6739C/201/0";"Left";"左";;
"05C6739C/202/0";"Move Pages";"移动页面";;
"05C6739C/203/0";"Multi-page rotate";"多页旋转";;
"05C6739C/204/0";"Replace Pages";"替换页面";;
"05C6739C/251/0";"Resize Pages";"调整页面大小";;
"05C6739C/276/0";"Multiple files";"多个文件";;
"05C6739C/275/0";"Current file";"当前文件";;
"05C6739C/205/0";"Right";"右";;
"05C6739C/206/0";"Rotate Pages";"旋转页面";;
"05C6739C/208/0";"Swap Two Pages";"交换页面";;
"05C6739C/209/0";"Crop page margins; drag a box to set new margins, double-click to open options and confirm";"裁剪页面边距；拖拽一个框来设置新的边距，双击以打开进行操作，然后确定";;
"05C6739C/210/0";"Delete specified pages";"删除指定页";;
"05C6739C/211/0";"Copy selected pages";"复制选择的页面";;
"05C6739C/212/0";"Extract specified pages and save as another PDF file";"导出指定页并另存为其它PDF文件";;
"05C6739C/213/0";"Insert pages into the current file or insert pages of the current file into other files";"在当前文件中插入页面或者将当前文件的页面插入到其它文件中";;
"05C6739C/214/0";"Insert one or more blank pages";"插入一个或者多个空白页";;
"05C6739C/215/0";"Insert page from clipboard ";"从剪贴板插入页面";;
"05C6739C/216/0";"Insert pages from another file";"从其它文件中插入页面";;
"05C6739C/217/0";"Insert all pages of the folder to PDF files";"插入文件夹中的所有页面至PDF文件";;
"05C6739C/218/0";"Insert pages from open files";"从打开的文件插入页面";;
"05C6739C/219/0";"Scan and insert pages";"扫描后插入页面";;
"05C6739C/220/0";"Insert pages from web";"从网页插入页面";;
"05C6739C/221/0";"Insert pages of the current file into other files";"将当前文件的页面插入到其它文件中";;
"05C6739C/222/0";"Move specified pages to another position";"移动指定页到另一个位置";;
"05C6739C/223/0";"Replace specified pages with pages from another PDF file";"使用其它PDF文件中的页面替换指定的页面";;
"05C6739C/252/0";"Set the page size of the specified pages";"设置选定页面的尺寸";;
"05C6739C/278/0";"Select multiple files for batch page size setting";"选择多个文件进行批量页面大小设置";;
"05C6739C/224/0";"Rotate multiple pages one time";"同时旋转多个页面";;
"05C6739C/225/0";"Split documents by page or area";"按页面或区域拆分文档";;
"05C6739C/271/0";"Split the document into multiple files";"将文档拆分成多个文件";;
"05C6739C/272/0";"Split the page into multiple pages";"将页面拆分为多个页面";;
"05C6739C/226/0";"Exchange the positions of two pages";"交换两个页面的位置";;
"05C6739C/227/0";"Undoing &quot;%ls&quot;";"正在撤销&quot;%ls&quot;";;
"05C6739C/261/0";"Undoing &quot;Move Pages&quot;";"正在撤销&quot;移动页面&quot;";;
"05C6739C/273/0";"Undoing resize page...";"正在撤销重置页面...";;
"05C6739C/284/0";"After extracting pages from a signed document, the digital signature in any generated document will be invalidated.";"从已签名的文档中提取页面后，任何生成文档中的数字签名都将失效。";;
"05C6739C/285/0";"After inserting pages from a signed document, the digital signature in any generated document will be invalidated.";"插入已签名文档中的页面后，任何生成文档中的数字签名都将失效。";;
"05C6739C/292/0";"After爎eplacing爌ages爁rom燼爏igned燿ocument,爐he燿igital爏ignature爄n燼ny爂enerated燿ocument爓ill燽e爄nvalidated.";"在替换已签名文件的页面后，任何生成文档中的数字签名都将失效。";;
"05C6739C/286/0";"After splitting a signed document, the digital signature in any generated document will be invalidated.";"拆分已签名的文档后，任何生成文档中的数字签名都将失效。";;
"05C6739C/228/0";"The operation is canceled by user.";"操作被用户取消。";;
"05C6739C/229/0";"You cannot delete all pages. At least one page must remain.";"您不能删除全部的页面。至少要留下1页。";;
"05C6739C/230/0";"This operation has no effect.";"该操作无效。";;
"05C6739C/231/0";"No page is selected. Please select appropriate options.";"未选择任何页面。请选择合适的选项。";;
"05C6739C/282/0";"Page is out of range.";"页码超出了范围。";;
"05C6739C/232/0";"An error occurred while using %ls printer.";"使用%ls打印机时出现错误。";;
"05C6739C/233/0";"%d%[1] files could not be converted due to a %ls%[2] printer error.";"由于%ls%[2]打印机错误，%d%[1]个文件无法进行转换。";;
"05C6739C/234/0";"Yes to All";"全部同意";;
"00C02874/5/0";"Add Class";"添加类";;
"00C02874/33/0";"Choose existing class or type the name of a new class.";"选择存在的类或者输入一个新的类名。";;
"00C02874/1/0";"Add Key and Value";"添加关键字和数据";;
"00C02874/3/0";"Value &amp;Type:";"数据类型(&amp;T)：";;
"00C02874/2/0";"&amp;Value:";"数据(&amp;V)：";;
"00C02874/4/0";"&amp;Key:";"关键字(&amp;K)：";;
"00C02874/6/0";"Add Role";"添加角色";;
"00C02874/24/0";"&amp;New Role Name:";"新角色名称(&amp;N):";;
"00C02874/7/0";"&amp;Map to This Role:";"映射到本角色(&M):";;
"00C02874/102/0";"Associated Files Tags";"关联文件的标签";;
"00C02874/145/0";"&amp;New";"新建(&amp;N)";;
"00C02874/53/0";"&amp;Edit";"编辑(&amp;E)";;
"00C02874/23/0";"&amp;Delete";"删除(&amp;D)";;
"00C02874/148/0";"&amp;Save as";"另存为(&amp;S)";;
"00C02874/19/0";"Dialog";"Dialog";;
"00C02874/149/0";"&amp;Relationship:";"关系(&amp;R)：";;
"00C02874/150/0";"&amp;Source:";"源文件(&amp;S)：";;
"00C02874/151/0";"&amp;Browse...";"浏览(&amp;B)...";;
"00C02874/152/0";"&amp;Path:";"路径(&amp;P)：";;
"00C02874/21/0";"&amp;Media Type:";"媒体类型(&amp;M)：";;
"00C02874/153/0";"&amp;Description:";"描述(&amp;D)：";;
"00C02874/8/0";"Change Value";"更改数据";;
"00C02874/9/0";"Create Artifact";"创建伪像";;
"00C02874/10/0";"Artifact Type:";"伪像类型：";;
"00C02874/11/0";"Pa&amp;gination";"分页(&amp;G)";;
"00C02874/12/0";"&amp;Page";"页面(&amp;P)";;
"00C02874/13/0";"La&amp;yout";"布局(&amp;Y)";;
"00C02874/14/0";"Attach to Side(s):";"添加至侧面：";;
"00C02874/15/0";"&amp;Left";"左(&amp;L)";;
"00C02874/16/0";"&amp;Top";"顶部(&amp;T)";;
"00C02874/17/0";"&amp;Right";"右(&amp;R)";;
"00C02874/18/0";"&amp;Bottom";"底部(&amp;B)";;
"00C02874/20/0";"Path:";"路径：";;
"00C02874/93/0";"Type:";"类型：";;
"00C02874/22/0";"&amp;Change Item";"更改条目(&amp;C)";;
"00C02874/154/0";"&amp;Delete Item";"删除条目(&amp;D)";;
"00C02874/155/0";"&amp;New Item";"新建条目(&amp;N)";;
"00C02874/25/0";"O&amp;ptions";"选项(&amp;P)";;
"00C02874/26/0";"Find Element";"查找元素";;
"00C02874/27/0";"Search &amp;Page";"查找页面(&amp;P)";;
"00C02874/28/0";"F&amp;ind:";"查找(&amp;I)：";;
"00C02874/29/0";"Search &amp;Document";"搜索文档(&amp;D)";;
"00C02874/30/0";"&amp;Find Next";"查找下一个(&amp;F)";;
"00C02874/31/0";"&amp;Tag Element";"标签元素(&amp;T)";;
"00C02874/32/0";"&amp;Close";"关闭(&amp;C)";;
"00C02874/47/0";"New Tag";"新标签";;
"00C02874/34/0";"&amp;Title:";"标题(&amp;T)：";;
"00C02874/35/0";"T&amp;ype:";"类型(&amp;Y)：";;
"00C02874/36/0";"Alternate Text";"替代文本";;
"00C02874/37/0";"Alternate Text:";"替代文本：";;
"00C02874/146/0";"&amp;OK";"确定(&amp;O)";;
"00C02874/39/0";"Don&apos;t Add &amp;Alt-Text";"不添加替代文本(&amp;A)";;
"00C02874/40/0";"Object Properties";"对象属性";;
"00C02874/41/0";"Content";"内容";;
"00C02874/42/0";"Expansion T&amp;ext:";"扩展文本(&amp;E)：";;
"00C02874/43/0";"&amp;Container Tag:";"容器标签(&amp;C)：";;
"00C02874/44/0";"Structure Tag:";"结构标记：";;
"00C02874/45/0";"&amp;Language:";"语言(&amp;L)：";;
"00C02874/46/0";"Edit &amp;Dictionary...";"编辑字典(&amp;D)...";;
"00C02874/144/0";"Tag";"标签";;
"00C02874/48/0";"&amp;Type:";"类型(&amp;Y)：";;
"00C02874/49/0";"&amp;Actual Text:";"实际文本(&amp;A)：";;
"00C02874/50/0";"Alte&amp;rnate Text:";"替代文本(&amp;R)：";;
"00C02874/51/0";"T&amp;itle:";"标题(&amp;T)：";;
"00C02874/52/0";"I&amp;D:";"ID(&amp;D)：";;
"00C02874/156/0";"&amp;Edit tag...";"编辑标签(&amp;E)...";;
"00C02874/54/0";"Edit Attribute &amp;Objects...";"编辑属性对象(&amp;O)...";;
"00C02874/55/0";"Edit Attribute Cla&amp;sses...";"编辑属性类(&amp;S)...";;
"00C02874/111/0";"Edit Associated &amp;Files...";"编辑关联文件(&amp;F)...";;
"00C02874/56/0";"Color";"颜色";;
"00C02874/57/0";"Promote Gray to &amp;CMYK Black";"将灰度提升为CMYK黑色(&amp;C)";;
"00C02874/58/0";"Con&amp;vert Colors";"转换颜色(&amp;V)";;
"00C02874/59/0";"&amp;Preserve CMYK Primaries";"保留CMYK原色(&amp;P)";;
"00C02874/60/0";"Convert &amp;To:";"转换为(&amp;T)：";;
"00C02874/61/0";"&amp;Embed Profile";"嵌入配置文件(&amp;E)";;
"00C02874/62/0";"Rendering &amp;Intent:";"渲染方法(&I)：";;
"00C02874/63/0";"Preserve &amp;Black";"保留黑色(&amp;B)";;
"00C02874/64/0";"Color Space:";"色彩空间：";;
"00C02874/65/0";"Touch Up Reading Order";"Touch Up阅读顺序";;
"00C02874/66/0";"Draw a rectangle around the content then click one of the buttons below:";"绘制围绕内容的矩形框，并点击如下任一按钮：";;
"00C02874/67/0";"Te&amp;xt";"文本(&amp;X)";;
"00C02874/68/0";"F&amp;igure";"插图(&amp;I)";;
"00C02874/69/0";"&amp;Form Field";"表单域(&amp;F)";;
"00C02874/70/0";"Fi&amp;gure/Caption";"插图/标题(&amp;G)";;
"00C02874/71/0";"Heading &amp;1";"标题1(&amp;1)";;
"00C02874/72/0";"Heading &amp;4";"标题4(&amp;4)";;
"00C02874/73/0";"&amp;Table";"表格(&amp;T)";;
"00C02874/74/0";"Heading &amp;2";"标题2(&amp;2)";;
"00C02874/75/0";"Heading &amp;5";"标题5(&amp;5)";;
"00C02874/76/0";"C&amp;ell";"单元格(&amp;E)";;
"00C02874/77/0";"Heading &amp;3";"标题3(&amp;3)";;
"00C02874/78/0";"Heading &amp;6";"标题6(&amp;6)";;
"00C02874/79/0";"Fo&amp;rmula";"公式(&amp;R)";;
"00C02874/80/0";"Reference(&amp;q)";"引用(&amp;Q)";;
"00C02874/81/0";"Note(&amp;z)";"备注(&amp;Z)";;
"00C02874/82/0";"Bac&amp;kground/Artifact";"背景/伪像(&amp;K)";;
"00C02874/83/0";"Ta&amp;ble Editor";"表编辑器(&amp;B)";;
"00C02874/84/0";"Show &amp;page content groups";"显示页面内容组(&amp;P)";;
"00C02874/85/0";"Page co&amp;ntent order";"页面内容顺序(&amp;N)";;
"00C02874/86/0";"Structure t&amp;ypes";"结构类型(&amp;Y)";;
"00C02874/87/0";"Sho&amp;w table cells";"显示表单元格(&amp;W)";;
"00C02874/88/0";"&amp;Display like elements in a single box";"在一个块中显示类似元素(&amp;D)";;
"00C02874/89/0";"Show tab&amp;les and figures";"显示表格和插图(&amp;L)";;
"00C02874/90/0";"Clear Page Str&amp;ucture...";"清除页面结构(&amp;U)...";;
"00C02874/91/0";"Show &amp;Order Panel";"显示“顺序”面板(&amp;O)";;
"00C02874/92/0";"&amp;Help";"帮助(&amp;H)";;
"00C02874/157/0";"Type";"类型";;
"00C02874/94/0";"&amp;Data Cell";"数据单元格(&amp;D)";;
"00C02874/95/0";"&amp;Header Cell";"标题单元格(&amp;H)";;
"00C02874/96/0";"&amp;Scope:";"范围(&amp;S)：";;
"00C02874/97/0";"Attributes";"属性";;
"00C02874/98/0";"&amp;ID:";"ID(&amp;I)：";;
"00C02874/99/0";"&amp;Row Span:";"行跨距(&amp;R)：";;
"00C02874/100/0";"+";"+";;
"00C02874/101/0";"&amp;Column Span:";"列跨距(&amp;C)：";;
"00C02874/112/0";"&amp;Associated Head Cell IDs:";"关联的表头单元格ID(&amp;A)：";;
"00C02874/103/0";"-";"-";;
"00C02874/104/0";"Warning";"警告";;
"00C02874/105/0";"Conflicting values for the selected cells";"选定单元格的数值存在冲突";;
"00C02874/106/0";"Add Table Header ID";"添加表头ID";;
"00C02874/107/0";"&amp;Header ID:";"表头ID(&amp;H)：";;
"00C02874/108/0";"Table Editor Options";"表编辑器选项";;
"00C02874/109/0";"Color Options";"颜色选项";;
"00C02874/110/0";"Show cells that span &amp;multiple rows or columns";"显示跨越多行或多列的单元格(&amp;M)";;
"00C02874/113/0";"Data cell color";"数据单元格颜色";;
"00C02874/114/0";"Header cell color";"标题单元格颜色";;
"00C02874/147/0";"Border color";"边框颜色";;
"00C02874/158/0";"Selection color";"已选定的颜色";;
"00C02874/115/0";"Show cells with missing &amp;header";"显示缺少标题的单元格(&amp;H)";;
"00C02874/116/0";"Label Option";"标签选项";;
"00C02874/117/0";"Show cell &amp;type (TH or TD)";"显示单元格类型(TH或TD)(&amp;T)";;
"00C02874/118/0";"Table &amp;Summary:";"表摘要(&amp;S)：";;
"00C02874/119/0";"Accessibility Checker Options";"辅助功能检查选项";;
"00C02874/120/0";"Cate&amp;gory:";"类别(&amp;G)：";;
"00C02874/121/0";"CheckBox";"复选框";;
"00C02874/122/0";"Se&amp;lect All";"全选(&amp;L)";;
"00C02874/123/0";"Clea&amp;r All";"全部清除(&amp;R)";;
"00C02874/124/0";"Report Options";"报告选项";;
"00C02874/125/0";"Create accessi&amp;bility report";"创建辅助功能报告(&amp;B)";;
"00C02874/126/0";"Choos&amp;e...";"选择(&amp;E)...";;
"00C02874/127/0";"Attach report to &amp;document";"将报告附加到文档(&amp;D)";;
"00C02874/128/0";"Show &amp;this dialog when the Checker starts";"当检查器启动时显示该对话框(&amp;T)";;
"00C02874/129/0";"Page Range";"页面范围";;
"00C02874/130/0";"Sample: 1,5-9,12";"范例：1,5-9,12";;
"00C02874/131/0";"of";"/";;
"00C02874/132/0";"PageCount";"页数";;
"00C02874/133/0";"&amp;Pages:";"页面(&amp;P)：";;
"00C02874/134/0";"&amp;All Pages";"所有页面(&amp;A)";;
"00C02874/135/0";"&amp;Options";"选项(&amp;P)";;
"00C02874/136/0";"&amp;Start Checking";"开始检查(&amp;S)";;
"00C02874/137/0";"&amp;Cancel";"取消(&amp;C)";;
"00C02874/138/0";"Set Alternate Text";"设置替代文本";;
"00C02874/139/0";"PRE";"PRE";;
"00C02874/143/0";"NEXT";"NEXT";;
"00C02874/140/0";"Alternate text:";"替代文本：";;
"00C02874/141/0";"&amp;Decorative figure";"装饰图(&amp;D)";;
"00C02874/142/0";"Image %d of %d";"图像 %d / %d";;
"00BC44A9/1/0";"The PDFAccessibility plugin provides accessibility features to give users with disabilities (such as the visually impaired) greater access to information and technology.";"PDFAccessibility插件提供了辅助功能，使残障用户（例如视障者）能够更好地访问信息和技术。";;
"00BC44A9/2/0";"Copyright ? 2022-2026 Foxit Software Inc. All Rights Reserved.";"2022-2026 福昕软件 版权所有。";;
"00BC44A9/3/0";"To Accessible Text";"到辅助文本";;
"00BC44A9/4/0";"To Other";"到其它格式";;
"00BC44A9/5/0";"Alternate &amp;Text:";"替代文本(&amp;T)：";;
"00BC44A9/6/0";"Don&apos;t Add &amp;Alt-Text";"不添加替代文本(&amp;A)";;
"00BC44A9/7/0";"&amp;Decorative figure";"装饰图(&amp;D)";;
"00BC44A9/8/0";"Image %d of %d";"图像 %d / %d";;
"00BC44A9/9/0";"Settin&amp;gs...";"设置(&amp;G)...";;
"00BC44A9/10/0";"NEXT";"NEXT";;
"00BC44A9/11/0";"PRE";"PRE";;
"00BC44A9/12/0";"&amp;View Result";"查看结果(&amp;V)";;
"00BC44A9/13/0";"More Colors...";"更多颜色...";;
"00BC44A9/14/0";"No color";"无颜色";;
"00BC44A9/15/0";"Document/Page/Container/Path/Annotation/Annotations/Text/XObject: Image/Text Run/Form XObject/Shading";"文档/页面/容器/路径/标注/标注/文本/XObject：图像/运行文本/表单XObject/渐变";;
"00BC44A9/16/0";"Processing page %d%[1] of %d%[2]";"正在处理页面 %d%[1] / %d%[2]";;
"00BC44A9/17/0";"Export Selection As";"导出选择";;
"00BC44A9/18/0";"Can not write to the file. It might be used by another application. \nClick OK to choose another path, or click Cancel to end the operation.";"无法写入文件。它可能正被其它程序占用。\n点击“确定”选择另外一个路径，或者点击“取消”结束该操作。";;
"00BC44A9/19/0";"The image you&apos;re exporting is larger than %dMB. Do you really want to continue?";"您正在导出的图像大于%dMB。您确定要继续？";;
"00BC44A9/20/0";"Auto Generate Header Cell &amp;IDs";"自动生成标题单元格ID(&amp;I)";;
"00BC44A9/21/0";"Table Cell &amp;Properties...";"表单元格属性(&amp;P)...";;
"00BC44A9/22/0";"Table Editor &amp;Options...";"表编辑器选项(&amp;O)...";;
"00BC44A9/23/0";"Format: ";"格式： ";;
"00BC44A9/24/0";"Export";"导出";;
"00BC44A9/25/0";"To XML 1.0";"到XML 1.0";;
"00BC44A9/26/0";"Export the document as a .txt file with accessible text";"将文档导出为一个包含辅助文本的.txt文件";;
"00BC44A9/27/0";"Export the document as a .xml file with XML 1.0.";"将文档导出为XML 1.0标准的.xml文件";;
"00BC44A9/28/0";"The PDF document must be saved before operation.\nDo you want to save changes and continue?";"PDF文档在执行操作之前必须先进行保存。您是否想保存并继续？";;
"00BC44A9/29/0";"&amp;Save &amp;&amp; Close";"保存后关闭(&amp;S)";;
"00BC44A9/30/0";"Please enter a valid range.";"请输入一个有效范围。";;
"00BC44A9/31/0";"Input value is beyond the scope.";"输入的数据超出了范围。";;
"00BC44A9/32/0";"Touch up Reading Order";"Touch up阅读顺序";;
"00BC44A9/33/0";"Order";"顺序";;
"00BC44A9/34/0";"View, reorder and retag structured PDF information";"查看，重排序和重新标记PDF结构化信息";;
"00BC44A9/35/0";"Shading";"渐变";;
"00BC44A9/36/0";"Approved comment";"已接受的注释";;
"00BC44A9/37/0";"Area Measurement comment";"面积测量注释";;
"00BC44A9/38/0";"Arrow comment";"箭头注释";;
"00BC44A9/39/0";"blank";"空白";;
"00BC44A9/40/0";"Callout comment";"弹出框注释";;
"00BC44A9/41/0";"CheckBox";"复选框";;
"00BC44A9/42/0";"Checked";"已选中";;
"00BC44A9/43/0";"Cloud comment";"云注释";;
"00BC44A9/44/0";"ComboBox";"组合框";;
"00BC44A9/45/0";"Distance Measurement comment";"距离测量注释";;
"00BC44A9/46/0";"Exporting the text ";"正在导出文本 ";;
"00BC44A9/47/0";"Accessible Text(*.txt)|*.txt";"辅助文本 (*.txt)|*.txt";;
"00BC44A9/48/0";"File Attachment comment";"文本附件注释";;
"00BC44A9/49/0";"Highlight comment";"高亮注释";;
"00BC44A9/50/0";"Signer&apos;s identity unknown";"签署者的身份未知";;
"00BC44A9/51/0";"Insert Text comment";"插入文本注释";;
"00BC44A9/52/0";"this is File";"这是文件";;
"00BC44A9/53/0";"Line comment";"线条注释";;
"00BC44A9/54/0";"ListBox";"列表框";;
"00BC44A9/55/0";"Location";"位置";;
"00BC44A9/56/0";"Multimedia";"多媒体";;
"00BC44A9/57/0";"Note comment";"备注注释";;
"00BC44A9/58/0";"Oval comment";"椭圆注释";;
"00BC44A9/59/0";"parsing the document";"正在解析文档";;
"00BC44A9/60/0";"Pencil comment";"铅笔注释";;
"00BC44A9/61/0";"Perimeter Measurement comment";"周长测量注释";;
"00BC44A9/62/0";"Polygon comment";"多边形注释";;
"00BC44A9/63/0";"PushButton";"按钮";;
"00BC44A9/64/0";"RadioButton";"单选框";;
"00BC44A9/65/0";"Reason";"原因";;
"00BC44A9/66/0";"Rectangle comment";"矩形框注释";;
"00BC44A9/67/0";"Replace comment";"替换文本注释";;
"00BC44A9/68/0";"RichText";"富文本";;
"00BC44A9/69/0";"Signature field is unsigned";"签名域未签署";;
"00BC44A9/70/0";"Signed by";"签署者";;
"00BC44A9/71/0";"Squiggly comment";"曲线注释";;
"00BC44A9/72/0";"Strikeout comment";"删除线注释";;
"00BC44A9/73/0";"Textbox comment";"文本框注释";;
"00BC44A9/74/0";"Time";"时间";;
"00BC44A9/75/0";"Typewriter comment";"打字机注释";;
"00BC44A9/76/0";"Unchecked";"未选中";;
"00BC44A9/77/0";"Underline comment";"下划线注释";;
"00BC44A9/78/0";"Unknown";"未知";;
"00BC44A9/79/0";"Unsigned signature field";"未签署的签名域";;
"00BC44A9/80/0";"Accessibility Report";"辅助功能报告";;
"00BC44A9/81/0";"Can not add the annotation tag to structure because the Tags Root is selected. To automatically add annotations to structure, please select any structure item other than the Tags Root.";"因为选择了标签根，无法将注释标记添加到结构中。若要自动向结构中添加注释，请选择标签根以外的其他结构项。";;
"00BC44A9/658/0";"Media Type";"介质类型";;
"00BC44A9/659/0";"Relationship";"关系";;
"00BC44A9/660/0";"Edit";"编辑";;
"00BC44A9/661/0";"New";"新建";;
"00BC44A9/677/0";"All Files";"全部文件";;
"00BC44A9/82/0";"&amp;All Pages";"所有页面(&amp;A)";;
"00BC44A9/83/0";"AltText";"替代文本";;
"00BC44A9/84/0";"Annotations";"标注";;
"00BC44A9/85/0";"3D";"3D";;
"00BC44A9/86/0";"Caret";"插入标记";;
"00BC44A9/87/0";"Circle";"圆形";;
"00BC44A9/88/0";"FileAttachment";"文件附件";;
"00BC44A9/89/0";"FreeText";"自由文本";;
"00BC44A9/90/0";"Highlight";"高亮";;
"00BC44A9/91/0";"Ink";"墨迹";;
"00BC44A9/92/0";"Line";"线条";;
"00BC44A9/93/0";"Link";"链接";;
"00BC44A9/94/0";"Movie";"视频";;
"00BC44A9/95/0";"Polygon";"多边形";;
"00BC44A9/96/0";"PolyLine";"折线";;
"00BC44A9/97/0";"PrinterMark";"打印标记";;
"00BC44A9/98/0";"Screen";"屏幕";;
"00BC44A9/99/0";"Sound";"声音";;
"00BC44A9/100/0";"Square";"正方形";;
"00BC44A9/101/0";"Squiggly";"波浪线";;
"00BC44A9/102/0";"Stamp";"图章";;
"00BC44A9/103/0";"StrikeOut";"删除线";;
"00BC44A9/104/0";"Text";"文本";;
"00BC44A9/105/0";"TrapNet";"TrapNet";;
"00BC44A9/106/0";"Underline";"下划线";;
"00BC44A9/107/0";"Watermark";"水印";;
"00BC44A9/108/0";"Apply the order of the areas.";"应用区域顺序";;
"00BC44A9/109/0";"Area Reading Order";"区域阅读顺序";;
"00BC44A9/110/0";"Artifacts";"项目";;
"00BC44A9/111/0";"&amp;Associated Head Cell IDs:";"关联的表头单元格ID(&amp;A)：";;
"00BC44A9/112/0";"Figures require alternate text";"插图需要替代文本";;
"00BC44A9/113/0";"Alternate text that will never be read";"替代文本不能阅读";;
"00BC44A9/114/0";"Alternate text must be associated with some content";"替代文本必须与某些内容相关联";;
"00BC44A9/115/0";"Alternate text should not hide annotation";"替代文本不应该隐藏标注";;
"00BC44A9/116/0";"Elements require alternate text";"元素需要替代文本";;
"00BC44A9/117/0";"Appropriate heading nesting";"适当的标题嵌套";;
"00BC44A9/118/0";"%ls will detect all figures in this document and display associated alternate text.";"%ls将检测到文档中的所有图形，并显示与之关联的替代文本。";;
"00BC44A9/119/0";"%ls cannot set alternate text for non-tagged PDFs. Please auto tag the document and try again.";"%ls不可以为未添加标签的PDF设置替代文本，请自动添加标签到文档后重试。";;
"00BC44A9/120/0";"Review and set alternate text for figures";"审阅并设置插图的替代文本";;
"00BC44A9/121/0";"Set Alternate Text";"设置替代文本";;
"00BC44A9/122/0";"Attach report to &amp;document";"将报告附加到文档(&amp;D)";;
"00BC44A9/123/0";"There is no figure information to display.";"没有要显示的插图信息。";;
"00BC44A9/124/0";"The document security settings do not allow attaching the report.";"该文档的安全设置不允许附加报告。";;
"00BC44A9/125/0";"Don&apos;t ask me again and always replace existing attached report";"不再询问我并总是替换已存在的附加报告";;
"00BC44A9/126/0";"This document already has an attached report. Do you want replace it?";"该文档已经包含了一份附加的报告。您是否想要进行替换它？";;
"00BC44A9/127/0";"Attributes";"属性";;
"00BC44A9/128/0";"Attribute Objects";"属性对象";;
"00BC44A9/129/0";"Attribute";"属性";;
"00BC44A9/130/0";"Do &amp;not show this message again";"不再显示该消息(&amp;N)";;
"00BC44A9/131/0";"This document is already tagged. Would you like to re-tag the document?";"该文档已经添加标签。您是否想要重新添加标签到文档中？";;
"00BC44A9/132/0";"Autotagging on page %d";"正在第%d页上添加标签";;
"00BC44A9/133/0";"Autotag";"自动标签";;
"00BC44A9/134/0";"Back to top";"返回顶部";;
"00BC44A9/135/0";"Do you really want to leave the alternate text blank?";"您是否想要将替代文本留白？";;
"00BC44A9/136/0";"Border color";"边框颜色";;
"00BC44A9/137/0";"Collapse all expanded tags to top-level";"折叠全部标签至最高级";;
"00BC44A9/138/0";"Expand all top-level tags";"展开全部最高级标签";;
"00BC44A9/139/0";"Cancel";"取消";;
"00BC44A9/140/0";"Cannot find the selection in the Content Panel.";"在内容面板中无法找到选定内容。";;
"00BC44A9/141/0";"Cannot find the selection in the Tags Panel.";"在标签面板中无法找到选定内容。";;
"00BC44A9/142/0";"Document\\nPage Content\\nForms, Tables and Lists\\nAlternate Text and Headings";"文档\\n页面内容\\n表单，表格和列表\\n替代文本和标题";;
"00BC44A9/143/0";"Check Box";"复选框";;
"00BC44A9/144/0";"At least one checking option must be selected.";"至少选择一项检查选项。";;
"00BC44A9/145/0";"Alternate Text";"替代文本";;
"00BC44A9/146/0";"Figures alternate text";"插图替代文本";;
"00BC44A9/147/0";"Nested alternate text";"嵌套替代文本";;
"00BC44A9/148/0";"Associated with content";"与内容相关联";;
"00BC44A9/149/0";"Hides annotation";"隐藏标注";;
"00BC44A9/150/0";"Other elements alternate text";"其它元素的替代文本";;
"00BC44A9/151/0";"Select Output Location for Accessibility Report";"选择辅助功能报告的输出位置";;
"00BC44A9/152/0";"Document";"文档";;
"00BC44A9/153/0";"Accessibility permission flag";"辅助功能权限标志位";;
"00BC44A9/154/0";"Image-only PDF";"仅含图像的PDF";;
"00BC44A9/155/0";"Tagged PDF";"加标签的PDF";;
"00BC44A9/156/0";"Logical Reading Order";"逻辑阅读顺序";;
"00BC44A9/157/0";"Primary language";"主要语言";;
"00BC44A9/158/0";"Title";"标题";;
"00BC44A9/159/0";"Bookmarks";"书签";;
"00BC44A9/160/0";"Color contrast";"颜色对比度";;
"00BC44A9/161/0";" - Failed";" - 失败";;
"00BC44A9/560/0";"Successful";"成功";;
"00BC44A9/162/0";"Forms";"表单";;
"00BC44A9/163/0";"Tagged form fields";"加标签的表单域";;
"00BC44A9/164/0";"Field descriptions";"域说明";;
"00BC44A9/165/0";"Headings";"标题";;
"00BC44A9/166/0";"Appropriate nesting";"适当的嵌套";;
"00BC44A9/167/0";"Invalid page range specified.";"所选择的页面范围不合法。";;
"00BC44A9/168/0";"issue/issues";"个问题/个问题";;
"00BC44A9/169/0";"Lists";"列表";;
"00BC44A9/170/0";"List items";"列表条目";;
"00BC44A9/171/0";" - Needs manual check";" - 需要手动检查";;
"00BC44A9/172/0";" - Failed manually";" - 手动执行失败";;
"00BC44A9/173/0";" - Passed manually";" - 手动执行成功";;
"00BC44A9/174/0";"Page Content";"页面内容";;
"00BC44A9/175/0";"Tagged content";"加标签的内容";;
"00BC44A9/176/0";"Tagged annotations";"加标签的标注";;
"00BC44A9/177/0";"Tab order";"标签顺序";;
"00BC44A9/178/0";"Character encoding";"字符编码";;
"00BC44A9/179/0";"Tagged multimedia";"加标签的多媒体";;
"00BC44A9/180/0";"Screen flicker";"屏幕闪烁";;
"00BC44A9/181/0";"Scripts";"脚本";;
"00BC44A9/182/0";"Navigation links";"导航链接";;
"00BC44A9/183/0";"View the Accessibility Checker results and fix errors";"查看辅助功能检查结果并修复错误";;
"00BC44A9/184/0";" - Passed";" - 通过";;
"00BC44A9/561/0";"Repair Failed";"修复失败";;
"00BC44A9/562/0";"Repair Successful";"修复成功";;
"00BC44A9/185/0";" - Skipped";" - 跳过";;
"00BC44A9/186/0";"Rows";"行";;
"00BC44A9/187/0";"TH and TD";"TH和TD";;
"00BC44A9/188/0";"Headers";"表头";;
"00BC44A9/189/0";"Regularity";"常规性";;
"00BC44A9/190/0";"Summary";"摘要";;
"00BC44A9/563/0";"Needs check";"需要检查";;
"00BC44A9/191/0";"Checking";"正在检查";;
"00BC44A9/192/0";"Accessibility Checker Options";"辅助功能检查选项";;
"00BC44A9/193/0";"Checking Options (%d of %d in all categories)";"检查选项(所有类别中的 %d/%d )";;
"00BC44A9/194/0";"The checker found problems which may prevent the document from being fully accessible.";"检查器发现了可能妨碍文档完全访问的问题。";;
"00BC44A9/195/0";"The checker found no problems in this document.";"检查器未发现该文档存在任何问题。";;
"00BC44A9/564/0";"The checker found problems which may prevent the document from complying with PDF/UA-1 standard and attempted to fix them.";"检查器发现了可能妨碍文档符合PDF/UA-1标准的问题，并尝试修复这些问题。";;
"00BC44A9/565/0";"Check Results";"检查结果";;
"00BC44A9/196/0";"%ls to check.";"%ls进行检查。";;
"00BC44A9/197/0";"&amp;Check Again";"重新检查(&amp;C)";;
"00BC44A9/198/0";"&amp;Explain";"说明(&amp;E)";;
"00BC44A9/199/0";"Fa&amp;il";"失败(&amp;I)";;
"00BC44A9/200/0";"&amp;Fix";"修复(&amp;F)";;
"00BC44A9/201/0";"&amp;Pass";"通过(&amp;P)";;
"00BC44A9/202/0";"Sho&amp;w in Content Panel";"在“内容”面板中显示(&amp;W)";;
"00BC44A9/203/0";"Show in Ta&amp;gs Panel";"在“标签”面板中显示(&amp;G)";;
"00BC44A9/204/0";"Show &amp;Report";"显示报告(&amp;R)";;
"00BC44A9/205/0";"&amp;Skip Rule";"跳过规则(&amp;S)";;
"00BC44A9/206/0";"Accessibility Chec&amp;k";"辅助功能检查(&amp;K)";;
"00BC44A9/207/0";"Accessibility Check";"辅助功能检查";;
"00BC44A9/208/0";"Full Check";"完整检查";;
"00BC44A9/209/0";"Please check to show accessibility checker options from Preferences &gt; Accessibility to set valid page range. ";"请从“偏好设置-&gt;辅助功能”位置勾选显示辅助功能检查选项以便设置合法的页面范围。 ";;
"00BC44A9/210/0";"Lbl and LBody";"Lbl和LBody";;
"00BC44A9/211/0";"Timed responses";"响应时间";;
"00BC44A9/212/0";"Choice Field";"选中域";;
"00BC44A9/213/0";"Choos&amp;e...";"选择(&amp;E)...";;
"00BC44A9/214/0";"Class Map";"类映射";;
"00BC44A9/215/0";"Attribute Object";"属性对象";;
"00BC44A9/216/0";"Class";"类";;
"00BC44A9/217/0";"Changes to a class affects all elements referencing the class.";"对类的更改会影响引用该类的所有元素。";;
"00BC44A9/218/0";"New Class";"新类";;
"00BC44A9/219/0";"New Class Name:";"新类的名称：";;
"00BC44A9/220/0";"Document Classes";"文档类";;
"00BC44A9/221/0";"Attribute Classes";"属性类";;
"00BC44A9/222/0";"Class names must contain text and be less than 128 characters long. ";"类名必须包含文本，且长度小于128个字符。";;
"00BC44A9/223/0";"Clearing page structure";"正在清除页面结构";;
"00BC44A9/224/0";"Clea&amp;r All";"全部清除(&amp;R)";;
"00BC44A9/225/0";"Color Options";"颜色选项";;
"00BC44A9/226/0";"Black &amp; White|sGray|sRGB IEC61966-2.1|U.S. Web Coated (SWOP) v2";"Black&amp;White|sGray|sRGB IEC61966-2.1|U.S. Web Coated (SWOP) v2";;
"00BC44A9/227/0";"Perceptual|Relative Colorimetric|Saturation|Absolute Colorimetric";"视感|相对比色|饱和度|纯对比色";;
"00BC44A9/228/0";"&amp;Column Span:";"列跨距(&amp;C)：";;
"00BC44A9/229/0";"Container&lt;%ls&gt;";"容器&lt;%ls&gt;";;
"00BC44A9/230/0";"Audit Space &amp;Usage...";"审计空间使用(&amp;U)...";;
"00BC44A9/231/0";"Create A&amp;rtifact...";"创建伪像(&amp;R)...";;
"00BC44A9/232/0";"&amp;Delete";"删除(&amp;D)";;
"00BC44A9/233/0";"Edit D&amp;ocument Catalog...";"编辑文档目录(&amp;O)...";;
"00BC44A9/234/0";"Edit Container D&amp;ictionary...";"编辑容器字典(&amp;I)...";;
"00BC44A9/235/0";"Edit Pa&amp;ge Dictionary...";"编辑页面字典(&amp;G)...";;
"00BC44A9/236/0";"Find &amp;Content from selection";"从选定部分查找内容(&amp;C)";;
"00BC44A9/237/0";"&amp;New Container...";"新容器(&amp;N)...";;
"00BC44A9/238/0";"&amp;Properties...";"属性(&amp;P)...";;
"00BC44A9/239/0";"&amp;Remove Artifact";"移除项目(&amp;R)";;
"00BC44A9/240/0";"Sa&amp;ve Selection As";"将所选内容另存为(&amp;V)";;
"00BC44A9/241/0";"Sho&amp;w Metadata...";"显示元数据(&amp;W)...";;
"00BC44A9/242/0";"View Container Dictionary...";"查看容器字典...";;
"00BC44A9/243/0";"&amp;Content";"内容(&amp;C)";;
"00BC44A9/244/0";"PDF Files (*.pdf)|*.PDF|";"PDF文件(*.pdf)|*.PDF|";;
"00BC44A9/245/0";"Content";"内容";;
"00BC44A9/246/0";"Content: View and edit page content information";"内容：查看并编辑页面内容信息";;
"00BC44A9/559/0";"The document contains a non-standard type of Annotation object and needs to be removed before the document can be fixed.";"文档中包含不符合标准的标注对象，需要移除后才能修复文档。";;
"00BC44A9/558/0";"The encryption policy of the document does not comply with the PDF/UA-1 standard and needs to be removed before the document can be fixed.";"文档的加密策略不符合PDF/UA-1标准，需要删除加密策略才能修复文档。";;
"00BC44A9/247/0";"Create accessi&amp;bility report";"创建辅助功能报告(&amp;B)";;
"00BC44A9/248/0";"Report created by";"报告创建者";;
"00BC44A9/249/0";"&amp;Data Cell";"数据单元(&amp;D)";;
"00BC44A9/250/0";"Data cell color";"数据单元格颜色";;
"00BC44A9/251/0";"Default Alternate Text";"默认的替代文本";;
"00BC44A9/252/0";"Do you really want to delete all the current page structures?";"您是否真的想要删除当前所有的页面结构？";;
"00BC44A9/662/0";"Do you really want to delete the selected Associated Files?";"您确实要删除选定的关联文件吗？";;
"00BC44A9/253/0";"Do you really want to delete the following entry?";"您真的想要删除如下项？";;
"00BC44A9/254/0";"Description";"说明";;
"00BC44A9/255/0";"Detailed Report";"详细报告";;
"00BC44A9/256/0";"Container Dictionary Editor";"容器字典编辑器";;
"00BC44A9/257/0";"Page Dictionary Editor";"页面字典编辑器";;
"00BC44A9/258/0";"Document Catalog Editor";"文档目录编辑器";;
"00BC44A9/259/0";"Container Dictionary";"容器字典";;
"00BC44A9/260/0";"Document Catalog";"文档目录";;
"00BC44A9/261/0";"Page Dictionary";"页面字典";;
"00BC44A9/262/0";"You can damage a PDF by editing content objects, make sure that you&apos;re familiar with PDF structure before you change anything.";"您可能会通过编辑内容对象破坏PDF文档，请在您做更改之前确认您熟知PDF结构。";;
"00BC44A9/263/0";"_Stream Data_";"_Stream Data_";;
"00BC44A9/264/0";"Accessibility permission flag is set";"辅助功能权限标志位被设置";;
"00BC44A9/265/0";"Document is not image-only PDF";"文档不是仅包含图像的PDF";;
"00BC44A9/266/0";"Document is tagged PDF";"文档是添加过标签的PDF";;
"00BC44A9/267/0";"Document structure provides a logical reading order";"文档结构提供了逻辑阅读顺序";;
"00BC44A9/268/0";"Text language is specified";"文本语言已指定";;
"00BC44A9/269/0";"Document title is showing in title bar";"文档标题被显示在标题栏中";;
"00BC44A9/270/0";"Bookmarks are present in large documents";"书签存在于大文档中";;
"00BC44A9/271/0";"Document has appropriate color contrast";"文档有恰当的颜色对比度";;
"00BC44A9/272/0";"Don&apos;t show this message again";"不再显示该消息";;
"00BC44A9/273/0";"Don&apos;t &amp;Add Form Field Text";"不添加表单域文本(&amp;A)";;
"00BC44A9/554/0";"&amp;Don&apos;t show again";"不再显示(&amp;D)";;
"00BC44A9/274/0";"&amp;Don&apos;t show this message again";"不再显示该消息(&amp;D)";;
"00BC44A9/275/0";"Figure";"插图";;
"00BC44A9/276/0";"You have entered a duplicate class. Please enter a unique identifier.";"您输入了一个重复的类名。请输入一个唯一标识符。";;
"00BC44A9/277/0";"The PDF class name you entered already exists. Please choose a different name.";"您所输入的PDF类名已经存在了。请选择一个其他名称。";;
"00BC44A9/278/0";"You have entered a duplicate role. Please enter a unique identifier.";"您输入了一个重复的角色。请输入一个唯一标识符。";;
"00BC44A9/279/0";"You have entered a duplicate key. Please enter a unique identifier.";"您输入了一个重复的关键字。请输入一个唯一标识符。";;
"00BC44A9/280/0";"Edit &amp;Dictionary...";"编辑字典(&amp;D)...";;
"00BC44A9/281/0";"Tag Element";"标签元素";;
"00BC44A9/282/0";"Element %d";"元素 %d";;
"00BC44A9/283/0";"Container";"容器";;
"00BC44A9/284/0";"Form Xobject";"表单Xobect";;
"00BC44A9/285/0";"XObject:Image";"XObject：图像";;
"00BC44A9/286/0";"&amp;None";"无(&amp;N)";;
"00BC44A9/555/0";"None";"无";;
"00BC44A9/287/0";"Extracting page";"正在提取页面";;
"00BC44A9/288/0";"The requested role map already exists. Please choose another role map.";"所请求的角色映射已经存在。请选择其它角色进行映射。";;
"00BC44A9/289/0";"Field %d";"域 %d";;
"00BC44A9/290/0";"Pushbutton";"按钮";;
"00BC44A9/291/0";"Radio Button";"单选框";;
"00BC44A9/292/0";"Figure %d";"插图 %d";;
"00BC44A9/293/0";"Figures";"插图";;
"00BC44A9/294/0";"No alternate text exists.";"不存在可替代文本。";;
"00BC44A9/295/0";"Filename";"文件名";;
"00BC44A9/296/0";"Foxit PDF Editor cannot open the accessibility report. ";"福昕高级PDF编辑器不能打开辅助功能报告。 ";;
"00BC44A9/297/0";"Accessible Text (*.txt)|*.txt";"辅助文本 (*.txt)|*.txt";;
"00BC44A9/298/0";"OCR Suspects";"OCR疑似错误";;
"00BC44A9/299/0";"Unmarked Annotations";"未标记的标注";;
"00BC44A9/300/0";"Unmarked Comments";"未标记的注释";;
"00BC44A9/301/0";"Unmarked Content";"未标记的内容";;
"00BC44A9/302/0";"Unmarked Links";"未标记的链接";;
"00BC44A9/303/0";"XML 1.0 (*.xml)|*.xml";"XML 1.0 (*.xml)|*.xml";;
"00BC44A9/304/0";"Find completed";"完成查找。";;
"00BC44A9/305/0";"The selection was not found.";"未找到所选对象。";;
"00BC44A9/566/0";"Content marked as Artifact is present inside tagged content.";"标记为伪像的内容存在于标记内容内。";;
"00BC44A9/567/0";"Tagged content is present inside content marked as Artifact.";"标记的内容存在于标记为伪像的内容内。";;
"00BC44A9/568/0";"Content is neither marked as Artifact nor tagged as real content.";"内容既未标记为伪像，也未标记为真实内容。";;
"00BC44A9/569/0";"Suspects entry has a value of true.";"疑似条目的值为 true。";;
"00BC44A9/570/0";"One or more non-standard tag&apos;s mapping does not terminate with a standard type. NOTE: Although PDF/UA defines the nomenclature for heading levels above &amp;ltH6&amp;gt (&amp;ltHn&amp;gt), these are not standard structure types (as defined in ISO 32000-1) and therefore &amp;ltHn&amp;gt tags must (PDF/UA-1 7.1, paragraph 1) be role-mapped to a standard structure type. According to PDF/UA- 1, PDF/UA-conforming processors are expected to ignore such mappings and respect the heading level.";"一个或多个非标准标记的映射未以标准类型终止。注意：虽然 PDF/UA 定义了 &amp;ltH6&amp;gt (&amp;ltHn&amp;gt) 以上标题级别的命名法，但这些不是标准结构类型（如 ISO 32000-1 中定义），因此 &amp;ltHn&amp;gt 标签必须（PDF/UA-1 7.1，第 1 段）角色映射到标准结构类型。根据 PDF/UA-1，符合 PDF/UA 的处理器应忽略此类映射并尊重标题级别。";;
"00BC44A9/571/0";"A circular mapping exists";"存在循环映射";;
"00BC44A9/572/0";"One or more standard types are remapped.";"重新映射一种或多种标准类型。";;
"00BC44A9/573/0";"Document does not contain an XMP metadata stream";"文档不包含XMP元数据流";;
"00BC44A9/574/0";"The XMP metadata stream in the Catalog dictionary does not include the PDF/UA identifier.";"Catalog字典中的XMP元数据流不包含PDF/UA标识符。";;
"00BC44A9/575/0";"XMP metadata stream does not contain dc:title";"XMP 元数据流不包含 dc:title";;
"00BC44A9/576/0";"ViewerPreferences dictionary of the Catalog dictionary does not contain a DisplayDocTitle entry.";"Catalog 字典的 ViewerPreferences 字典不包含 DisplayDocTitle 条目。";;
"00BC44A9/577/0";"ViewerPreferences dictionary of the Catalog dictionary contains a DisplayDocTitle entry with a value of false.";"Catalog 字典的 ViewerPreferences 字典包含值为 false 的 DisplayDocTitle 条目。";;
"00BC44A9/578/0";"A table-related structure element is used in a way that does not conform to the syntax defined in ISO 32000-1, Table 337.";"与表相关的结构元素的使用方式不符合 ISO 32000-1 表 337 中定义的语法。";;
"00BC44A9/579/0";"A list-related structure element is used in a way that does not conform to Table 336 in ISO 32000-1.";"列表相关结构元素的使用方式不符合 ISO 32000-1 中的表 336。";;
"00BC44A9/580/0";"A TOC-related structure element is used in a way that does not conform to Table 333 in ISO 32000-1.";"TOC 相关结构元素的使用方式不符合 ISO 32000-1 中的表 333。";;
"00BC44A9/581/0";"A Ruby-related structure element is used in a way that does not conform to Table 338 in ISO 32000-1.";"与 Ruby 相关的结构元素的使用方式不符合 ISO 32000-1 中的表 338。";;
"00BC44A9/582/0";"A Warichu-related structure element is used in a way that does not conform to Table 338 in ISO 32000-1. ";"Warichu 相关结构元素的使用方式不符合 ISO 32000-1 中的表 338。 ";;
"00BC44A9/583/0";"Character code cannot be mapped to Unicode.";"字符代码无法映射到 Unicode。";;
"00BC44A9/584/0";"Natural language for text in page content cannot be determined.";"无法确定页面内容中文本的自然语言。";;
"00BC44A9/585/0";"Natural language for text in Alt, ActualText and E attributes cannot be determined.";"无法确定 Alt、ActualText 和 E 属性中文本的自然语言。";;
"00BC44A9/586/0";"Natural language in the Outline entries cannot be determined.";"无法确定大纲条目中的自然语言。";;
"00BC44A9/587/0";"Natural language in the Contents entry for annotations cannot be determined.";"无法确定注释内容条目中的自然语言。";;
"00BC44A9/588/0";"Natural language in the TU entry for form fields cannot be determined.";"无法确定表单域的 TU 条目中的自然语言。";;
"00BC44A9/589/0";"Natural language for document metadata cannot be determined. ";"无法确定文档元数据的自然语言。 ";;
"00BC44A9/590/0";"&amp;ltFigure&amp;gt tag alternative or replacement text missing.";"&amp;ltFigure&amp;gt 标签替代或替换文本丢失。";;
"00BC44A9/591/0";"Does use numbered headings, but the first heading tag is not &amp;ltH1&amp;gt.";"确实使用编号标题，但第一个标题标签不是 &amp;ltH1&amp;gt。";;
"00BC44A9/592/0";"Numbered heading levels in descending sequence are skipped (Example: &amp;ltH3&amp;gt follows directly after &amp;ltH1&amp;gt).";"跳过按降序排列的编号标题级别（示例：&amp;ltH3&amp;gt 紧跟在 &amp;ltH1&amp;gt 之后）。";;
"00BC44A9/593/0";"A node contains more than one &amp;ltH&amp;gt tag. ";"一个节点包含多个&lt;H&gt;标签。 ";;
"00BC44A9/594/0";"Document uses both &amp;ltH&amp;gt and &amp;ltH#&amp;gt tags. NOTE 3: In weakly-structured documents, headings always take the form &amp;ltHn&amp;gt (e.g., &amp;ltH1&amp;gt, &amp;ltH2&amp;gt, &amp;ltHn&amp;gt) without intervening whitespace or numerical separators.";"文档同时使用 &amp;ltH&amp;gt 和 &amp;ltH#&amp;gt 标签。注3：在弱结构文档中，标题始终采用&amp;ltHn&amp;gt 形式（例如，&amp;ltH1&amp;gt、&amp;ltH2&amp;gt、&amp;ltHn&amp;gt），中间不插入空格或数字分隔符。";;
"00BC44A9/595/0";"In a table not organized with Headers attributes and IDs, a &amp;ltTH&amp;gt cell does not contain a Scope attribute.";"在未使用标题属性和 ID 组织的表中，&amp;ltTH&amp;gt单元格不包含范围属性。";;
"00BC44A9/596/0";"&amp;ltFormula&amp;gt tag is missing an Alt attribute.";"&amp;ltFormula&amp;gt 标签缺少 Alt 属性。";;
"00BC44A9/597/0";"Unicode mapping requirements are not met.";"不满足 Unicode 映射要求。";;
"00BC44A9/598/0";"ID entry of the &amp;ltNote&amp;gt tag is not present.";"&amp;ltNote&amp;gt 标签的 ID 条目不存在。";;
"00BC44A9/599/0";"ID entry of the &amp;ltNote&amp;gt tag is non-unique.";"&amp;ltNote&amp;gt 标签的 ID 条目不是唯一的。";;
"00BC44A9/600/0";"Name entry is missing or has an empty string as its value in an Optional Content Configuration Dictionary in the Configs entry in the OCProperties entry in the Catalog dictionary.";"目录字典中 OCProperties 条目的 Configs 条目中的可选内容配置字典中的名称条目丢失或具有空字符串作为其值。";;
"00BC44A9/601/0";"Name entry is missing or has an empty string as its value in an Optional Content Configuration Dictionary that is the value of the D entry in the OCProperties entry in the Catalog dictionary.";"可选内容配置字典中的名称条目缺失或值为空字符串，该字典是目录字典中 OCProperties 条目中D条目的值。";;
"00BC44A9/602/0";"An AS entry appears in an Optional Content Configuration Dictionary.";"AS 条目出现在可选内容配置字典中。";;
"00BC44A9/603/0";"The file specification dictionary for an embedded file does not contain F and UF entries.";"嵌入文件的文件规范字典不包含 F 和 UF 条目。";;
"00BC44A9/604/0";"File contains the dynamicRender element with value 搑equired?.";"文件包含值为“required”的dynamicRender 元素。";;
"00BC44A9/605/0";"The file is encrypted but does not contain a P entry in its encryption dictionary.";"文件已加密，但其加密字典中不包含 P 条目。";;
"00BC44A9/606/0";"The file is encrypted and does contain a P entry but the 10th bit position of the P entry is false. ";"该文件已加密并且确实包含 P 条目，但 P 条目的第 10 位位置为假。 ";;
"00BC44A9/607/0";"An annotation, other than of subtype Widget, Link and PrinterMark, is not a direct child of an &amp;ltAnnot&amp;gt structure element.";"除子类型 Widget、Link 和 PrinterMark 之外的注释不是 &amp;ltAnnot&amp;gt 结构元素的直接子元素。";;
"00BC44A9/608/0";"An annotation, other than of subtype Widget, does not have a Contents entry and does not have an alternative description (in the form of an Alt entry in the enclosing structure element).";"除子类型 Widget 之外的注释没有内容条目，也没有替代描述（以封闭结构元素中的 Alt 条目的形式）。";;
"00BC44A9/609/0";"A form field does not have a TU entry and does not have an alternative description (in the form of an Alt entry in the enclosing structure element).";"表单域没有 TU 条目，也没有替代描述（以封闭结构元素中的 Alt 条目的形式）。";;
"00BC44A9/610/0";"An annotation with subtype undefined in ISO 32000 does not meet 7.18.1.";"ISO 32000 中未定义子类型的注释不符合 7.18.1。";;
"00BC44A9/611/0";"An annotation of subtype TrapNet exists.";"存在子类型为 TrapNet 的注释。";;
"00BC44A9/612/0";"A page containing an annotation does not contain a Tabs entry.";"包含注释的页面不包含Tabs条目。";;
"00BC44A9/613/0";"A page containing an annotation has a Tabs entry with a value other than S. ";"包含注释的页面有一个 Tabs 条目，其值不是 S。 ";;
"00BC44A9/614/0";"A widget annotation is not nested within a &amp;ltForm&amp;gt tag.";"小部件注释未嵌套在 &amp;ltForm&amp;gt 标记内。";;
"00BC44A9/615/0";"A link annotation is not nested within a &amp;ltLink&amp;gt tag.";"链接注释未嵌套在 &amp;ltLink&amp;gt 标记内。";;
"00BC44A9/616/0";"A link annotation does not include an alternate description in its Contents entry.";"链接注释在其Contents条目中不包含备用描述。";;
"00BC44A9/617/0";"CT entry is missing from the media clip data dictionary.";"媒体剪辑数据字典中缺少 CT 条目。";;
"00BC44A9/618/0";"Alt entry is missing from the media clip data dictionary.";"媒体剪辑数据字典中缺少 Alt 条目。";;
"00BC44A9/619/0";"File attachment annotations do not conform to 7.11.";"文件附件注释不符合 7.11。";;
"00BC44A9/620/0";"A PrinterMark annotation is included in the logical structure.";"PrinterMark 注释包含在逻辑结构中。";;
"00BC44A9/621/0";"The appearance stream of a PrinterMark annotation is not marked as Artifact.";"PrinterMark 注释的外观流未标记为伪像。";;
"00BC44A9/622/0";"A reference XObject is present.";"存在引用 XObject。";;
"00BC44A9/623/0";"Form XObject contains MCIDs and is referenced more than once.";"表单 XObject 包含 MCID 并且被多次引用。";;
"00BC44A9/624/0";"A Type 0 font dictionary with encoding other than Identity-H and Identity-V has values for Registry in both CIDSystemInfo dictionaries that are not identical.";"使用除 Identity-H 和 Identity-V 之外的编码的 Type 0 字体字典在两个 CIDSystemInfo 字典中的注册表值不相同。";;
"00BC44A9/625/0";"A Type 0 font dictionary with encoding other than Identity-H and Identity-V has values for Ordering in both CIDSystemInfo dictionaries that are not identical.";"使用 Identity-H 和 Identity-V 以外的编码的 Type 0 字体字典在两个 CIDSystemInfo 字典中的排序值不相同。";;
"00BC44A9/626/0";"A Type 0 font dictionary with encoding other than Identity-H and Identity-V has a value for Supplement in the CIDSystemInfo dictionary of the CID font that is less than the value for Supplement in the CIDSystemInfo dictionary of the CMap.";"使用除 Identity-H 和 Identity-V 之外的编码的 Type 0 字体字典在 CID 字体的 CIDSystemInfo 字典中的 Supplement 值小于 CMap 的 CIDSystemInfo 字典中的 Supplement 值。";;
"00BC44A9/627/0";"A Type 2 CID font contains neither a stream nor the name Identity as the value of the CIDToGIDMap entry. ";"Type 2 CID 字体既不包含流，也不包含名称 Identity 作为 CIDToGIDMap 条目的值。 ";;
"00BC44A9/628/0";"A Type 2 CID font does not contain a CIDToGIDMap entry.";"Type 2 CID 字体不包含 CIDToGIDMap 条目。";;
"00BC44A9/629/0";"A CMap is neither listed as described in ISO 32000- 1:2008, 9.7.5.2, Table 118 nor is it embedded.";"CMap 既没有按照 ISO 32000-1:2008, 9.7.5.2, 表 118 中的描述列出，也没有嵌入。";;
"00BC44A9/630/0";"The WMode entry in a CMap dictionary is not identical to the WMode value in the CMap stream.";"CMap 字典中的 WMode 条目与 CMap 流中的 WMode 值不同。";;
"00BC44A9/631/0";"A CMap references another CMap which is not listed in ISO 32000-1:2008, 9.7.5.2, Table 118. NOTE 1: For more information see ISO 32000-1 9.7.5.3, UseCMap entry.";"CMap 引用另一个未在 ISO 32000-1:2008, 9.7.5.2, 表 118 中列出的 CMap。 注 1：有关详细信息，请参阅 ISO 32000-1 9.7.5.3，UseCMap 条目。";;
"00BC44A9/632/0";"For a font used by text intended to be rendered the font program is not embedded. NOTE 2: A glyph is used for rendering if the text render mode is not 3 (text render mode 3 is used for invisible text).";"对于要呈现的文本所使用的字体，不嵌入字体程序。注 2：如果文本渲染模式不是 3，则使用字形进行渲染（文本渲染模式 3 用于不可见文本）。";;
"00BC44A9/633/0";"For a font used by text the font program is embedded but it does not contain glyphs for all of the glyphs referenced by the text used for rendering. NOTE 4: A glyph is used for rendering if the text render mode is not 3 (text render mode 3 is used for invisible text).";"对于文本使用的字体，嵌入了字体程序，但它不包含用于渲染的文本引用的所有字形。注 4：如果文本渲染模式不是 3，则使用字形进行渲染（文本渲染模式 3 用于不可见文本）。";;
"00BC44A9/634/0";"The FontDescriptor dictionary of an embedded Type 1 font contains a CharSet string, but at least one of the glyphs present in the font program is not listed in the CharSet string.";"嵌入的 Type 1 字体的 FontDescriptor 字典包含一个 CharSet 字符串，但是字体程序中至少一个存在的字形未在CharSet字符串中列出。";;
"00BC44A9/635/0";"The FontDescriptor dictionary of an embedded Type 1 font contains a CharSet string, but at least one of the glyphs listed in the CharSet string is not present in the font program.";"嵌入的 Type 1 字体的 FontDescriptor 字典包含 CharSet 字符串，但CharSet 字符串中列出的至少一个字形不存在于字体程序中。";;
"00BC44A9/636/0";"The FontDescriptor dictionary of an embedded CID font contains a CIDSet string, but at least one of the glyphs present in the font program is not listed in the CIDSet string.";"嵌入 CID 字体的 FontDescriptor 字典包含 CIDSet 字符串，但字体程序中存在的至少一个字形未在 CIDSet 字符串中列出。";;
"00BC44A9/637/0";"The FontDescriptor dictionary of an embedded CID font contains a CIDSet string, but at least one of the glyphs listed in the CIDSet string is not present in the font program.";"嵌入 CID 字体的 FontDescriptor 字典包含 CIDSet 字符串，但CIDSet 字符串中列出的至少一个字形不存在于字体程序中。";;
"00BC44A9/638/0";"For one or more glyphs, the glyph width information in the font dictionary and in the embedded font program differ by more than 1 /1000 unit.";"对于一个或多个字形，字体字典中的字形宽度信息与嵌入字体程序中的字形宽度信息相差超过千分之一单位。";;
"00BC44A9/639/0";"A non-symbolic TrueType font is used for rendering, but none of the cmap entries in the embedded font program is a non-symbolic cmap. ";"非符号 TrueType 字体用于渲染，但嵌入字体程序中的 cmap 条目都不是非符号 cmap。 ";;
"00BC44A9/640/0";"A non-symbolic TrueType font is used for rendering, but for at least one glyph to be rendered the glyph cannot be looked up by any of the non-symbolic cmap entries in the embedded font program. ";"非符号 TrueType 字体用于渲染，但对于要渲染的至少一个字形，嵌入字体程序中的任何非符号 cmap 条目都无法查找该字形。 ";;
"00BC44A9/641/0";"The font dictionary for a non-symbolic TrueType font does not contain an Encoding entry. ";"非符号 TrueType 字体的字体字典不包含编码条目。 ";;
"00BC44A9/642/0";"The font dictionary for a non-symbolic TrueType font contains an Encoding dictionary which does not contain a BaseEncoding entry.";"非符号 TrueType 字体的字体字典包含一个不包含 BaseEncoding 条目的编码字典。";;
"00BC44A9/643/0";"The value for either the Encoding entry or the BaseEncoding entry in the Encoding dictionary in a non-symbolic TrueType font dictionary is neither MacRomanEncoding nor WinAnsiEncoding.";"非符号 TrueType 字体字典中 Encoding 字典中 Encoding 条目或 BaseEncoding 条目的值既不是 MacRomanEncoding 也不是 WinAnsiEncoding。";;
"00BC44A9/644/0";"The Differences array in the Encoding entry in a non-symbolic TrueType font dictionary contains one or more glyph names which are not listed in the Adobe Glyph List.";"非符号 TrueType 字体字典中的编码条目中的 Differences 数组包含一个或多个未在 Adobe 字形列表中列出的字形名称。";;
"00BC44A9/645/0";"The Differences array is present in the Encoding entry in a non-symbolic TrueType font dictionary but the embedded font program does not contain a (3,1) Microsoft Unicode cmap.";"非符号TrueType字体字典中的Encoding条目中存在Differences数组，但嵌入字体程序不包含 (3,1) Microsoft Unicode cmap。";;
"00BC44A9/646/0";"The Encoding entry is present in the font dictionary for a symbolic TrueType font.";"符号 TrueType 字体的编码条目存在于字体字典中。";;
"00BC44A9/647/0";"The embedded font program for a symbolic TrueType font contains no cmap.";"符号 TrueType 字体的嵌入字体程序不包含 cmap。";;
"00BC44A9/648/0";"The embedded font program for a symbolic TrueType font contains more than one cmap, but none of the cmap entries is a (3,0) Microsoft Symbol cmap.";"符号 TrueType 字体的嵌入字体程序包含多个 cmap，但没有一个 cmap 条目是 (3,0) Microsoft Symbol cmap。";;
"00BC44A9/649/0";"A font dictionary does not contain the ToUnicode entry and none of the following is true: &lt;ul&gt;&lt;li&gt;the font uses MacRomanEncoding, MacExpertEncoding or WinAnsiEncoding&lt;/li&gt; &lt;li&gt;the font is a Type 1 or Type 3 font and the glyph names of the glyphs referenced are all contained in the Adobe Glyph List or the set of named characters in the Symbol font, as defined in ISO 32000-1:2008, Annex D &lt;/li&gt;&lt;li&gt;the font is a Type 0 font, and its descendant CIDFont uses Adobe-GB1, Adobe-CNS1, Adobe- Japan1 or Adobe-Korea1 character collections&lt;/li&gt; &lt;li&gt;the font is a non-symbolic TrueType font&lt;/li&gt;&lt;/ul&gt;";"字体字典不包含 ToUnicode 条目，并且以下情况均不成立： &lt;ul&gt;&lt;li&gt;字体使用 MacRomanEncoding、MacExpertEncoding 或 WinAnsiEncoding&lt;/li&gt; &lt;li&gt;字体是 Type 1 或 Type 3 字体，并且所引用字形的字形名称均包含在 Adobe 字形列表或符号字体中的命名字符集（如 ISO 32000-1:2008，附录 D 中所定义）&lt;/li&gt;&lt;li&gt;该字体是 Type 0字体，及其后代 CIDFont 使用 Adobe-GB1、Adobe-CNS1、Adobe-Japan1 或 Adobe-Korea1 字符集&lt;/li&gt; &lt;li&gt;该字体是非符号 TrueType 字体&lt;/li&gt;&lt;/ul&gt;";;
"00BC44A9/650/0";"One or more Unicode values specified in the ToUnicode CMap are zero (0).";"ToUnicode CMap 中指定的一个或多个 Unicode 值为零 (0)。";;
"00BC44A9/651/0";"One or more Unicode values specified in the ToUnicode CMap are equal to either U+FEFF or U+FFFE.";"ToUnicode CMap 中指定的一个或多个 Unicode 值等于 U+FEFF 或 U+FFFE。";;
"00BC44A9/652/0";"One or more characters used in text showing operators reference the .notdef glyph.";"显示运算符的文本中使用的一个或多个字符引用了 。notdef 字形。";;
"00BC44A9/306/0";"How to Fix %ls Tagging";"如何修复%ls的标签";;
"00BC44A9/307/0";"You don&apos;t have this module to fix.";"您没有该模块用于修复。";;
"00BC44A9/308/0";"The document security settings do not allow this fix.";"该文档的安全设置不允许此次修复。";;
"00BC44A9/309/0";"Tab order set to match structure order in all pages successfully.";"标签顺序在全部页面中已经成功匹配结构顺序。";;
"00BC44A9/310/0";"The value must be between -2147483648 and 2147483648.";"数值必须介于-2147483648到2147483648之间。";;
"00BC44A9/311/0";"The folder you choose does not appear to be valid. Please choose another one.";"您所选择的文件夹看起来无效，请重新选择一个。";;
"00BC44A9/312/0";"Form XObject (%d):";"Form XObject (%d)：";;
"00BC44A9/313/0";"All form fields are tagged";"所有表单域已添加标签";;
"00BC44A9/314/0";"All form fields have description";"所有表单域都有说明";;
"00BC44A9/315/0";"TR must be a child of Table, THead, TBody, or TFoot";"TR必须是Table，THead，TBody或者TFoot的子元素";;
"00BC44A9/316/0";"TH and TD must be children of TR";"TH和TD必须是TR的子元素";;
"00BC44A9/317/0";"Tables must have headers";"表格必须有表头";;
"00BC44A9/318/0";"Tables must contain the same number of columns in each row and rows in each column";"表格的行数和列数必须保持相同";;
"00BC44A9/319/0";"Tables must have a summary";"表格必须有摘要";;
"00BC44A9/320/0";"LI must be a child of L";"LI必须是L的子元素";;
"00BC44A9/321/0";"Lbl and LBody must be children of LI";"Lbl和LBody必须是LI的子元素";;
"00BC44A9/322/0";"Form Field Text";"表单域文本";;
"00BC44A9/323/0";"Form Field &amp;Text:";"表单域文本(&amp;T)：";;
"00BC44A9/324/0";"Form Field Text:";"表单域文本：";;
"00BC44A9/653/0";"PDF/UA Check Report";"PDF/UA 检查报告";;
"00BC44A9/655/0";"Failed to generate the &quot;%s&quot; report! ";"无法生成“%s”报告！ ";;
"00BC44A9/325/0";"&amp;Header Cell";"标题单元格(&amp;H)";;
"00BC44A9/326/0";"Header cell color";"标题单元格颜色";;
"00BC44A9/327/0";"&amp;Header ID:";"表头ID(&amp;H)：";;
"00BC44A9/328/0";"Warning: The ID is not associated with any table cell in this table. Please make sure to add the ID to a table cell from the Table Cell Properties dialog.";"警告：该ID没有与表格中的任何单元格相关联。请通过表单元格属性对话框确保将ID添加到表单元格中。";;
"00BC44A9/329/0";"&amp;Hide";"隐藏(&amp;H)";;
"00BC44A9/330/0";"High confidence";"高等可信度";;
"00BC44A9/331/0";"Accessibly PDF document is required to contain AltText or ActualText for figures. AltText label(to describe the appearance) and ActualText can provide figures with meaningful descriptions for accessibility.  AltText label cannot be automatically created and therefore need to be added by manually. Use the Tags Panel to add AltText.";"替代文本（AltText）与插图所需的实际文本（ActualText）是可访问PDF所必需的。通过利用替代文本（AltText）标签（用于描述外观）和实际文本（ActualText）标签，插图将具有某种形式的有意义的说明以用于辅助工具。替代文本（AltText）标签不能自动生成，而必须由作者手动进行添加。您可使用“标签”面板来添加替代文本。";;
"00BC44A9/332/0";"Artifact (page content that are not to be read or reflowed) may be misidentified when pagination or layout subtypes are thought to be recognized. In the case of pagination artifacts, text (often a single number) sits far out and away from other text regions. Layout artifacts occurs from a variety of areas including horizontal lines thought to be separators and also images, xform, and boxes serving as backgrounds for the text on top of or inside these items. Corrections are usually made by changing the text back to a paragraph or graphics to be part of a figure.";"当分页或者版面子类型被视为可识别的情况下，伪像（无法被阅读或者重排的页面内容）可能会被错误识别。对于分页的伪像，文本（通常是一个数字）会远离其它的文本区域。版面伪像会出现自多种区域，包括被视为分隔符的水平线，以及在文本上或者文本中作为背景的图像，扩展表单和方框等。更正的方法通常是将文本移回段落，或将图形设为插图的一部分。";;
"00BC44A9/333/0";"Auto Tagging of figures might have issues because figures that consists of texts, lines and images might not always have easily recognizable boundaries. When identifying figures, it is common to run into problems of including partial or extra elements.   Recognize multiple figures as one, or one as many are also common problems.  Correction involves manually identify and group all of the required element into one structural figure element.  You can also add actual text, alternate text, expansion text or titles on the identified figure.";"插图的自动标签可能存在问题，因为插图可能由文本，线条和图像构成，它们可能缺少一些可容易被识别到的边界。当识别插图时，出现只包含了部分或者多了额外元素的情况是很常见的。将多个插图识别成一个，或者将一个识别成多个同样也是常见问题。更正方法是手动识别并组合所有必需的元素到一个结构化的插图元素中。识别插图元素后，您也可以添加实际文本，替代文本，扩展文本或者标题。";;
"00BC44A9/334/0";"A list item defines an element which is part of list. A list item is often not recognized due to a limited number of elements in the list or having most other list items appear on a different page. List items include an optional label and a body.  Correction involves grouping the list item and its label and body properly. This can only be done in the Tags Panel.";"列表项目定义了列表的构成元素。一个列表条目无法识别，通常是由于列表中的元素太少或者多数其它列表项目显示在别的页面上。列表项目包含一个可选的标签和正文。更正方法是正确组合列表项目和其标签/正文。该操作仅可以在“标签”面板中完成。";;
"00BC44A9/335/0";"A paragraph is the basic building block of text. Identification problems may occur due to unique or inconsistent formatting. Also, very short one-line paragraphs can also be confused with negative indent formatting such as that found in dictionaries or lists. Correction usually involves grouping the correct text lines together to form the paragraph. Sometimes incorrect region analysis will lead to two columns of text falsely being grouped as a single region. This will lead to poor paragraph recognition due to the text lines running across boundaries.     ";"段落是文本的基本构建块。独特或不一致的段落格式可能导致识别出错。此外，过短的单行段落可能会与字典或者列表中的负值缩进格式相混淆。更正的方法通常是将正确的文本行组合成段落。有时，不正确的区域分析会导致两列文本被错误的组合为一个区域。这将导致段落识别出错，因为文本行可能超出了边界。";;
"00BC44A9/336/0";"Add Tags starts by dividing a page into regions of contiguous content. Regions are sometimes combined or split. This is most often caused by side-by-side regions with very small spacing between columns or very irregular alignment of the left edge of a column of text. Other possible causes include background or graphical objects under or near the text in the region. Although regions do not show up directly as structural elements, failure to properly recognize  their boundaries will usually lead to poor recognition of structure.";"“添加标签”会先将页面划分为若干个包含连续内容的区域。区域有时会被合并或者分割，这通常是由于相邻区域的列间距过小或者文字列使用了非常规的左对齐方式。此外，区域内位于文字下方或者旁边的背景以及图形对象也会导致此类状况的发生。尽管区域不会直接显示为结构元素，但无法正确识别其边界将导致结果难以识别。";;
"00BC44A9/337/0";"Hints for Repair";"修复提示";;
"00BC44A9/338/0";"The table header is a table cell which contains information used as an identifier to other cells within the table. Whitespace tables sometimes result in text lines assigned to the wrong rows. Two or more neighboring cells may be inadvertently combined or a single cell may be inadvertently split into two or more cells. Header cells may be confused with data cells; this is especially true with complex tables. To correct a table header cell, use the Tags Panel to group the text and graphics belonging to that cell and be sure to set the appropriate row and column spans. The Touch Up Reading Order Tool can be used for some cell split corrections.";"标题单元格是一个表单元格，其包含可供其它单元格识别的标识符。空白表格有时会导致文本行被指定到错误的表行中。2个或者多个相邻的单元格可能会被意外的合并，或是一个单元格可能被意外的分割为2个或多个单元格。标题单元格也可能会与数据单元格混淆；这种情况通常出现在复杂的单元格中，要更正标题单元格，请使用“标签”面板将属于该单元格的文本和图形组合起来，并确保设置正确的行列跨距。您还可以使用“Touch Up阅读顺序”工具来更正某些单元格的分割问题。";;
"00BC44A9/339/0";"The table row is a horizontal unit within the table. Rows might be incorrectly split so that two lines of text each have their own row when they should be on a single row. A table row tag should have only table ( data or header ) cells as children. It may be necessary to regroup the text together to form the cells in a row. When creating row tags using the Tags Panel, it is easier to define a row, then define each individual cell along with its row and column span. Another technique using the Tags Panel is to move cells that are already defined to the correct rows.";"表行是表格中的水平单元。表行可能会被错误的分割，使得本应该在同一表行上的两行文本被分别放置到两个表行上。表行标签应该仅包含作为子元素的表（数据或者表头）单元格。有时可能需要重新组合文本来将单元格组成表行。当使用“标签”面板创建行标签时，比较容易的做法是先定义行，然后按照先行后列的顺序定义各个单元格。另一种方法是使用“标签”面板，将已定义的单元格移动到正确的表行。";;
"00BC44A9/340/0";"The table represents information organized by rows and cells within rows. Tables may or may not contain borders. Known as whitespace tables, table without borders between cells are difficult to identify correctly. Occasionally, rows or columns of whitespace tables are left out and/or neighboring text may be included. Lists may also be mistaken for tables. To correctly specify a table, rows must be the children of that table (and cells must be properly specified within that row). Table tagging can be updated using the Tags Panel and Touch Up Reading Order tool.";"表通过行和列中的单元格来组织要表现的信息。表格可包含边框，也可以不包含。但单元格之间没有边框的空白表格将难以进行识别。偶尔，空白表的行或列可能包括遗漏或者邻近的文本。而列表可能会被错误的识别为表。要正确的指定表，行必须是表的子元素（且必须在行中正确指定单元格）可以使用“标签”面板和“Touch Up阅读顺序”工具来更新表标签。";;
"00BC44A9/341/0";"Table of contents items are defined as individual items comprising a table of contents. Occasionally these are either falsely identified or not identified. This is more likely in case of a partial table of contents or in those cases of multi-column table of contents. Correction will involve creating table of contents items and placing this list under a single table of content structural element. Each table of contents item should have an optional label or number, a title, an optional leader, and  typically a page reference or number. Use the Tags Panel to create this tag structure.";"目录项就是组成目录的各个项目。其偶尔会被错误识别或者无法进行识别。这通常发生在多行目录的情况下。更正方法是创建目录项目并将该列表放置在单独的目录结构元素下。每个目录项目应该包含一个可选的标签或编号，标题，可选的引线以及页面引用或者页码。请使用“标签”面板来创建标签结构。";;
"00BC44A9/342/0";"HTML Files";"HTML文件";;
"00BC44A9/343/0";"&amp;ID:";"ID(&amp;I)：";;
"00BC44A9/344/0";"Changing the Span attribute will change the table structure, not all third-party products can read the changed structure, they may report errors. Do you want to continue or not?";"更改跨距属性将更改表格结构，不是所有第三方的产品可以读取这种更改的结构，它们可能会报错。您是否想要继续？";;
"00BC44A9/345/0";"The element ID already exists in the document&apos;s structure hierarchy. Please enter a unique ID.";"该元素的ID已经存在于文档的层次结构中。请输入一个唯一的ID。";;
"00BC44A9/346/0";"Image(%d):";"图像(%d)：";;
"00BC44A9/347/0";"Height: %d";"高度：%d";;
"00BC44A9/348/0";"Width: %d";"宽度：%d";;
"00BC44A9/349/0";"Please note that one rectangle is completely surrounded by another rectangle. After you apply it, the inside rectangle will be removed.";"请注意，一个矩形完全被另一个矩形包围。 应用后，内部矩形将被删除。";;
"00BC44A9/350/0";"Introduction";"介绍";;
"00BC44A9/351/0";"The valid range for the number is -32768 to 32767. Please enter a number within that range.";"数值必须介于-32768到32767之间。请输入一个该范围内的数值。";;
"00BC44A9/352/0";"Invalid numeric value.";"无效的枚举数据：";;
"00BC44A9/656/0";"Fix Results";"修复结果";;
"00BC44A9/353/0";"Information must be entered into the key field.";"必须在关键字域内输入信息。";;
"00BC44A9/354/0";"Label Option";"标签选项";;
"00BC44A9/355/0";"Cate&amp;gory:";"类别(&amp;G)：";;
"00BC44A9/356/0";"LBl/LBody %d";"LBl/LBody %d";;
"00BC44A9/357/0";"List";"列表";;
"00BC44A9/358/0";"Low confidence";"低等可信度";;
"00BC44A9/557/0";"Convert to PDF/UA-1";"转换为符合PDF/UA-1标准的文件";;
"00BC44A9/359/0";"Medium-High confidence";"中高等可信度";;
"00BC44A9/360/0";"Medium-Low confidence";"中低等可信度";;
"00BC44A9/361/0";"Medium confidence";"中等可信度";;
"00BC44A9/362/0";"Cu&amp;t";"剪切(&amp;T)";;
"00BC44A9/363/0";"&amp;Find...";"查找(&amp;F)...";;
"00BC44A9/364/0";"&amp;Highlight Content";"高亮内容(&amp;H)";;
"00BC44A9/365/0";"P&amp;aste";"粘贴(&amp;A)";;
"00BC44A9/366/0";"Pa&amp;ste Child";"粘贴子项(&amp;S)";;
"00BC44A9/367/0";"Figure missing AltText on page %d.";"第%d页上的插图缺少替代文本";;
"00BC44A9/368/0";"Multiple Colorspaces";"多个颜色空间";;
"00BC44A9/369/0";"A name must contain text and be less than 128 characters long. Please enter a valid name.";"名称必须包含少于128个字符长度的文本。请输入合法的类型。";;
"00BC44A9/370/0";"New Container";"新容器";;
"00BC44A9/371/0";"%ls cannot complete this operation.";"%ls不能完成该操作。";;
"00BC44A9/372/0";"No Tags Available";"无可用标签";;
"00BC44A9/373/0";"of";"/";;
"00BC44A9/374/0";"OK";"确定";;
"00BC44A9/375/0";"You can only type a number here.";"您只能在此处输入数字。";;
"00BC44A9/376/0";"&amp;Options";"选项(&amp;P)";;
"00BC44A9/377/0";"Clear page str&amp;ucture";"清除页面结构(&amp;U)";;
"00BC44A9/378/0";"Cut";"剪切";;
"00BC44A9/379/0";"&amp;Delete Selected Item Structure";"删除选定的条目结构(&amp;D)";;
"00BC44A9/380/0";"Display &amp;like elements in a single box";"在一个块中显示类似元素(&amp;L)";;
"00BC44A9/381/0";"Edit &amp;Alternate Text...";"编辑替代文本(&amp;A)...";;
"00BC44A9/382/0";"Edit For&amp;m Field Text...";"编辑表单域文本(&amp;M)...";;
"00BC44A9/383/0";"Edit Table Summar&amp;y";"编辑表摘要(&amp;Y)";;
"00BC44A9/384/0";"Paste";"粘贴";;
"00BC44A9/385/0";"Show &amp;page content groups";"显示页面内容组(&amp;P)";;
"00BC44A9/386/0";"Sho&amp;w reading order panel";"显示阅读顺序面板(&amp;W)";;
"00BC44A9/387/0";"Show table c&amp;ells";"显示表格单元格(&amp;E)";;
"00BC44A9/388/0";"Show tables and &amp;figures";"显示表格和插图(&amp;F)";;
"00BC44A9/389/0";"&amp;Order";"顺序(&amp;O)";;
"00BC44A9/390/0";"Page content &amp;order";"页面内容顺序(&amp;O)";;
"00BC44A9/391/0";"Structure t&amp;ypes";"结构类型(&amp;Y)";;
"00BC44A9/392/0";"Tag as bac&amp;kground/artifact";"标签为背景/伪像(&amp;K)";;
"00BC44A9/393/0";"Tag as &amp;cell";"标签为单元格(&amp;C)";;
"00BC44A9/394/0";"Tag as f&amp;igure";"标签为插图(&amp;I)";;
"00BC44A9/395/0";"Tag as fi&amp;gure/caption";"标签为插图/标题(&amp;G)";;
"00BC44A9/396/0";"Tag as fo&amp;rmula";"标签为公式(&amp;R)";;
"00BC44A9/397/0";"Tag as f&amp;orm field";"标签为表单域(&amp;O)";;
"00BC44A9/398/0";"Tag as heading &amp;1";"标签为标题1(&amp;1)";;
"00BC44A9/399/0";"Tag as heading &amp;2";"标签为标题2(&amp;2)";;
"00BC44A9/400/0";"Tag as heading &amp;3";"标签为标题3(&amp;3)";;
"00BC44A9/401/0";"Tag as heading &amp;4";"标签为标题4(&amp;4)";;
"00BC44A9/402/0";"Tag as heading &amp;5";"标签为标题5(&amp;5)";;
"00BC44A9/403/0";"Tag as heading &amp;6";"标签为标题6(&amp;6)";;
"00BC44A9/404/0";"Tag as note(&amp;z)";"标签为备注(&amp;Z)";;
"00BC44A9/405/0";"Tag as reference(&amp;q)";"标签为引用(&amp;Q)";;
"00BC44A9/406/0";"Tag a&amp;s table";"标签为表格(&amp;S)";;
"00BC44A9/407/0";"Tag as te&amp;xt";"标签为文本(&amp;X)";;
"00BC44A9/408/0";"Organization";"组织";;
"00BC44A9/409/0";"Other Color...";"其它颜色...";;
"00BC44A9/410/0";"Page %d";"第%d页";;
"00BC44A9/411/0";"All page content is tagged";"所有页面内容已添加标签";;
"00BC44A9/412/0";"All annotations are tagged";"所有标注已添加标签";;
"00BC44A9/413/0";"Tab order is consistent with structure order";"标签顺序与结构顺序一致";;
"00BC44A9/414/0";"Reliable character encoding is provided";"提供可靠的字符编码";;
"00BC44A9/415/0";"All multimedia objects are tagged";"所有多媒体对象已添加标签";;
"00BC44A9/416/0";"Page will not cause screen flicker";"页面不会引起屏幕闪烁";;
"00BC44A9/417/0";"No inaccessible scripts";"没有无法访问的脚本";;
"00BC44A9/418/0";"Navigation links are not repetitive";"导航链接没有重复";;
"00BC44A9/419/0";"Page does not require timed responses";"页面不需要时间响应";;
"00BC44A9/420/0";"Page Range";"页面范围";;
"00BC44A9/421/0";"&amp;Pages:";"页面(&amp;P)：";;
"00BC44A9/422/0";"Paragraphs";"段落";;
"00BC44A9/423/0";"Path";"路径";;
"00BC44A9/424/0";"Array";"数组";;
"00BC44A9/425/0";"Boolean";"布尔数";;
"00BC44A9/426/0";"Dictionary";"字典";;
"00BC44A9/427/0";"Fixed Point";"固定点";;
"00BC44A9/428/0";"Integer";"整数";;
"00BC44A9/429/0";"Name";"名称";;
"00BC44A9/430/0";"Stream";"流";;
"00BC44A9/431/0";"String";"字符串";;
"00BC44A9/432/0";"Foxit PDF Editor is unable to export XML 1.0 for the following reason:\nThe document need to be made accessible, document permission does not allow modification.";"由于如下原因，福昕高级PDF编辑器不能导出XML 1.0格式：该文档需要添加辅助功能，但文档权限不允许修改。";;
"00BC44A9/433/0";"Checking page %d";"正在检查第%d页";;
"00BC44A9/434/0";"Generating tag report";"正在生成标签报告";;
"00BC44A9/435/0";"Editing is not allowed in this document.";"该文档不允许编辑。";;
"00BC44A9/436/0";"Color";"颜色";;
"00BC44A9/437/0";"Tag";"标签";;
"00BC44A9/438/0";"Reading Order";"阅读顺序";;
"00BC44A9/439/0";"Recogn&amp;ition Report";"识别报告(&amp;I)";;
"00BC44A9/440/0";"Reduced Confidence Pages";"缺少可信度的页面";;
"00BC44A9/441/0";"Regions";"区域";;
"00BC44A9/663/0";"Alternative";"选择";;
"00BC44A9/664/0";"Data";"数据";;
"00BC44A9/665/0";"Unspecified (Default)";"未指定（默认）";;
"00BC44A9/666/0";"Source";"来源";;
"00BC44A9/667/0";"Supplement";"补充";;
"00BC44A9/442/0";"Report Options";"报告选项";;
"00BC44A9/443/0";"Accessibilit&amp;y Report";"辅助功能报告(&amp;Y)";;
"00BC44A9/444/0";"Open an accessibility report file";"打开辅助报告文件";;
"00BC44A9/445/0";"Add form fields to document structure.";"添加表单域至文档结构中。";;
"00BC44A9/446/0";"Accessibility";"辅助工具";;
"00BC44A9/447/0";"Accessibility Full Check";"辅助功能完整检查";;
"00BC44A9/448/0";"The &quot;%ls&quot; field cannot be empty. Please supply a role to map the new role to.";"&quot;%ls&quot;域不能为空。请提供要将新角色映射到的角色。";;
"00BC44A9/449/0";"Changes to a role affects all elements referencing the role.";"对角色的更改会影响引用该角色的所有元素。";;
"00BC44A9/450/0";"Names must contain text and be less than 128 characters long.";"名称必须包含文本，且长度小于128个字符。";;
"00BC44A9/451/0";"Documents Roles";"文档角色";;
"00BC44A9/452/0";"The &quot;%ls&quot; field cannot be empty. Please supply a new role name.";"&quot;%ls&quot; 域不能为空。请提供一个新的角色名。";;
"00BC44A9/453/0";"&amp;Row Span:";"行跨距(&amp;R)：";;
"00BC44A9/657/0";"Rule ID";"规则ID";;
"00BC44A9/454/0";"Rule Name";"规则名称";;
"00BC44A9/455/0";"Sample: 1,5-9,12";"范例：1,5-9,12";;
"00BC44A9/456/0";"&amp;Scope:";"范围(&amp;S)：";;
"00BC44A9/457/0";"Se&amp;lect All";"全选(&amp;L)";;
"00BC44A9/458/0";"Conflicting values for the selected cells";"选定单元格的数值存在冲突";;
"00BC44A9/459/0";"Selection color";"已选定的颜色";;
"00BC44A9/460/0";"_Selection";"_选定内容";;
"00BC44A9/461/0";"Apply Area Order";"应用区域顺序";;
"00BC44A9/462/0";"Using the Area Reading Order tool on a tagged PDF might corrupt the existing tagging structure, please use with caution.\nSet Area Reading Order\nDraw areas on the current page if the area order needs to be changed. You can resize and delete the selected areas. Click again to cancel all selected areas.\nChange Area Order\nArea order can be displayed and changed. Click on these areas in the order you want.\nApply Area Order\nSelect the tool after you have rearranged all areas that need to be changed.\n";"在添加标签的PDF上使用区域阅读顺序工具可能会破坏现有的标签结构，请谨慎使用。\n\n设置区域阅读顺序\n\n如果需要更改区域顺序，请在当前页面上绘制区域。您可以调整和删除选定的区域。再次点击可取消所有选定区域。\n\n更改区域顺序\n\n区域顺序可以显示和更改。请按您想要的顺序点击这些区域。\n\n应用区域顺序\n\n在重新排列了所有需要更改的区域之后，选择该工具。";;
"00BC44A9/463/0";"Set Area Reading Order";"设置区域阅读顺序";;
"00BC44A9/464/0";"Rearrange the order of the areas.";"重新排列区域顺序。";;
"00BC44A9/465/0";"Draw areas on a page where you want to change the reading order.";"在页面上绘制要更改阅读顺序的区域。";;
"00BC44A9/466/0";"Change Area Order";"更改区域顺序";;
"00BC44A9/467/0";"Setup";"设置";;
"00BC44A9/468/0";"Shade";"阴影";;
"00BC44A9/469/0";"Show cells with missing &amp;header";"显示缺少标题的单元格(&amp;H)";;
"00BC44A9/470/0";"Show cells that span &amp;multiple rows or columns";"显示跨越多行或多列的单元格(&amp;M)";;
"00BC44A9/471/0";"Show cell &amp;type (TH or TD)";"显示单元格类型(TH或TD)(&amp;T)";;
"00BC44A9/472/0";"Show &amp;this dialog when the Checker starts";"当检查器启动时显示该对话框(&amp;T)";;
"00BC44A9/473/0";"Signature Field";"签名域";;
"00BC44A9/668/0";"File";"文件";;
"00BC44A9/669/0";"URL";"URL";;
"00BC44A9/474/0";"The Span value must be greater than or equal to 1.";"跨距数值必须大于或者等于1。";;
"00BC44A9/475/0";"&amp;Start Checking";"开始检查(&amp;S)";;
"00BC44A9/476/0";"Status";"状态";;
"00BC44A9/477/0";"%d figures missing AltText";"%d个插图缺少替换文本";;
"00BC44A9/478/0";"%d reduced confidence pages";"%d个缺少可信度的页面";;
"00BC44A9/479/0";"Table Cell Properties";"表单元格属性";;
"00BC44A9/480/0";"Ta&amp;ble Editor";"表编辑器(&amp;B)";;
"00BC44A9/481/0";"Table Header";"表头";;
"00BC44A9/482/0";"Add Table Header ID";"添加表头ID";;
"00BC44A9/483/0";"Table Editor Options";"表编辑器选项";;
"00BC44A9/484/0";"Table";"表格";;
"00BC44A9/485/0";"Tables";"表格";;
"00BC44A9/486/0";"Table &amp;Summary:";"表格摘要(&amp;S)：";;
"00BC44A9/487/0";"Table Summary";"表格摘要";;
"00BC44A9/488/0";"IDs for one or more header cells are missing. Do you want to auto-generate IDs for these header cells?";"一个或多个标题单元格的ID缺失。您是否想要为这些标题单元格自动生成ID？";;
"00BC44A9/489/0";"&amp;Remember my choice";"记住我的选择(&amp;R)";;
"00BC44A9/490/0";"Row\\nColumn\\nBoth\\nNone";"行\\n列\\n全部\\n无";;
"00BC44A9/491/0";"Autodetect tags and report results";"自动检测标签并报告结果";;
"00BC44A9/492/0";"Autotag Document";"自动添加标签到文档中";;
"00BC44A9/493/0";"Autotag Form Field";"自动添加标签到表单域";;
"00BC44A9/494/0";"The original document will be changed into tagged PDF.";"原始文档将更改为加标签的PDF。";;
"00BC44A9/670/0";"Edit Associated &amp;Files...";"编辑关联文件(&amp;F)...";;
"00BC44A9/495/0";"Edit Attribute Cla&amp;sses...";"编辑属性类(&amp;S)...";;
"00BC44A9/496/0";"Edit Attribute &amp;Objects...";"编辑属性对象(&amp;O)...";;
"00BC44A9/497/0";"&amp;Edit Tag...";"编辑标签(&amp;E)...";;
"00BC44A9/671/0";"View Associated &amp;Files...";"查看关联文件(&amp;F)...";;
"00BC44A9/498/0";"View Attribute Cla&amp;sses...";"查看属性类(&amp;S)...";;
"00BC44A9/499/0";"View Attribute &amp;Objects...";"查看属性对象(&amp;O)...";;
"00BC44A9/500/0";"&amp;View Tag...";"查看标签(&amp;V)...";;
"00BC44A9/501/0";"Add Tags Report for %ls";"为%ls添加标签报告";;
"00BC44A9/502/0";"Next Page";"下一页";;
"00BC44A9/503/0";"Recognition Report: View recognition results and hints for repair";"识别报告：查看识别结果和修复提示";;
"00BC44A9/504/0";"Recognition Report";"识别报告";;
"00BC44A9/505/0";"Previous Page";"上一页";;
"00BC44A9/506/0";"This is a temporary report that shows the results from the accessibility checker. This report contains a list of places in the document that might not be properly tagged for the file to comply with accessibility rules. Therefore, you may need to manually inspect the document for corrections. This report cannot be saved and needs to be regenerated if pages are added, removed, changed or if the file is renamed.";"这是一个显示辅助功能检查结果的临时报告。该报告包含了文档中的可能未被正确添加标签，无法兼容辅助工具规则而需要手动检查或纠正的文件位置一个列表。该报告无法进行保存，若文件页面被添加，移除或者更改后，需要重新生成。";;
"00BC44A9/507/0";"Tags";"标签";;
"00BC44A9/508/0";"The type must contain text and be less than 128 characters long.";"该类型必须包含文本，且长度小于128个字符。";;
"00BC44A9/509/0";"Ta&amp;gs";"标签(&amp;G)";;
"00BC44A9/510/0";"Tags: View and edit structured PDF information";"标签：查看并编辑结构化的PDF信息";;
"00BC44A9/511/0";"&amp;Add Tags to Document";"在文档中添加标记(&amp;A)";;
"00BC44A9/512/0";"Apply Rol&amp;e Mapping to Tags 1.7";"将角色映射应用于标签 1.7(&amp;E)";;
"00BC44A9/672/0";"Apply Rol&amp;e Mapping to Tags 2.0";"将角色映射应用于标签 2.0(&amp;E)";;
"00BC44A9/513/0";"Change Tag to Artifact(&amp;z)...";"更改伪像标签(&amp;Z)...";;
"00BC44A9/514/0";"View C&amp;lass Map...";"查看类映射(&amp;L)...";;
"00BC44A9/515/0";"&amp;Copy Contents to Clipboard";"将内容复制到剪贴板(&amp;C)";;
"00BC44A9/516/0";"C&amp;reate Tag from Selection";"从选择中创建标记(&amp;R)";;
"00BC44A9/517/0";"C&amp;reate Tags Root";"创建标签根目录(&amp;R)";;
"00BC44A9/518/0";"&amp;Delete Tag";"删除标签(&amp;D)";;
"00BC44A9/519/0";"Doc&amp;ument is Tagged PDF";"文档是添加过标签的PDF(&amp;U)";;
"00BC44A9/520/0";"Delete Empt&amp;y Tags";"删除空标签(&amp;Y)";;
"00BC44A9/521/0";"Edit C&amp;lass Map...";"编辑类映射(&amp;L)...";;
"00BC44A9/522/0";"Edit R&amp;ole Map...";"编辑角色映射(&amp;O)...";;
"00BC44A9/523/0";"F&amp;ind Tag from Selection";"从选择中查找标记(&amp;I)";;
"00BC44A9/524/0";"Brazilian|Chinese|Danish|Dutch|English|English UK|English US|Finnish|French|German|Italian|Japanese|Korean|Norwegian|Spanish|Swedish";"巴西语|中文|丹麦语|荷兰语|英语|英语（英国）|英语（美国）|芬兰语|法语|德语|意大利语|日语|韩语|挪威语|西班牙语|瑞典语";;
"00BC44A9/525/0";"&amp;New Tag...";"新标签(&amp;N)...";;
"00BC44A9/526/0";"View R&amp;ole Map...";"查看角色映射(&amp;O)...";;
"00BC44A9/527/0";"Reading Order(&amp;x)";"阅读顺序(&amp;X)";;
"00BC44A9/528/0";"Show &amp;Metadata...";"显示元数据(&amp;M)...";;
"00BC44A9/529/0";"Ta&amp;g Annotations";"标记标注(&amp;A)";;
"00BC44A9/530/0";"Article|Annotation|Bibliography Entry|Block Quote|Caption|Code|Division|Document|Figure|Form|Formula|Heading|Heading Level 1|Heading Level 2|Heading Level 3|Heading Level 4|Heading Level 5|Heading Level 6|Index|Label|Link|List|List Item|List Item Body|Note|Paragraph|Part|Quote|Reference|Section|Span|Table|Table Data Cell|Table Header Cell|Table Of Contents|Table Of Contents Item|Table Row";"文章|标注|文献条目|块引证|说明文字|编码|分隔|文档|插图|表单|公式|标题|一级标题|二级标题|三级标题|四级标题|五级标题|六级标题|索引|标签|链接|列表|列表项目|列表项目正文|备注|段落|部分|引证|引用|章节|跨距|表格|表格数据单元格|标题单元格|目录|目录项目|表行";;
"00BC44A9/531/0";"Text:";"文本：";;
"00BC44A9/532/0";"Text Field";"文本域";;
"00BC44A9/533/0";"Personal and organization information from the Preferences &gt; Identity dialog.";"从“偏好设置-&gt;身份”对话框获取个人和组织信息。";;
"00BC44A9/534/0";"Enter personal and organization information through the Preferences &gt; Identity dialog.";"通过“偏好设置-&gt;身份”选项卡输入个人和组织信息。";;
"00BC44A9/535/0";"Table of Contents Item";"目录项";;
"00BC44A9/556/0";"Options";"选项";;
"00BC44A9/536/0";" Use the Touch UP Reading Order Tool to correct these problems... ";" 使用Touch Up阅读顺序工具来更正这些问题...";;
"00BC44A9/537/0";"Type";"类型";;
"00BC44A9/538/0";"Role Map";"角色映射";;
"00BC44A9/539/0";"Unknown Colorspace";"未知的颜色空间";;
"00BC44A9/540/0";"Information must be entered into the value field.";"必须在数据域内输入信息。";;
"00BC44A9/541/0";"View &amp;Dictionary...";"查看字典(&amp;D)...";;
"00BC44A9/542/0";"View Document Catalog...";"查看文档目录...";;
"00BC44A9/543/0";"View-only Mode";"只读模式";;
"00BC44A9/544/0";"View Page Dictionary...";"查看页面字典...";;
"00BC44A9/545/0";"Warning";"警告";;
"00BC44A9/673/0";"The file path is formatted incorrectly or the file does not exist, please edit it again!";"文件路径格式错误或文件不存在，请重新编辑！";;
"00BC44A9/674/0";"The file stream does not exist!";"文件流不存在！";;
"00BC44A9/675/0";"Saving URLs as files is not supported!";"不支持将 URL 保存为文件！";;
"00BC44A9/676/0";"The URL can&apos;t be empty!";"URL不能为空！";;
"00BC44A9/546/0";"Word %d";"字数 %d";;
"00BC44A9/547/0";"Increase size of Tags";"增加标签的大小";;
"00BC44A9/548/0";"Reduce size of Tags";"减小标签的大小";;
"00BC44A9/549/0";"Some elements cannot be displayed at present, please fix the above issues first and check again.";"目前某些元素无法显示，请先解决掉上边的问题后，重新检查。";;
"00BC44A9/550/0";"Untitled.pdf";"Untitled.pdf";;
"00BC44A9/551/0";"You do not have sufficient permissions to perform this task.";"您没有足够的权限来执行该操作。";;
"00BC44A9/552/0";"Close";"关闭";;
"00BC44A9/553/0";"You cannot map roles to themselves. Please choose another role mapping.";"您不能将角色映射至其自身。请选择其它的角色映射。";;
"0E5D4E17/5/0";"Audit Space Usage";"审计可用空间";;
"0E5D4E17/6/0";"Results";"结果";;
"0E5D4E17/165/0";"TextLabel";"TextLabel";;
"0E5D4E17/7/0";"Description";"说明";;
"0E5D4E17/26/0";"Extended Graphics States";"扩展图像状态";;
"0E5D4E17/21/0";"Document Overhead";"文档开销";;
"0E5D4E17/17/0";"Comments and 3D Content";"注释和3D对象";;
"0E5D4E17/24/0";"X Object Forms";"X 对象表单";;
"0E5D4E17/23/0";"Pattern Information";"路径信息";;
"0E5D4E17/20/0";"Web Capture Information";"网页获取信息";;
"0E5D4E17/12/0";"Thumbnails";"缩略图";;
"0E5D4E17/16/0";"AcroForms";"AcroForms";;
"0E5D4E17/22/0";"Color Spaces";"颜色空间";;
"0E5D4E17/14/0";"Fonts";"字体";;
"0E5D4E17/19/0";"Named Destinations";"指定目标位置";;
"0E5D4E17/13/0";"Content Streams";"内容流";;
"0E5D4E17/27/0";"Piece Information";"块信息";;
"0E5D4E17/18/0";"Link Annotation";"链接标注";;
"0E5D4E17/10/0";"Images";"图像";;
"0E5D4E17/9/0";"Percentage";"百分比";;
"0E5D4E17/11/0";"Bookmarks";"书签";;
"0E5D4E17/28/0";"Cross Reference Table";"交叉引用表";;
"0E5D4E17/15/0";"Structure Info";"结构信息";;
"0E5D4E17/25/0";"Shading Information";"渐变信息";;
"0E5D4E17/8/0";"Bytes";"字节";;
"0E5D4E17/29/0";"Embedded Files";"嵌入文件";;
"0E5D4E17/30/0";"Total";"总计";;
"0E5D4E17/31/0";"OK";"确定";;
"0E5D4E17/166/0";"Reduce File Size";"减小文件大小";;
"0E5D4E17/167/0";"Batch Compression:";"批量压缩：";;
"0E5D4E17/168/0";"&amp;Basic compression";"基本压缩(&amp;B)";;
"0E5D4E17/169/0";"M&amp;edium compression";"中度压缩(&amp;E)";;
"0E5D4E17/170/0";"&amp;Strong compression";"强压缩(&amp;S)";;
"0E5D4E17/171/0";"The interaction and display of documents may be affected by the strong compression.  ";"强压缩可能会影响文档的交互和显示。";;
"0E5D4E17/172/0";"&amp;Make compatible with:";"兼容于(&amp;M)： ";;
"0E5D4E17/33/0";"Output O&amp;ptions...";"输出选项(&amp;P)...";;
"0E5D4E17/173/0";"Es&amp;timate Compression Size";"预估压缩大小(&amp;T)";;
"0E5D4E17/36/0";"page range";"页面范围";;
"0E5D4E17/37/0";"Page Range";"页面范围";;
"0E5D4E17/38/0";"&amp;Current Page";"当前页(&amp;C)";;
"0E5D4E17/39/0";"&amp;All Pages";"所有页面(&amp;A)";;
"0E5D4E17/40/0";"&amp;Pages From";"从页面(&amp;P)";;
"0E5D4E17/41/0";"To";"到";;
"0E5D4E17/42/0";"of";"/";;
"0E5D4E17/43/0";"Remove Hidden Information";"删除隐藏信息";;
"0E5D4E17/44/0";"Remove Hidden Information will search for and remove the following document information";"删除隐藏信息将搜索并删除以下文档信息";;
"0E5D4E17/45/0";"&amp;Metadata";"元数据(&amp;M)";;
"0E5D4E17/46/0";"File &amp;attachments";"文件附件(&amp;A)";;
"0E5D4E17/47/0";"&amp;Bookmarks";"书签(&amp;B)";;
"0E5D4E17/48/0";"&amp;Embedded search index";"嵌入的搜索索引(&amp;E)";;
"0E5D4E17/49/0";"&amp;Comments and markups";"注释和标记(&amp;C)";;
"0E5D4E17/50/0";"&amp;Form Fields";"表单域(&amp;F)";;
"0E5D4E17/51/0";"&amp;Hidden text";"隐藏文本(&amp;H)";;
"0E5D4E17/52/0";"Hidden &amp;layers";"隐藏的图层(&amp;L)";;
"0E5D4E17/53/0";"&amp;Deleted or cropped content";"删除或裁剪的内容(&amp;D)";;
"0E5D4E17/54/0";"Links, actions and &amp;JavaScripts";"链接，动作和Javascript(&amp;J)";;
"0E5D4E17/55/0";"&amp;Overlapping Objects";"重叠的对象(&amp;O)";;
"0E5D4E17/63/0";"Sanitize Document";"整理文档";;
"0E5D4E17/77/0";"Sanitize Document removes metadata and other hidden data that may contain sensitive information from your PDF document. This function will remove:";"整理文档将从您的PDF文档中移除可能包含敏感信息的元数据或者其它隐藏数据。该功能将移除：";;
"0E5D4E17/64/0";"* Metadata";"* 元数据";;
"0E5D4E17/65/0";"* Embedded content and attached files";"* 嵌入的内容和附件";;
"0E5D4E17/66/0";"* Scripts";"* 脚本";;
"0E5D4E17/67/0";"* Hidden layers";"* 隐藏的图层";;
"0E5D4E17/68/0";"* Embedded search indexes";"* 嵌入的搜索索引";;
"0E5D4E17/69/0";"* Stored form data";"* 存储的表单数据";;
"0E5D4E17/70/0";"* Review and comment data";"* 审阅和注释数据";;
"0E5D4E17/71/0";"* Hidden data from previous document saves";"* 上一次文档保存的隐藏数据";;
"0E5D4E17/72/0";"* Obscured text and images";"* 模糊的文本和图像";;
"0E5D4E17/73/0";"* Comments hidden within the body of the PDF file";"* 包含在PDF文件主体中的隐藏注释";;
"0E5D4E17/74/0";"* Unreferenced data";"* 未引用的数据";;
"0E5D4E17/75/0";"* Links, actions and JavaScripts";"* 链接，动作和Javascript";;
"0E5D4E17/76/0";"* Overlapping objects";"* 重叠的对象";;
"0E5D4E17/79/0";"Press OK to begin the sanitization process by selecting a location to save your sanitized document.";"点击“确定”选择一个将要保存您整理过的文档的位置，开始整理过程。";;
"0E5D4E17/78/0";"&amp;Do not show this message again";"不再显示该消息(&amp;D)";;
"0E5D4E17/80/0";"Create PDF Optimizer settings";"创建PDF优化设置";;
"0E5D4E17/81/0";"&amp;Save current settings as:";"将当前设置另存为(&amp;S)：";;
"0E5D4E17/187/0";"Foxit PDF Editor";"福昕高级PDF编辑器";;
"0E5D4E17/189/0";"&amp;Keep all information and close";"保留所有信息并关闭";;
"0E5D4E17/190/0";"Keep &amp;all information and send";"保留所有信息并发送(&amp;A)";;
"0E5D4E17/191/0";"&amp;Remove hidden information and keep the document open";"移除隐藏信息并保持文档打开(&amp;R)";;
"0E5D4E17/192/0";"Remove hidden &amp;information without sending";"移除隐藏信息而不发送(&amp;I)";;
"0E5D4E17/193/0";"Remove &amp;hidden information and close";"移除隐藏信息并关闭(&amp;H)";;
"0E5D4E17/194/0";"Remove hidden information and &amp;email the document";"移除隐藏信息并通过邮件发送文档（&amp;E）";;
"0E5D4E17/84/0";"Warning";"警告";;
"0E5D4E17/85/0";"Hint";"提示";;
"0E5D4E17/86/0";"Do not show this message again";"不再显示该消息";;
"0E5D4E17/90/0";"Optimized PDF Results";"优化PDF结果";;
"0E5D4E17/87/0";"Result of file optimization";"文件优化结果";;
"0E5D4E17/178/0";"Compare the original and optimized file size.";"比较原始文件与优化后的文件大小。";;
"0E5D4E17/182/0";"Original size:";"原始大小：";;
"0E5D4E17/183/0";"Optimized size:";"优化后大小：";;
"0E5D4E17/180/0";"Reduce File Size";"减小文件大小";;
"0E5D4E17/184/0";"PDF Version Compatibility";"PDF版本兼容";;
"0E5D4E17/91/0";"&amp;Make compatible with:";"兼容于(&amp;M)： ";;
"0E5D4E17/174/0";"Compression";"压缩";;
"0E5D4E17/175/0";"&amp;Basic compression";"基本压缩(&amp;B)";;
"0E5D4E17/176/0";"Compression effect:";"压缩效果：";;
"0E5D4E17/177/0";"&amp;Strong compression";"强压缩(&amp;S)";;
"0E5D4E17/179/0";"The interaction and display of documents may be affected by the strong compression.  ";"强压缩可能会影响文档的交互和显示。";;
"0E5D4E17/185/0";"M&amp;edium compression";"中度压缩(&amp;E)";;
"0E5D4E17/186/0";"Est&amp;imate Compression Size";"预估压缩大小(&amp;I)";;
"0E5D4E17/92/0";"PDF Optimizer";"PDF优化";;
"0E5D4E17/93/0";"Predefined &amp;Settings: ";"预定义设置(&amp;S)：";;
"0E5D4E17/94/0";"&amp;Audit space usage";"审计可用空间(&amp;A)";;
"0E5D4E17/95/0";"Current PDF version: %.1f";"当前PDF版本（ %.1f）";;
"0E5D4E17/96/0";"&amp;Make compatible with: ";"兼容于(&amp;M)： ";;
"0E5D4E17/97/0";"Color/Grayscale Images:";"彩色/灰度图像：";;
"0E5D4E17/98/0";"Downsam&amp;ple:";"缩减像素采样(&amp;P)：";;
"0E5D4E17/99/0";"&amp;to";"到(&amp;T)";;
"0E5D4E17/100/0";"ppi";"ppi";;
"0E5D4E17/101/0";"&amp;for images above";"，若图像分辨率高于(&amp;F)";;
"0E5D4E17/102/0";"ppi.";"ppi.";;
"0E5D4E17/103/0";"&amp;Compression:";"压缩(&amp;C)：";;
"0E5D4E17/104/0";"&amp;Quality:";"质量(&amp;Q)：";;
"0E5D4E17/105/0";"T&amp;ile size:";"块大小(&amp;I)";;
"0E5D4E17/106/0";"Monochrome Images:";"黑白图像：";;
"0E5D4E17/107/0";"Downsamp&amp;le:";"缩减像素采样(&amp;L)：";;
"0E5D4E17/108/0";"t&amp;o";"到(&amp;O)";;
"0E5D4E17/109/0";"fo&amp;r images above";"，若图像分辨率高于(&amp;R)";;
"0E5D4E17/110/0";"Compressio&amp;n:";"压缩(&amp;N)：";;
"0E5D4E17/111/0";"Qualit&amp;y:";"质量(&amp;Y)：";;
"0E5D4E17/112/0";"Compress images only if there is a red&amp;uction in size";"仅在体积减小时压缩图像(&amp;U)";;
"0E5D4E17/113/0";"Unembedded fonts may cause text to not be displayed as expected.";"取消嵌入字体可能导致文件无法正常显示。";;
"0E5D4E17/114/0";"Do n&amp;ot unembed any font";"不取消嵌入任何字体(&amp;O)";;
"0E5D4E17/115/0";"Embedded fonts:";"嵌入的字体：";;
"0E5D4E17/116/0";"Une&amp;mbed&gt;&gt;";"取消嵌入&gt;&gt;(&amp;M)";;
"0E5D4E17/117/0";"&lt;&lt;&amp;Retain";"&lt; &lt; 保留(&amp;R)";;
"0E5D4E17/118/0";"Fonts to unembed:";"取消嵌入字体：";;
"0E5D4E17/119/0";"Subset all &amp;embedded fonts";"子集化所有嵌入的字体(&amp;E)";;
"0E5D4E17/120/0";"Preset Settings:";"预设设置：";;
"0E5D4E17/121/0";"&amp;Low Resolution";"低分辨率(&amp;L)";;
"0E5D4E17/122/0";"Medium &amp;Resolution";"中分辨率(&amp;R)";;
"0E5D4E17/123/0";"&amp;High Resolution";"高分辨率(&amp;H)";;
"0E5D4E17/124/0";"Transparency level: 75";"透明度级别：75";;
"0E5D4E17/125/0";"Line Art and Text: 288";"线条艺术和文字：288";;
"0E5D4E17/126/0";"Gradient and Meshes: 144";"渐变和网格：144";;
"0E5D4E17/127/0";"Convert All Text to Outlines: False";"将所有文本转换为大纲：不执行";;
"0E5D4E17/128/0";"Convert All Strokes to Outlines: True";"将所有笔划转换为大纲：执行";;
"0E5D4E17/129/0";"Clip Complex Regions: False";"裁剪复杂区域：错误";;
"0E5D4E17/130/0";"Preserve Overprint: True";"保留套印：成功";;
"0E5D4E17/131/0";"Line Art and Text: 300";"线条艺术和文字：300";;
"0E5D4E17/132/0";"Gradient and Meshes: 150";"渐变和网格：150";;
"0E5D4E17/133/0";"Clip Complex Regions: True";"裁剪复杂区域：成功";;
"0E5D4E17/134/0";"Transparency level: 100";"透明度级别：100";;
"0E5D4E17/135/0";"Line Art and Text: 1200";"线条艺术和文字：1200";;
"0E5D4E17/136/0";"Gradient and Meshes: 300";"渐变和网格：300";;
"0E5D4E17/137/0";"Convert All Strokes to Outlines: False";"将所有笔划转换为大纲：错误";;
"0E5D4E17/138/0";"F&amp;latten form fields";"扁平化表单域(&amp;L)";;
"0E5D4E17/139/0";"Discard embedded search inde&amp;x";"放弃嵌入的搜索索引(&amp;X)";;
"0E5D4E17/140/0";"Discard embedded pri&amp;nt settings";"放弃嵌入的打印设置(&amp;N)";;
"0E5D4E17/141/0";"Discard all &amp;JavaScript actions";"放弃所有JavaScript动作(&amp;J)";;
"0E5D4E17/142/0";"Con&amp;vert smooth lines to curves";"将平滑线条转换为曲线(&amp;V)";;
"0E5D4E17/143/0";"Discard all &amp;form submission, import and reset actions";"放弃所有表单提交、导入和重置动作(&amp;F)";;
"0E5D4E17/144/0";"Discard all alternate ima&amp;ges";"放弃所有替代图像(&amp;G)";;
"0E5D4E17/145/0";"Discard boo&amp;kmarks";"放弃书签(&amp;K)";;
"0E5D4E17/146/0";"Discard embedded page &amp;thumbnails ";"放弃嵌入的页面缩略图(&amp;T) ";;
"0E5D4E17/147/0";"Detect and m&amp;erge image fragments";"检测并合并图像片段(&amp;E)";;
"0E5D4E17/148/0";"Discard do&amp;cument tags";"放弃文档标签(&amp;C)";;
"0E5D4E17/149/0";"Discard all ob&amp;ject data";"丢弃所有对象数据(&amp;J)";;
"0E5D4E17/150/0";"Discard &amp;document information and metadata";"放弃文档信息和元数据(&amp;D)";;
"0E5D4E17/151/0";"Discard &amp;hidden layer content and flatten visible layers";"放弃隐藏的图层内容并扁平化可见图层(&amp;H)";;
"0E5D4E17/152/0";"Discard all &amp;comments, forms and multimedia";"放弃所有注释、表单和多媒体(&amp;C)";;
"0E5D4E17/153/0";"Discard e&amp;xternal cross references";"放弃外部交叉引用(&amp;X)";;
"0E5D4E17/154/0";"Discard &amp;file attachments";"放弃文件附件(&amp;F)";;
"0E5D4E17/155/0";"Discard p&amp;rivate data of other applications";"放弃其它应用程序的专用数据(&amp;R)";;
"0E5D4E17/161/0";"Object compression &amp;options:";"对象压缩选项(&amp;O)：";;
"0E5D4E17/159/0";"Use Flate to &amp;encode streams that are not encoded";"使用Flate编码未被编码的流(&amp;E)";;
"0E5D4E17/157/0";"In streams that use &amp;LZW encoding, use Flate instead";"在使用LZW编码的流中，使用Flate替换(&amp;L)";;
"0E5D4E17/158/0";"Remove invalid &amp;bookmarks";"移除无效书签(&amp;B)";;
"0E5D4E17/156/0";"Remove invalid lin&amp;ks";"移除无效链接(&amp;K)";;
"0E5D4E17/163/0";"Discard &amp;unreferenced renamed destinations";"放弃未引用的命名位置(&amp;U)";;
"0E5D4E17/160/0";"Optimize &amp;page content";"优化页面内容(&amp;P)";;
"0E5D4E17/164/0";"Optimize the PDF for &amp;fast web view";"优化为快速网页视图(&amp;F)";;
"0E5D4E17/162/0";"Remove all invalid object data";"移除所有无效对象数据";;
"0E5D4E17/181/0";"Est&amp;imate Compression Size";"预估压缩大小(&amp;I)";;
"0E5B476F/1/0";"The plugin allows users to update the PDF version and provides many settings for reducing the size of PDF files.";"该插件允许用户更新PDF版本并提供用于减小PDF文件大小的设置。";;
"0E5B476F/2/0";"Copyright ? 2010-2026 Foxit Software Inc. All Rights Reserved.";"2010-2026 福昕软件 版权所有。";;
"0E5B476F/3/0";"Compressing images...";"正在压缩图像...";;
"0E5B476F/4/0";"CCITT Group 3";"CCITT Group 3";;
"0E5B476F/5/0";"CCITT Group 4";"CCITT Group 4";;
"0E5B476F/6/0";"Compress document structure";"压缩文档结构";;
"0E5B476F/7/0";"Compress entire file";"压缩整个文件";;
"0E5B476F/8/0";"High Compression";"高压缩";;
"0E5B476F/9/0";"JBIG2";"JBIG2";;
"0E5B476F/10/0";"JPEG";"JPEG";;
"0E5B476F/11/0";"JPEG2000";"JPEG2000";;
"0E5B476F/12/0";"Remove compression";"移除压缩";;
"0E5B476F/13/0";"Retain existing";"保留当前压缩";;
"0E5B476F/14/0";"Run Length";"RLE压缩";;
"0E5B476F/15/0";"Leave compression unchanged";"保持压缩不变";;
"0E5B476F/16/0";"ZIP";"ZIP";;
"0E5B476F/17/0";"The document failed to convert to the expected file version.";"该文档无法转换为预期的文件版本。";;
"0E5B476F/18/0";"Converting to PDF 1.%d...";"转换为 PDF 1.%d...";;
"0E5B476F/116/0";"Current File";"当前文件";;
"0E5B476F/19/0";"Deleting attached files...";"正在删除附加的文件...";;
"0E5B476F/20/0";"Deleting unreferenced data...";"正在删除未引用的数据...";;
"0E5B476F/21/0";"Are you sure you want to delete the setting &apos;%ls&apos;?";"您确定要删除设置“%ls”？";;
"0E5B476F/22/0";"Deleting hidden layers...";"正在删除隐藏的层信息...";;
"0E5B476F/23/0";"Deleting obscured text and images...";"正在删除模糊的文本和图像...";;
"0E5B476F/24/0";"Deleting review and comment data...";"正在删除...";;
"0E5B476F/25/0";"Deleting duplicated objects...";"删除重复的对象...";;
"0E5B476F/26/0";"Flatten Pages";"扁平化页面";;
"0E5B476F/27/0";"Average Downsampling";"平均缩减像素采样 ";;
"0E5B476F/28/0";"Bicubic Downsampling";"双立方缩减像素采样 ";;
"0E5B476F/29/0";"Off";"关闭";;
"0E5B476F/30/0";"SubSampling";"次像素采样";;
"0E5B476F/31/0";"Examining document...";"检查文档...";;
"0E5B476F/32/0";"Failed to reduce file size.|Document:|Command: Reduce file size|Output:";"无法减小文件大小。|文档：|命令：减小文件大小|输出：";;
"0E5B476F/33/0";"Flatten";"扁平化";;
"0E5B476F/34/0";"Flattening form fields...";"正在扁平化表单域...";;
"0E5B476F/35/0";"Remove elements to make the document more secure ";"移除某些元素，让文档变得更加安全";;
"0E5B476F/36/0";"Hidden Data";"隐藏数据";;
"0E5B476F/124/0";"Basic compression: Resampling the images only, the image quality is higher, it will not discard any objects or user data.";"基本压缩：只对图像重新采样，图像质量更高，不会丢弃任何对象或用户数据。";;
"0E5B476F/125/0";"Medium compression: Resampling the images, the image quality is medium, it will discard some unnecessary objects. It will not discard any user data.";"中等压缩：对图像重新采样，图像质量中等，会丢弃一些不需要的对象。它不会丢弃任何用户数据。";;
"0E5B476F/37/0";"Clean Up";"清理";;
"0E5B476F/38/0";"Discard Objects";"放弃对象";;
"0E5B476F/39/0";"Discard User Data";"放弃用户数据";;
"0E5B476F/40/0";"Unembed Fonts";"取消嵌入字体";;
"0E5B476F/41/0";"Compress Images";"压缩对象";;
"0E5B476F/42/0";"Transparency";"透明度";;
"0E5B476F/43/0";"&amp;Flatten Pages...";"扁平化页面(&amp;F)...";;
"0E5B476F/44/0";"PDF &amp;Optimizer...";"PDF优化(&amp;O)...";;
"0E5B476F/45/0";"Merge comments, annotations, and etc. into the file&apos;s content layer ";"将注释，标注等合并至文件的内容层 ";;
"0E5B476F/46/0";"Optimize current document";"优化当前文档";;
"0E5B476F/117/0";"Multiple Files";"多个文件";;
"0E5B476F/127/0";"If the optimized size is not satisfactory, you can do custom compression through Advanced Optimization.";"如果对优化后的大小不满意，您可以通过高级优化自定义压缩。";;
"0E5B476F/47/0";"Optimizing Document...";"正在优化文档...";;
"0E5B476F/48/0";"An unexpected error has occurred during the convert process. ";"转换过程中出现未知错误。 ";;
"0E5B476F/49/0";"Failed to import package: %s!";"导入包失败： %s ！";;
"0E5B476F/50/0";"Failed to initialize PDF/A library!";"PDF/A库初始化失败！";;
"0E5B476F/51/0";"PDF Optimizer";"PDF优化";;
"0E5B476F/52/0";"PDF Version";"PDF版本";;
"0E5B476F/53/0";"There is no valid PDF document included in the PDF Portfolio.";"PDF文件包中不包含任何合法的PDF文件。";;
"0E5B476F/54/0";"Discarding Invalid Objects...";"丢弃无效对象...";;
"0E5B476F/55/0";"Examining Document...";"正在检查文档...";;
"0E5B476F/56/0";"Processing Objects...";"正在处理对象...";;
"0E5B476F/57/0";"Processing Pages...";"正在处理页面...";;
"0E5B476F/58/0";"Saving Document...";"正在保存文档...";;
"0E5B476F/59/0";"Flattening Pages...";"扁平化页面...";;
"0E5B476F/60/0";"Protect";"保护";;
"0E5B476F/61/0";"High";"高";;
"0E5B476F/62/0";"Lossless";"无损";;
"0E5B476F/63/0";"Lossy";"有损";;
"0E5B476F/64/0";"Low";"低";;
"0E5B476F/65/0";"Maximum";"最大化";;
"0E5B476F/66/0";"Medium";"中";;
"0E5B476F/67/0";"Minimum";"最小化";;
"0E5B476F/68/0";"Re&amp;duce File Size...";"减小文件大小(&amp;D)...";;
"0E5B476F/69/0";"Reduce File Size";"减小文件大小";;
"0E5B476F/70/0";"Save as reduced file size PDF";"另存为缩减了文件体积的PDF";;
"0E5B476F/71/0";"Removing hidden Annots items from the document...";"正在从从文档中删除隐藏的标注条目...";;
"0E5B476F/72/0";"Removing hidden text and overlapping objects...";"删除隐藏的文字和重叠的对象...";;
"0E5B476F/73/0";"Please select at least one item to remove.";"请选择至少一项删除。";;
"0E5B476F/74/0";"Remove Hidden Information";"删除隐藏信息";;
"0E5B476F/75/0";"Transform";"变换";;
"0E5B476F/114/0";"This name conflicts with a default setting name. Please enter a different name.";"该名称与默认设置名冲突。请输入其他名称。";;
"0E5B476F/115/0";"This setting name already exists. Do you want to replace the old setting?";"该设置名称已经存在。您是否想要替换掉旧设置？";;
"0E5B476F/76/0";"Sanitize Document";"整理文档";;
"0E5B476F/77/0";"*Metadata\n*Embedded content and attached files\n*Scripts\n*Hidden layers\n*Embedded search indexes\n*Stored form data\n*Review and comment data\n*Hidden data from previous document saves\n*Obscured text and images\n*Comments hidden within the body of the PDF file\n*Unreferenced data\n*Links, actions and JavaScripts\n*Overlapping objects\n\nPress OK to begin the sanitization process by selecting a location to save your sanitized document.";"*元数据\n*嵌入的内容和附件\n*脚本\n*隐藏层\n*嵌入的搜索索引\n*存储的表单数据\n*审阅和注释数据\n*上一次文档保存的隐藏数据\n*模糊的文本和图像\n*包含在PDF文件主体中的隐藏注释\n*未引用的数据\n*链接，动作和JavaScript\n*重叠的对象\n\n点击“确定”选择一个将要保存您整理过的文档的位置，开始整理过程。";;
"0E5B476F/118/0";"Save as";"另存为";;
"0E5B476F/78/0";"Hide Settings | Show Settings";"隐藏设置|显示设置";;
"0E5B476F/126/0";"Strong compression: Resampling the images, the image quality is lower, it will discard some unnecessary objects and all user data. The interaction and display of documents may be affected.";"强压缩：对图像重新采样，图像质量较低，会丢弃一些不需要的对象和所有用户数据。文档的交互和显示可能会受到影响。";;
"0E5B476F/79/0";"The PDF document must be saved before operation. \nPlease save the file yourself and try again.";"该PDF文档在执行操作之前必须先进行保存。\n请您自己保存文件，然后重试。";;
"0E5B476F/80/0";"Is Searching Text.";"正在搜索文本。";;
"0E5B476F/81/0";"The transparent objects must be flattened to make compatible with &quot;PDF Version: 1.3&quot;.";"透明对象必须扁平化以兼容“PDF版本：1.3”。";;
"0E5B476F/133/0";"AcroForms";"AcroForms";;
"0E5B476F/82/0";"Advanced Optimization";"高级优化";;
"0E5B476F/134/0";"Bookmarks";"书签";;
"0E5B476F/135/0";"Bytes";"字节";;
"0E5B476F/136/0";"Color Spaces";"颜色空间";;
"0E5B476F/137/0";"Comments and 3D Content";"注释和3D对象";;
"0E5B476F/123/0";"Compression effect";"压缩效果";;
"0E5B476F/138/0";"Content Streams";"内容流";;
"0E5B476F/139/0";"Cross Reference Table";"交叉引用表";;
"0E5B476F/83/0";"Custom";"自定义";;
"0E5B476F/140/0";"Description";"说明";;
"0E5B476F/141/0";"Document Overhead";"文档开销";;
"0E5B476F/142/0";"Embedded Files";"嵌入文件";;
"0E5B476F/143/0";"Extended Graphics States";"扩展图像状态";;
"0E5B476F/84/0";"File";"文件";;
"0E5B476F/144/0";"Fonts";"字体";;
"0E5B476F/145/0";"Images";"图像";;
"0E5B476F/146/0";"Link Annotations";"链接注释";;
"0E5B476F/85/0";"Main Panel";"主面板";;
"0E5B476F/86/0";"Mobile";"移动版";;
"0E5B476F/87/0";"Warnings/Error";"警告/错误";;
"0E5B476F/88/0";"Location";"位置";;
"0E5B476F/89/0";"Modified";"修改时间";;
"0E5B476F/90/0";"Name";"名称";;
"0E5B476F/91/0";"Size";"大小";;
"0E5B476F/147/0";"Named Destinations";"指定目标位置";;
"0E5B476F/128/0";"No Compression.";"无压缩。";;
"0E5B476F/129/0";"There is not enough temporary disk space to estimate the optimized document size.";"没有足够的临时磁盘空间来预估优化的文档大小。";;
"0E5B476F/92/0";"This file is not saved.";"该文件没有保存。";;
"0E5B476F/122/0";"Optimized Size";"优化后大小";;
"0E5B476F/121/0";"Original Size";"原始大小";;
"0E5B476F/93/0";"Failed to parse the file.";"无法解析文档。";;
"0E5B476F/148/0";"Pattern Information";"路径信息";;
"0E5B476F/149/0";"Percentage";"百分比";;
"0E5B476F/150/0";"Piece Information";"块信息";;
"0E5B476F/131/0";"The portfolio could not be estimated optimized size.";"无法预估文件包的压缩大小。";;
"0E5B476F/119/0";"Delete Settings";"删除设置";;
"0E5B476F/120/0";"Save Settings";"保存设置";;
"0E5B476F/94/0";"This file is protected.";"该文件受保护。";;
"0E5B476F/95/0";"Reduce file size";"减小文件大小";;
"0E5B476F/96/0";"Find hidden information to remove";"查找隐藏的的信息进行移除";;
"0E5B476F/97/0";"Organize";"页面管理";;
"0E5B476F/151/0";"Shading Information";"渐变信息";;
"0E5B476F/98/0";"Standard";"标准版";;
"0E5B476F/152/0";"Structure Info";"结构信息";;
"0E5B476F/132/0";"_compressed";"_已压缩";;
"0E5B476F/153/0";"Thumbnails";"缩略图";;
"0E5B476F/154/0";"Total";"总计";;
"0E5B476F/155/0";"Web Capture Information";"网页获取信息";;
"0E5B476F/130/0";"Failed.";"失败。";;
"0E5B476F/99/0";"Adobe XML forms cannot be processed";"无法处理Adobe XML表单";;
"0E5B476F/156/0";"X Object Forms";"X 对象表单";;
"0E5B476F/100/0";" (Subset)";" (子集)";;
"0E5B476F/101/0";"Reduce file size by compressing contents, unembedding fonts and discarding objects.";"通过压缩内容，取消嵌入字体并移除对象缩减文件尺寸";;
"0E5B476F/102/0";"Remove potentially sensitive information from this document, including comments, metadata, links, and form fields";"移除该文档中的潜在敏感信息，包括注释、元数据、链接以及表单域";;
"0E5B476F/103/0";"PDF Compatibility";"PDF兼容";;
"0E5B476F/104/0";"Clean Up Settings";"清除设置";;
"0E5B476F/105/0";"Fonts Unembedding Settings";"取消字体嵌入设置";;
"0E5B476F/106/0";"Image Settings";"图像设置";;
"0E5B476F/107/0";"Discard Objects Settings";"放弃对象设置";;
"0E5B476F/108/0";"Discard User Related Information Settings";"放弃用户相关信息设置";;
"0E5B476F/109/0";"Merge comments, annotations, etc. into the file&apos;s content layer ";"将注释，标注等合并到文件的内容层中 ";;
"0E5B476F/110/0";"The document could not be saved. The file may be read-only, \nor used by another application, please save it with a different name or in a different folder.";"无法保存此文档。\n它可能是只读的，或者是正在被其它应用程序使用。\n请重命名文档或者在不同的文件夹下保存。";;
"0E5B476F/111/0";"This PDF file contains attachments. PDF Optimizer will not process all of the attachments.\nYou&apos;ll need to open each of the attachments and run this command to process all files.";"该PDF文件包含附件。PDF优化器将不会优化附件。\n您需要打开每个附件并运行该功能来操作所有文件。";;
"0E5B476F/112/0";"You do not have sufficient permissions to perform this task.";"您没有足够的权限来执行该操作。";;
"0E5B476F/113/0";"The PDF document needs to be saved before it can be optimized.\nDo you want to save changes and continue? ";"PDF文档优化前必须被保存。\n您是否想保存修改并继续？ ";;
"0E5B476F/159/0";"%s will search for hidden information, please select an option to continue.";"%s 将搜索隐藏信息，请选择一个选项以继续。";;
"0E5B476F/158/0";"Failed to remove hidden information, please try again later.";"无法移除隐藏信息，请稍后重试。";;
"0E596564/1/0";"Add Open Files";"添加打开的文件";;
"0E596564/2/0";"Name";"名称";;
"0E596564/3/0";"Date";"日期";;
"0E596564/4/0";"Cancel";"取消";;
"0E596564/5/0";"Add Files";"添加文件";;
"0E596564/6/0";"Portfolio Properties";"文件包属性";;
"0E596564/7/0";"Fields:";"域(&F)：";;
"0E596564/8/0";"&amp;Up";"上移(&amp;U)";;
"0E596564/9/0";"&amp;Down";"下移(&amp;D)";;
"0E596564/10/0";"&amp;Show";"显示(&amp;S)";;
"0E596564/11/0";"&amp;Hide";"隐藏(&amp;H)";;
"0E596564/12/0";"&amp;Add";"添加(&amp;A)";;
"0E596564/13/0";"D&amp;elete";"删除(&amp;E)";;
"0E596564/16/0";"Initial &amp;view:";"初始视图(&V)：";;
"0E596564/14/0";"So&amp;rt by:";"排序依据(&amp;R)：";;
"0E596564/15/0";"Sort &amp;order:";"排序顺序(&amp;O)：";;
"0E596564/17/0";"Show &amp;current document when opening portfolio";"打开文件包时显示当前文档(&C)";;
"0E596564/18/0";"New Folder";"新文件夹";;
"0E596564/19/0";"Enter New Folder Name:";"输入新文件夹的名字：";;
"0E596564/20/0";"Add Field";"添加域";;
"0E596564/21/0";"Enter new field name:";"输入新域的名字：";;
"0E596564/22/0";"Form";"表单";;
"0E596564/23/0";"Home";"主页";;
"0E596564/24/0";"...";"...";;
"0E596564/25/0";"Portfolio Properties";"文件包属性";;
"0E596564/26/0";"Name:";"名称：";;
"0E596564/27/0";"Size:";"大小：";;
"0E596564/28/0";"Created:";"创建时间：";;
"0E596564/29/0";"Unknown";"未知";;
"0E596564/30/0";"Modified:";"修改时间：";;
"0E596564/31/0";"Description:";"说明：";;
"0E596564/32/0";"Trusted Certificates Update";"受信任的证书更新";;
"0E596564/33/0";"Access denied.";"拒绝访问。";;
"0E596564/34/0";"OK";"确定";;
"0E596564/35/0";"Edit";"编辑";;
"0E596564/36/0";"Name";"名称";;
"0E596564/37/0";"Dialog";"Dialog";;
"0E596564/38/0";"Add &amp;files...";"添加文件(&amp;F)...";;
"0E596564/39/0";"placeholder";"placeholder";;
"0E596564/40/0";"Move &amp;up";"上移(&amp;U)";;
"0E596564/41/0";"Move &amp;down";"下移(&amp;D)";;
"0E596564/42/0";"&amp;Remove";"移除(&amp;R)";;
"0E596564/43/0";"Create";"创建";;
"0E596564/44/0";"Cancel";"取消";;
"04A800B8/1/0";"The plugin is used to quickly create a blank PDF portfolio or a new PDF portfolio from any file. With it, you can also add more files/folders, create folders, delete files/folders and more within the PDF portfolio.";"该插件用于从任何文件快速创建空白PDF文件包或新的文件包。有了它，您还可以在PDF文件包中添加更多文件/文件夹、创建文件夹、删除文件/文件夹等。";;
"04A800B8/2/0";"Copyright ? 2021-2026 Foxit Software Inc. All Rights Reserved.";"2021-2026 福昕软件 版权所有。";;
"04A800B8/3/0";"&amp;Cancel";"取消(&amp;C)";;
"04A800B8/4/0";"&amp;OK";"确定(&amp;O)";;
"04A800B8/5/0";"&amp;Reset";"重置(&amp;R)";;
"04A800B8/6/0";"Detail";"详细信息";;
"04A800B8/7/0";"Tile";"平铺";;
"04A800B8/8/0";"Click to go to the next page in the document";"点击跳转到文档的下一页";;
"04A800B8/9/0";"Click to go to the first page in the document";"点击跳转到文档的第一页";;
"04A800B8/10/0";"Click to see an entire page on screen";"在屏幕中显示完整页面";;
"04A800B8/11/0";"Click to make the page fill the width of the screen";"使页面填充满 屏幕宽度显示";;
"04A800B8/12/0";"Click to go to the last page in the document";"点击跳转到文档的最后一页";;
"04A800B8/13/0";"Click to rotate page clockwise";"点击以顺时针旋转页面";;
"04A800B8/14/0";"Click to go to the previous page in the document";"点击跳转到文档的上一页";;
"04A800B8/15/0";"Click to increase the magnification of the entire page";"点击按钮放大整个页面显示比例";;
"04A800B8/16/0";"Click to decrease the magnification of the entire page";"点击按钮缩小整个页面显示比例";;
"04A800B8/17/0";"Create";"创建";;
"04A800B8/18/0";" [&quot;%s&quot;] could not be added due to security issues.";" [“%s”]的安全设置不允许将其添加为附件。";;
"04A800B8/19/0";"&quot;%s&quot; needs to be saved. \nDo you want to save changes and continue?";"“%s” 需要保存。 \n您希望保存当前更改并继续吗？";;
"04A800B8/20/0";"Home";"主页";;
"04A800B8/21/0";"Search has skipped the current file because either this file was corrupt or you do not have permissions to open it.";"搜索操作跳过了当前文件，该文件被损坏或者您没有权限访问它。";;
"04A800B8/22/0";"Search";"搜索";;
"04A800B8/23/0";"&amp;Cover Sheet";"封面(&amp;C)";;
"04A800B8/24/0";"&amp;Details";"详细信息(&amp;D)";;
"04A800B8/25/0";"&amp;Layout";"布局(&amp;L)";;
"04A800B8/26/0";"Port&amp;folio";"文件包(&amp;F)";;
"04A800B8/27/0";"Don&apos;t show this dialog box again";"不再显示该对话框";;
"04A800B8/28/0";"All Files (*.*)|*.*|";"所有文件(*.*)|*.*|";;
"04A800B8/29/0";"Extract File";"导出文件";;
"04A800B8/30/0";"Choose a folder to add to portfolio:";"选择要添加至文件包的文件夹：";;
"04A800B8/31/0";"Choose a folder for extracted files:";"为提取文件选择一个文件夹：";;
"04A800B8/32/0";"Open file";"打开文件";;
"04A800B8/33/0";"Upward";"向上";;
"04A800B8/34/0";"Apply to all files.";"应用至所有文件";;
"04A800B8/35/0";"The file &apos;";"文件 &quot;";;
"04A800B8/36/0";"&apos; already exists, do you want to overwrite it?";"&quot;已经存在。您是否想要替换它？";;
"04A800B8/37/0";"The portfolio already contains a folder with the name &quot;%s%[1]&quot;.\nWould you like to replace the existing folder &quot;%s%[2]&quot; and all the files under it?";"该文件包已经包含了一个名称为“%s%[1]”的文件夹。\n您是否想要替换已存在的文件夹“%s%[2]”及其所包含的所有文件?";;
"04A800B8/175/0";"Clipboard Data";"剪贴板数据";;
"04A800B8/38/0";"Tools";"工具";;
"04A800B8/39/0";"The portfolio already contains a folder with the name &quot;%s&quot;.";"该文件包已经包含一个名称为“%s”的文件夹。";;
"04A800B8/40/0";"Are you sure you want to delete &apos;%s&apos;?";"您是否想要删除“%s”？";;
"04A800B8/41/0";"Are you sure you want to delete the selected items?";"您确定您想要删除选定的条目？";;
"04A800B8/42/0";"The portfolio already contains a file with the name &quot;%s&quot;.\nWould you like to replace the file?";"文件包中已经包含了一个名为“%s”的文件。\n您是否想要替换该文件？";;
"04A800B8/43/0";"Are you sure you want to attach &quot;%s%[1]&quot; to &quot;%s%[2]&quot;? ";"您确定要附加 &quot;%s%[1]&quot; 到 &quot;%s%[2]&quot;中？ ";;
"04A800B8/44/0";"Access denied.";"拒绝访问。";;
"04A800B8/45/0";"Invalid path. Please specify a valid path.";"非法路径。请指定一个合法路径。";;
"04A800B8/46/0";"The file could not be deleted. Check if it is currently being used by other applications.";"该文件无法删除。请检查是否它正在被其它应用程序所占用。";;
"04A800B8/47/0";"Adding file failed.";"添加文件失败。";;
"04A800B8/48/0";" The file could not be located.";" 不能定位到该文件。";;
"04A800B8/49/0";"The file could not be opened. Check if it is currently being used by other applications.";"该文件无法打开。请检查是否它正在被其它应用程序占用。";;
"04A800B8/173/0";"The portfolio already contains a file with the name &quot;%s&quot;.\nPlease change the file name.";"文件包中已经包含了一个名为“%s”的文件。\n请更改文件名。";;
"04A800B8/50/0";"These characters cannot be used in a filename:\n\\\\ / : * ? &quot;&quot; &lt; &gt; |";"这些字符不能用在文件名中：\n\\\\ / : * ? &quot;&quot; &lt; &gt; |";;
"04A800B8/51/0";"A file name must be provided. Please enter a file name.";"必须提供文件名。请输入一个文件名。";;
"04A800B8/52/0";"The filename &apos;%s&apos; is too long.\nPlease enter a shorter filename.";"文件名“%s”太长。\n请输入一个较短的文件名。";;
"04A800B8/53/0";"The file is too large to be attached. The maximum size of the file is 2GB.";"该文件太大，不能附加。 最大允许文件大小为2GB。";;
"04A800B8/54/0";"The PDF files will be opened in a new tab, while corresponding content in the preview pane will be closed.";"PDF文件将在新选项卡中打开，而预览窗格中的相应内容将关闭。";;
"04A800B8/55/0";"%s will not save your changes to the portfolio. And the PDF files will be opened in a new tab, while corresponding content in the preview pane will be closed.";"%s不会将您的更改内容保存到文件包中。PDF文件将在新选项卡中打开，而预览窗格中的相应内容将关闭。";;
"04A800B8/56/0";"%s will not save your changes to the portfolio.";"%s不会保存您对文件包所做的更改。";;
"04A800B8/57/0";"Another file already exists under the same name.";"已经存在另一个同名文件。";;
"04A800B8/58/0";"Adding %s ...";"正在添加%s ...";;
"04A800B8/59/0";"Calculating...";"正在计算...";;
"04A800B8/60/0";"Extracting %s...";"正在导出%s...";;
"04A800B8/61/0";"Unknown";"未知";;
"04A800B8/62/0";"Changes that have been made that affect the table of contents will not be saved. Do you want to continue now?";"影响目录的已做更改将不会保存。您是否想要继续？";;
"04A800B8/63/0";"Show cover sheet of portfolio";"显示文件包的封面";;
"04A800B8/64/0";"Create PDF Portfolio";"创建PDF文件包";;
"04A800B8/65/0";"Choose view type of portfolio";"选择文件包的查看方式";;
"04A800B8/66/0";"Show details of the files in portfolio";"显示文件包中文件的详细信息";;
"04A800B8/67/0";"Show layout of files in portfolio";"显示文件包中文件的布局";;
"04A800B8/68/0";"An error occurred while saving the file.";"保存文件时发生错误。";;
"04A800B8/69/0";"Encountered a sharing violation while accessing &quot;%s&quot;.";"访问“%s”时遇到共享冲突。";;
"04A800B8/174/0";"The file is too large to be attached. The maximum size of the file is 64MB.";"该文件太大，不能附加。 最大允许文件大小为64MB.";;
"04A800B8/70/0";"Edit Portfolio";"编辑文件包";;
"04A800B8/71/0";"Delete selected item(s)";"删除选定的条目";;
"04A800B8/72/0";"Open selected item(s)";"打开选定的条目";;
"04A800B8/73/0";"Properties";"属性";;
"04A800B8/74/0";"Extract selected item(s)";"提取选定的条目...";;
"04A800B8/75/0";"Add";"添加";;
"04A800B8/76/0";"Create a new PDF Portfolio";"创建新的PDF文件包";;
"04A800B8/77/0";"Create a PDF Portfolio with file(s)";"创建包含文件的文件包";;
"04A800B8/78/0";"Create a blank PDF Portfolio";"创建空白的PDF文件包";;
"04A800B8/79/0";"Create a PDF Portfolio without file(s)";"创建不包含文件的空白PDF文件包";;
"04A800B8/80/0";"Customize";"自定义";;
"04A800B8/81/0";"Add Files";"添加文件";;
"04A800B8/82/0";"Add file(s) to portfolio";"添加文件到文件包中";;
"04A800B8/83/0";"Add Folder";"添加文件夹";;
"04A800B8/84/0";"Add folder(s) to portfolio";"添加文件夹到文件包中";;
"04A800B8/85/0";"Add Open Files";"添加打开的文件";;
"04A800B8/86/0";"Add all open files to the PDF portfolio";"添加所有打开文件到PDF文件包";;
"04A800B8/87/0";"Customize Fields";"定制域";;
"04A800B8/88/0";"Create Folder";"创建文件夹";;
"04A800B8/89/0";"Create folder to portfolio";"在文件包中创建文件夹";;
"04A800B8/90/0";"Regenerate TOC";"重新生成TOC";;
"04A800B8/91/0";"Regenerate the Table of Contents";"重新生成目录";;
"04A800B8/92/0";"Regenerate";"重新生成";;
"04A800B8/93/0";"Cancel";"取消";;
"04A800B8/94/0";"Created";"创建时间";;
"04A800B8/95/0";"Compressed Size";"压缩大小";;
"04A800B8/96/0";"Description";"说明";;
"04A800B8/97/0";"Display Name";"显示名称";;
"04A800B8/98/0";"Some contents in this document cannot be fully previewed, double click to open with application to see the whole contents.";"该文档中的某些内容无法被完整预览，双击在程序中打开查看完整内容。 ";;
"04A800B8/99/0";"Modified";"修改时间";;
"04A800B8/100/0";"Name";"名称";;
"04A800B8/101/0";"Order";"次序";;
"04A800B8/102/0";"Size";"大小";;
"04A800B8/103/0";"Tags";"标签";;
"04A800B8/104/0";"Add Web Page";"添加网页";;
"04A800B8/105/0";"Bytes";"字节";;
"04A800B8/106/0";"Convert To PDF";"转换为PDF";;
"04A800B8/107/0";"Deleting a field will remove the field and all the data associated with the field. Are you sure you want to delete the field?";"删除域将删除该域以及所有与该域关联的数据。您确定要删除该域吗？";;
"04A800B8/108/0";"Edit Value";"编辑值";;
"04A800B8/167/0";"Edit";"编辑";;
"04A800B8/109/0";"This file could not be accessed due to your security settings.";"由于您的安全设置，该文件不能访问。";;
"04A800B8/110/0";"Extracting Failed";"提取失败";;
"04A800B8/111/0";" Failure";" 失败";;
"04A800B8/112/0";"This file is busy and cannot be deleted.";"该文件正在使用中，无法删除。";;
"04A800B8/113/0";"From Clipboard";"从剪贴板";;
"04A800B8/114/0";"From Scanner";"从扫描仪";;
"04A800B8/170/0";"From Web Page";"从网页";;
"04A800B8/171/0";"From Open Files";"从打开的文件";;
"04A800B8/168/0";"From File";"从文件";;
"04A800B8/169/0";"From Folder";"从文件夹";;
"04A800B8/115/0";"Minimized";"最小化";;
"04A800B8/116/0";"Left";"左";;
"04A800B8/117/0";"Top";"顶部";;
"04A800B8/118/0";"KB";"KB";;
"04A800B8/119/0";"Location";"位置";;
"04A800B8/120/0";"MB";"MB";;
"04A800B8/121/0";"Operation completed successfully.";"操作成功完成";;
"04A800B8/122/0";"Previewing...";"正在预览...";;
"04A800B8/123/0";"No preview available.";"无法预览。";;
"04A800B8/124/0";"Preview of the current file type is not supported.";"不支持当前文件类型的预览。";;
"04A800B8/125/0";"Preview of the PDF portfolio is not supported. \nPlease double-click the file to view details.";"不支持PDF文件包的预览。 \n请双击该文件以查看详细信息。";;
"04A800B8/126/0";"The current file has been opened in a new tab. ";"当前文件已经在新选项卡中打开了。";;
"04A800B8/127/0";"Select a file to preview.";"选择要预览的文件。";;
"04A800B8/128/0";"OK";"确定";;
"04A800B8/129/0";"Extracting File...";"正在提取文件...";;
"04A800B8/130/0";"File Name";"文件名";;
"04A800B8/131/0";"%d%%";"%d%%";;
"04A800B8/132/0";"Progress %d of %d:";"进度 %d / %d：";;
"04A800B8/133/0";"Saving File...";"保存文件...";;
"04A800B8/134/0";"Status";"状态";;
"04A800B8/135/0";"Reduce File Size";"减小文件大小";;
"04A800B8/136/0";"PDF Portfolio";"PDF文件包";;
"04A800B8/137/0";"Document Views";"文档视图";;
"04A800B8/138/0";"Portfolio";"文件包";;
"04A800B8/139/0";"Cover Sheet";"封面";;
"04A800B8/140/0";"PDF Content";"PDF内容";;
"04A800B8/141/0";"Default View";"默认视图";;
"04A800B8/142/0";"Display the cover sheet of PDF portfolios as the default view";"将PDF文件包的封面显示为默认视图";;
"04A800B8/143/0";"Set default view for PDF portfolios";"为PDF文件包设置默认视图";;
"04A800B8/144/0";"Details";"详细信息";;
"04A800B8/145/0";"Display the details of PDF portfolios as the default view";"将PDF文件包的详细信息显示为默认视图";;
"04A800B8/146/0";"Layout";"布局";;
"04A800B8/147/0";"Display the layout of PDF portfolios as the default view";"将PDF文件包的布局显示为默认视图";;
"04A800B8/148/0";"Retain Original";"保持原视图";;
"04A800B8/149/0";"Keep the original view settings of PDF portfolios";"保持PDF文件包的原视图设置";;
"04A800B8/150/0";"Preview Pane";"预览窗格";;
"04A800B8/151/0";"Bottom";"底部";;
"04A800B8/152/0";"Show the preview pane on the bottom of the window";"在窗口底部显示预览窗格";;
"04A800B8/153/0";"Show, hide or change the layout of the preview pane";"显示，隐藏或者更改预览窗格的布局";;
"04A800B8/154/0";"Off";"关闭";;
"04A800B8/155/0";"Hide the preview pane";"隐藏预览窗格";;
"04A800B8/156/0";"Right";"右";;
"04A800B8/157/0";"Show the preview pane on the right side of the window";"在窗口右侧显示预览窗格";;
"04A800B8/158/0";"View";"视图";;
"04A800B8/159/0";"Ascending";"升序";;
"04A800B8/160/0";"Descending";"降序";;
"04A800B8/161/0";"Success";"成功";;
"04A800B8/172/0";"Create Portfolio";"创建文件包";;
"04A800B8/162/0";"Table of Contents";"目录";;
"04A800B8/163/0";"Processing...";"正在处理...";;
"04A800B8/164/0";"Total %d File(s)";"共 %d 个文件";;
"04A800B8/165/0";"The field you have selected is already in use. Please choose a unique field name.";"您选择的域名已被使用。 请选择一个唯一的域名称。";;
"04A800B8/166/0";"The PDF document needs to be saved before it can be optimized.\nDo you want to save changes and continue? ";"PDF文档优化前必须被保存。\n您是否想保存修改并继续？ ";;
"0A014726/1/0";"Certificate Protection";"证书保护";;
"0A014726/2/0";"Recipient list:";"接收者列表：";;
"0A014726/3/0";"New I&amp;D...";"新ID(&amp;D)...";;
"0A014726/4/0";"Imp&amp;ort...";"导入(&amp;O)...";;
"0A014726/5/0";"&amp;Browse...";"浏览(&amp;B)...";;
"0A014726/6/0";"&amp;Remove";"移除(&amp;R)";;
"0A014726/7/0";"&amp;Permission...";"查看权限(&amp;P)...";;
"0A014726/8/0";"Permission Specification";"权限详情";;
"0A014726/9/0";"Printing:";"打印:";;
"0A014726/10/0";"Accessibility:";"辅助工具：";;
"0A014726/11/0";"Copying:";"复制：";;
"0A014726/12/0";"Changes:";"更改权限：";;
"0A014726/13/0";"Encrypt Settings";"加密设置";;
"0A014726/14/0";"&amp;Encrypt Algorithm:";"加密算法(&amp;E)：";;
"0A014726/15/0";"128-bit AES";"128位AES";;
"0A014726/16/0";"256-bit AES";"256位AES";;
"0A014726/17/0";"128-bit ARC-FOUR";"128位ARC-FOUR";;
"0A014726/18/0";"Don&apos;t Encrypt &amp;metadata";"不加密元数据(&amp;M)";;
"0A014726/19/0";"&amp;Save the settings as a new policy";"将设置另存为新策略(&amp;S)";;
"0A014726/20/0";"Manage Security Policies";"管理安全策略";;
"0A014726/21/0";"&amp;Policies:";"策略(&amp;P)：";;
"0A014726/33/0";"&amp;New";"新建(&amp;N)";;
"0A014726/34/0";"&amp;Copy";"复制(&amp;C)";;
"0A014726/35/0";"&amp;Delete";"删除(&amp;D)";;
"0A014726/53/0";"Cl&amp;ose";"关闭(&amp;O)";;
"0A014726/22/0";"&amp;Apply to this document";"应用到当前文档(&amp;A)";;
"0A014726/23/0";"Policy properties";"策略属性";;
"0A014726/24/0";"Security &amp;Method:";"加密方式(&amp;M):";;
"0A014726/26/0";"De&amp;scription:";"描述(&amp;S)：";;
"0A014726/25/0";"Polic&amp;y Name:";"策略名(&amp;N)：";;
"0A014726/27/0";"Details";"详细信息";;
"0A014726/29/0";"Modification Date:";"修改日期：";;
"0A014726/30/0";"User Password:";"打开密码：";;
"0A014726/31/0";"Owner Password:";"权限密码：";;
"0A014726/28/0";"Encrypted Components:";"加密的组件：";;
"0A014726/32/0";"&amp;Edit details...";"编辑详细信息(&amp;E)...";;
"0A014726/37/0";"Password Protection";"密码保护";;
"0A014726/38/0";"Document Open Settings";"文档打开设置";;
"0A014726/39/0";"Re&amp;quire a password to open the document";"需要密码来打开文档(&amp;Q)";;
"0A014726/40/0";"Password Inp&amp;ut:";"输入密码(&amp;U)：";;
"0A014726/41/0";"Password Conf&amp;irm:";"确认密码(&amp;I)：";;
"0A014726/42/0";"Document Restriction Settings";"文档权限设置";;
"0A014726/43/0";"Add Document &amp;Restriction";"添加文档权限(&amp;R)";;
"0A014726/44/0";"Password I&amp;nput:";"设置密码(&amp;N)：";;
"0A014726/45/0";"Password Con&amp;firm:";"确认密码(&amp;F)：";;
"0A014726/46/0";"&amp;Encryption Algorithm:";"加密算法(&amp;E)：";;
"0A014726/54/0";"AES-GCM";"AES-GCM";;
"0A014726/47/0";"Don&apos;t encrypt &amp;metadata";"不加密元数据(&amp;M)";;
"0A014726/48/0";"Import Certificate";"导入证书";;
"0A014726/49/0";"Please select one of your digital IDs to encrypt the document.";"请选择一个数字证书以加密文档。";;
"0A014726/50/0";"My Digital IDs";"我的数字证书";;
"0A014726/51/0";"Re&amp;fresh";"刷新(&amp;F)";;
"0A014726/52/0";"&amp;Add Digital ID";"添加数字证书(&amp;A)";;
"002C5DA1/62/0";"The plugin is used to create, view and modify document security settings.";"该插件用户创建，查看和修改文档的安全设置。";;
"002C5DA1/63/0";"Copyright ? 2010-2026 Foxit Software Inc. All Rights Reserved.";"2010-2026 福昕软件 版权所有。";;
"002C5DA1/64/0";"&amp;Cancel";"取消(&amp;C)";;
"002C5DA1/65/0";"&amp;OK";"确定(&amp;O)";;
"002C5DA1/66/0";"&amp;Reset";"重置(&amp;R)";;
"002C5DA1/118/0";"Document Restriction: The current document is protected and cannot be edited.";"文档限制：当前文档受保护，无法编辑。";;
"002C5DA1/67/0";"PKCS12 Certificate file";"PKCS12证书文件";;
"002C5DA1/148/0";"Command execution failed.";"命令执行失败。";;
"002C5DA1/119/0";"Enable Editing";"启用编辑功能";;
"002C5DA1/68/0";"An error occurred while encrypting the document: %d. Please try again or choose another file.";"当加密文档时出现错误： %d。请重新尝试或者选择其它文件。";;
"002C5DA1/120/0";"Foxit Security";"安全";;
"002C5DA1/69/0";"The document permission passwords do not match!";"文档权限密码不匹配。";;
"002C5DA1/70/0";"The document open passwords do not match!";"文档打开密码不匹配！";;
"002C5DA1/144/0";"Do &amp;not show this message again";"不再显示该消息(&amp;N)";;
"002C5DA1/149/0";"No password is set for the document.";"没有为该文档设置密码。";;
"002C5DA1/150/0";"Sorry, you do not have permission to access this document.";"对不起，您没有权限访问该文档。";;
"002C5DA1/146/0";"Securi&amp;ty Settings";"安全设置(&amp;T)";;
"002C5DA1/71/0";"Allowed";"允许";;
"002C5DA1/72/0";"Commenting, filling form, signing existing signature fields";"注释、填写表单、签署已存在的数字签名域";;
"002C5DA1/73/0";"Inserting, deleting, and rotating pages";"插入、删除、旋转页面";;
"002C5DA1/74/0";"Filling in forms and signing existing signature fields";"填写表单且签署已存在的数字签名域";;
"002C5DA1/75/0";"Any except extracting pages";"除导出页面外的任何权限";;
"002C5DA1/76/0";"Not Allowed";"不允许";;
"002C5DA1/77/0";"High Resolution";"高分辨率";;
"002C5DA1/78/0";"Low Resolution (150 dpi)";"低分辨率（150 dpi）";;
"002C5DA1/142/0";"Properties";"属性";;
"002C5DA1/121/0";"Change Settings";"修改设置";;
"002C5DA1/122/0";"Document Restrictions Summary";"文档限制摘要";;
"002C5DA1/123/0";"Changing the Document";"修改文档";;
"002C5DA1/124/0";"Content Copying";"内容复制";;
"002C5DA1/125/0";"Content Copying for Accessibility";"复制内容用于辅助工具";;
"002C5DA1/126/0";"Document Assembly";"文档组合";;
"002C5DA1/127/0";"Page Extraction";"页面提取";;
"002C5DA1/128/0";"Printing";"打印";;
"002C5DA1/129/0";"Commenting";"注释";;
"002C5DA1/130/0";"Filling of Form Fields";"填写表单";;
"002C5DA1/131/0";"Signing";"签名";;
"002C5DA1/132/0";"Security";"安全";;
"002C5DA1/141/0";"Security Method";"加密方式";;
"002C5DA1/133/0";"View and modify document security settings";"查看，修改文档的安全设置";;
"002C5DA1/134/0";"Security Settings";"安全设置";;
"002C5DA1/79/0";"For security reasons, please confirm your document open password again.";"出于文档安全性考虑，请重新设置您的文档的打开密码。";;
"002C5DA1/80/0";"Protect";"保护";;
"002C5DA1/147/0";"Clear";"清除";;
"002C5DA1/135/0";"print";"打印";;
"002C5DA1/81/0";"The certificate has exceeded the time of validity.";"该证书已经超出授权期限。";;
"002C5DA1/82/0";"This certificate is not available for encrypting.";"该证书不能用于加密。 ";;
"002C5DA1/83/0";"copy";"复制";;
"002C5DA1/84/0";"Digital ID File";"数字证书文件";;
"002C5DA1/85/0";"Encrypt all document contents";"加密全部文档内容";;
"002C5DA1/86/0";"Encrypt without metadata";"加密除元数据外的所有内容";;
"002C5DA1/87/0";"No Protection";"无保护";;
"002C5DA1/88/0";"Encrypt file attachment only";"仅加密文档附件";;
"002C5DA1/89/0";"Certificate Protection";"证书保护";;
"002C5DA1/90/0";"FileOpen Protection";"FileOpen保护";;
"002C5DA1/91/0";"Password Protection";"密码保护";;
"002C5DA1/92/0";"This document is encrypted using FileOpen.";"该文档使用FileOpen加密。";;
"002C5DA1/143/0";"Use of non FIPS cryptography is not permitted while is FIPS mode.";"FIPS模式下不允许使用非FIPS加密。";;
"002C5DA1/93/0";"Foxit PDF Editor";"福昕高级PDF编辑器";;
"002C5DA1/94/0";"Keychain";"密钥链";;
"002C5DA1/95/0";"Not Required";"非必填";;
"002C5DA1/96/0";"This document is not encrypted.";"该文档未加密。";;
"002C5DA1/97/0";"or";"或者";;
"002C5DA1/98/0";"This document is encrypted using other encryption method.";"该文档使用其它加密方式加密。";;
"002C5DA1/99/0";"This document is encrypted using certificate encryption.";"该文档使用证书加密方式加密。";;
"002C5DA1/136/0";"this document.";"这份文档";;
"002C5DA1/145/0";"The name cannot be empty. Please check your input and try again.";"该名称不能为空。请检查您的输入并重试。";;
"002C5DA1/100/0";"Please select a default directory to save the policy file";"请选择策略文件的默认保存目录";;
"002C5DA1/101/0";"Required";"必填";;
"002C5DA1/102/0";"A policy with this name already exists.";"已经存在同名策略。";;
"002C5DA1/103/0";"Untitled Policy";"未命名策略";;
"002C5DA1/104/0";"Windows Certificate Store";"Windows证书存储中心";;
"002C5DA1/137/0";"modify";"修改";;
"002C5DA1/105/0";"Storage Mechanism";"存储机制";;
"002C5DA1/106/0";"None";"无";;
"002C5DA1/138/0";"Permission details";"权限细节";;
"002C5DA1/139/0";"This document is encrypted using RMS.";"该文档使用RMS加密";;
"002C5DA1/140/0";"You cannot do:";"您不能执行：";;
"002C5DA1/107/0";"This document is password protected.";"该文档受密码保护";;
"002C5DA1/108/0";"Are you sure you want to change the encrypting method of the policy &quot;%ls&quot;?";"您确定要更改策略“%ls”的加密方式？";;
"002C5DA1/109/0";"The document has already been secured.\nAre you sure you want to change the security on this document?";"该文档已经被保护。\n您确定要修改该文档的安全设置？";;
"002C5DA1/110/0";"Are you sure you want to delete the policy &apos;%ls&apos;?";"您确定要删除策略“%ls”？";;
"002C5DA1/111/0";"An error occurred while parsing the certificate file. Please choose a different certificate file.";"解析证书文档时出现错误。请选择其它证书文件。";;
"002C5DA1/112/0";"Some non-Foxit PDF software may not enforce or respect the restrictions set by the Permissions Password, allowing users to ignore these restrictions.";"某些非福昕出品的软件，可能会由于不遵循或者不尊重文档本身的权限设置， 而允许用户忽略某些操作限制。";;
"002C5DA1/113/0";"Incorrect password, please input the owner password.";"密码错误。请输入权限密码。";;
"002C5DA1/114/0";"The Document Open and Owner Passwords cannot be the same, please enter a different password in either the Document Open Password field or the Owner Password field.";"打开文档密码同文档权限密码不能相同，请修改文档打开密码或文档权限密码为不同的密码。";;
"002C5DA1/115/0";"Are you sure you want to remove security from this document?";"您确定要删除文档中的安全设置？";;
"002C5DA1/116/0";"This certificate has already been imported.";"证书已经被导入了。";;
"002C5DA1/117/0";"Security settings will not be applied to the document until you save the document. You will be able to continue to change security settings until you close the document.";"文档保存后安全设置才会生效。您可以在关闭文档前继续修改安全设置。";;
"0E5329A0/226/0";"Certificate";"证书";;
"0E5329A0/227/0";"Summary";"摘要";;
"0E5329A0/228/0";"Subject Name:";"使用者名称：";;
"0E5329A0/229/0";"TextLabel";"TextLabel";;
"0E5329A0/230/0";"Issued by:";"颁发者：";;
"0E5329A0/231/0";"Valid from:";"生效日期：";;
"0E5329A0/232/0";"Valid to:";"失效日期：";;
"0E5329A0/233/0";"Intended usage:";"预期的主要用途：";;
"0E5329A0/241/0";"Extended key usage:";"扩展密钥用法：";;
"0E5329A0/234/0";"Details";"详细信息";;
"0E5329A0/235/0";"Certificate data:";"证书数据：";;
"0E5329A0/396/0";"table";"表";;
"0E5329A0/393/0";"&amp;Password:";"密码(&amp;P)：";;
"0E5329A0/394/0";"&amp;URL:";"URL(&amp;U)：";;
"0E5329A0/395/0";"User Na&amp;me:";"用户名(&amp;M)：";;
"0E5329A0/405/0";"PKCS#11 Modules and Tokens";"PKCS#11模块和令牌";;
"0E5329A0/406/0";"Attach Module";"附加模块";;
"0E5329A0/407/0";"Detach Module";"分离模块";;
"0E5329A0/408/0";"Refresh";"刷新";;
"0E5329A0/409/0";"Logout";"退出";;
"0E5329A0/410/0";"Login";"登录";;
"0E5329A0/411/0";"Add ID";"添加ID";;
"0E5329A0/412/0";"Export";"导出";;
"0E5329A0/413/0";"Remove ID";"移除ID";;
"0E5329A0/414/0";"Certificate Details ";"证书细节 ";;
"0E5329A0/244/0";"Create &amp; Appearance";"创建外观(&amp;A)";;
"0E5329A0/243/0";"Default Signing &amp;Format:";"默认的签名格式(&amp;F)：";;
"0E5329A0/427/0";"Enable CryptoTokenKit framework support";"启用 CryptoTokenKit 框架支持";;
"0E5329A0/401/0";"A&amp;ppearance Styles";"外观样式(&amp;P)";;
"0E5329A0/249/0";"Signing &amp;&amp; Verifications";"签署并验证";;
"0E5329A0/250/0";"&amp;Sign the document immediately after the signature is placed";"放置签名后立即签署文档(&amp;S)";;
"0E5329A0/251/0";"Control how and when signatures are verified";"控制签名验证的方式和时间";;
"0E5329A0/252/0";"C&amp;hange Settings";"更改设置(&amp;H)";;
"0E5329A0/253/0";"Saving Settings";"保存设置";;
"0E5329A0/254/0";"S&amp;ave signed file as a copy named &apos;filename_signed.pdf&apos;";"将签署后的文档另存为名为“文件名_已签署.pdf”的副本(&amp;A)";;
"0E5329A0/402/0";"PKCS#11 Modules and Tokens";"PKCS#11模块和令牌";;
"0E5329A0/403/0";"You can load additional modules to gain access to new cryptographic devices";"您可以加载其他模块以获得对新加密设备的访问权";;
"0E5329A0/404/0";"&amp;Modules Settings...";"模块设置(&amp;M)...";;
"0E5329A0/421/0";"Preferences";"偏好设置";;
"0E5329A0/422/0";"Appearance Styles";"外观样式";;
"0E5329A0/423/0";"&amp;New...";"新建(&amp;N)...";;
"0E5329A0/424/0";"&amp;Edit...";"编辑(&amp;E)...";;
"0E5329A0/425/0";"D&amp;uplicate";"复制(&amp;U)";;
"0E5329A0/426/0";"&amp;Delete";"删除(&amp;D)";;
"0E5329A0/255/0";"Digital ID Authentication";"数字证书权限";;
"0E5329A0/256/0";"Access to this digital ID requires password authentication.";"访问这个数字标识需要密码验证。";;
"0E5329A0/257/0";"Digital ID Information:";"数字证书信息：";;
"0E5329A0/258/0";"Issuer:";"颁发者：";;
"0E5329A0/259/0";"Email:";"邮件：";;
"0E5329A0/260/0";"&amp;Password:";"密码(&amp;P)：";;
"0E5329A0/261/0";"Certificate Viewer";"证书查看器";;
"0E5329A0/262/0";"Certificate Path";"证书路径";;
"0E5329A0/397/0";"table";"表";;
"0E5329A0/263/0";"Summary";"摘要";;
"0E5329A0/264/0";"&amp;Intended key usage:";"预期的主要用途(&amp;I)：";;
"0E5329A0/265/0";"Issued By:";"颁发者：";;
"0E5329A0/266/0";"Valid from:";"生效日期：";;
"0E5329A0/267/0";"Name:";"名称：";;
"0E5329A0/268/0";"E&amp;xtended key usage";"扩展密钥用法(&amp;X)：";;
"0E5329A0/269/0";"Valid to:";"失效日期：";;
"0E5329A0/270/0";"&amp;Export";"导出(&amp;E)";;
"0E5329A0/271/0";"Trust";"信任";;
"0E5329A0/272/0";"A certificate used to sign a document must either be designated as a trust anchor or chain up to a trust anchor in order for signature validation to succeed. Revocation checking is not performed on or above a trust anchor.";"要使签名验证成功，用于签名的证书必须被指定为信任锚或者链接到信任锚。 吊销检查不会在信任锚或其之上的证书上进行。";;
"0E5329A0/273/0";"&amp;Use this certificate as a trusted root";"将本证书用作可信任根(&amp;U)";;
"0E5329A0/274/0";"If signature succeeds, trust this certificate for:";"如果签名验证成功， 该证书被信任用于：";;
"0E5329A0/275/0";"Validating &amp;Signatures";"验证签名(&amp;S)";;
"0E5329A0/276/0";"Validating Certified &amp;Documents";"验证证书文档(&amp;D)";;
"0E5329A0/277/0";"&amp;Add to Trusted Certificates";"添加为可信任证书(&amp;A)";;
"0E5329A0/278/0";"Revocation";"吊销";;
"0E5329A0/279/0";"Details";"详细信息";;
"0E5329A0/280/0";"&amp;Signer Details";"签名者细节(&amp;S)";;
"0E5329A0/281/0";"Check &amp;Revocation";"检查吊销(&amp;R)";;
"0E5329A0/398/0";"Legal Notice";"法律声明";;
"0E5329A0/399/0";"Legal Disclaimer";"法律免责声明";;
"0E5329A0/282/0";"Third-party services may be needed to independently provide digital certificates when verifying documents with e-signatures (please refer to the third-party related End User License Agreement and Privacy Policy). Under no circumstance shall Foxit make any warrants to any document with e-signature, any digital certificate of such documents, and any other related services, and you shall make your choice of third-party services depending on your sole judgment.";"验证数字签名的文档可能需要使用独立的第三方服务提供商提供的证书相关服务（请参阅第三方服务提供商的《最终用户协议》及《隐私政策》）。对数字签名文档、创建数字签名文档的证书及相关服务，福昕软件不提供任何形式的担保，您应当基于自己的判断选择可相信的第三方服务提供商及可信任的数字签名证书。";;
"0E5329A0/400/0";"&amp;Show Certificate";"显示证书(&amp;S)";;
"0E5329A0/283/0";"OK";"确定";;
"0E5329A0/284/0";"Configure Signature Style";"配置签名样式";;
"0E5329A0/285/0";"Dra&amp;w Signature";"绘制签名(&amp;W)";;
"0E5329A0/286/0";"Br&amp;owse";"浏览(&amp;O)";;
"0E5329A0/287/0";"&amp;Clear";"清空(&amp;C)";;
"0E5329A0/288/0";"Opacit&amp;y";"不透明度(&amp;Y)";;
"0E5329A0/289/0";"Configure Text";"配置文本";;
"0E5329A0/290/0";"D&amp;ate";"日期(&amp;A)";;
"0E5329A0/291/0";"&amp;Distinguished name";"辨别名(&D)";;
"0E5329A0/292/0";"&amp;Reason";"原因(&amp;R)";;
"0E5329A0/293/0";"&amp;Name";"名称(&amp;N)";;
"0E5329A0/294/0";"&amp;Location";"位置(&amp;L)";;
"0E5329A0/295/0";"&amp;Foxit version";"福昕版本(&F)";;
"0E5329A0/296/0";"La&amp;bels";"标签(&amp;B)";;
"0E5329A0/297/0";"Text Property";"文本属性";;
"0E5329A0/298/0";"Te&amp;xt Direction:";"文本方向(&amp;X)：";;
"0E5329A0/299/0";"Font/&amp;Size";"字体/字号(&amp;S)";;
"0E5329A0/300/0";"Configure Logo";"配置徽标";;
"0E5329A0/301/0";"Lo&amp;go";"徽标(&amp;G)";;
"0E5329A0/302/0";"Brows&amp;e";"浏览(&amp;E)";;
"0E5329A0/303/0";"&amp;Title:";"标题(&amp;T)：";;
"0E5329A0/134/0";"Sign Multiple Documents";"签名多个文档";;
"0E5329A0/135/0";"Output O&amp;ptions...";"输出选项(&amp;P)...";;
"0E5329A0/136/0";"&amp;Sign Immediately";"立即签名(&amp;S)";;
"0E5329A0/137/0";"&amp;Cancel";"取消(&amp;C)";;
"0E5329A0/138/0";"Signature Verification Preferences";"签名验证偏好设置";;
"0E5329A0/139/0";"&amp;Verify signatures when the document is opened";"当文档打开时验证签名(&amp;V)";;
"0E5329A0/140/0";"&amp;When document has valid but untrusted signatures, prompt to review and trust signers";"当文档具有有效但不可信的签名时，提示查看并信任签名者(&amp;W)";;
"0E5329A0/141/0";"Verification Behavior";"验证行为";;
"0E5329A0/142/0";"&amp;Require certificate revocation checking to succeed whenever possible during signature verification";"在验证签名时，尽可能执行吊销检查(&amp;R)";;
"0E5329A0/143/0";"Use &amp;expired timestamps";"使用过期的时间戳(&amp;E)";;
"0E5329A0/144/0";"&amp;Ignore document validation information";"忽略文档的验证信息(&amp;I)";;
"0E5329A0/145/0";"Verification Time";"验证时间";;
"0E5329A0/146/0";"Verify Signature Using:";"验证签名使用：";;
"0E5329A0/147/0";"&amp;Time at which the signature was created";"签名创建的时间(&amp;T)";;
"0E5329A0/148/0";"Secure time (timestam&amp;p) embedded in the signature";"签名中嵌入的安全时间（时间戳）(&amp;P)";;
"0E5329A0/149/0";"&amp;Current time";"当前时间(&amp;C)";;
"0E5329A0/150/0";"Verification Information";"验证信息";;
"0E5329A0/151/0";"Automatically add verification information when saving signed PDF:";"当保存签名的PDF时自动添加验证信息：";;
"0E5329A0/152/0";"As&amp;k when verification information is too big";"当验证信息过大时进行询问(&amp;K)";;
"0E5329A0/153/0";"Alwa&amp;ys";"总是(&amp;Y)";;
"0E5329A0/154/0";"&amp;Never";"从不(&amp;N)";;
"0E5329A0/155/0";"Windows Integration";"Windows集成";;
"0E5329A0/156/0";"Trust ALL root certificates in the Windows Certificate Store for:";"信任Windows证书存储区中的所有根证书：";;
"0E5329A0/157/0";"Validating &amp;Signatures";"验证签名(&amp;S)";;
"0E5329A0/158/0";"Validating Certified &amp;Documents";"验证证书文档(&amp;D)";;
"0E5329A0/159/0";"Selecting either of these options may result in arbitrary material being treated as trusted content.\nUse caution when using these options.";"选择任一选项都可能导致任意资料被视为受信任内容。\n使用这些选项时请务必谨慎。";;
"0E5329A0/304/0";"Digital IDs";"数字证书";;
"0E5329A0/305/0";"&amp;Add ID";"添加ID(&amp;A)";;
"0E5329A0/306/0";"Certificate &amp;Details";"证书细节(&amp;D)";;
"0E5329A0/307/0";"&amp;Export";"导出(&amp;E)";;
"0E5329A0/308/0";"Re&amp;fresh";"刷新(&amp;F)";;
"0E5329A0/309/0";"&amp;Remove ID";"移除ID(&amp;R)";;
"0E5329A0/310/0";"Draw Signature";"绘制签名";;
"0E5329A0/311/0";" &amp;Clear";"清空(&amp;C)";;
"0E5329A0/312/0";"Edit Certificate Trust";"编辑信任证书";;
"0E5329A0/313/0";"Certificate Details";"证书细节";;
"0E5329A0/314/0";"Issuer:";"颁发者：";;
"0E5329A0/315/0";"Subject:";"主题：";;
"0E5329A0/316/0";"Usage:";"用途：";;
"0E5329A0/317/0";"Expiration:";"过期时间：";;
"0E5329A0/318/0";"Trust";"信任";;
"0E5329A0/319/0";"A certificate used to sign a document must either be designated as a trust anchor or chain up to a trust anchor in order for signature validation to succeed. Revocation checking is not performed on or above a trust anchor.";"要使签名验证成功，用于签名的证书必须被指定为信任锚或者链接到信任锚。 吊销检查不会在信任锚或其之上的证书上进行。";;
"0E5329A0/320/0";"&amp;Use this certificate as a trusted root";"将本证书用作可信任根(&amp;U)";;
"0E5329A0/321/0";"If signature succeeds, trust this certificate for:";"如果签名验证成功， 该证书被信任用于：";;
"0E5329A0/322/0";"Validating &amp;Signatures";"验证签名(&amp;S)";;
"0E5329A0/323/0";"Validating Certified &amp;Documents";"验证证书文档(&amp;D)";;
"0E5329A0/324/0";"Error Message Box";"错误信息框";;
"0E5329A0/325/0";"Please click this link to contact Foxit support: ";"请点击该链接联系福昕技术支持： ";;
"0E5329A0/326/0";"Online Support.";"在线支持。";;
"0E5329A0/327/0";"OK";"确定";;
"0E5329A0/328/0";"Warnings and Errors";"警告和错误";;
"0E5329A0/329/0";"OK";"确定";;
"0E5329A0/330/0";"Export Certificates";"导出证书";;
"0E5329A0/331/0";"The following data will be exported:";"将导出以下数据：";;
"0E5329A0/332/0";"Certificates can be used by recipients to validate signatures created by you and encrypt documents for you. Your private key will not be exported with the certificate.";"证书被导出以允许收件人验证您创建的签名和为您加密文档。导出您的证书并不会导出您的私钥。";;
"0E5329A0/333/0";"My Certificate(s)";"我的证书";;
"0E5329A0/334/0";"Export Options:";"导出选项：";;
"0E5329A0/335/0";"Select how you want to export the data:";"选择导出数据的方式：";;
"0E5329A0/336/0";"&amp;Share the data through email";"通过电子邮件分享数据(&amp;S)";;
"0E5329A0/337/0";"Save the data to a &amp;file";"将数据保存到文件(&amp;F)";;
"0E5329A0/338/0";"&amp;Opacity:";"不透明度(&amp;O)：";;
"0E5329A0/339/0";"Output Options";"输出选项";;
"0E5329A0/340/0";"Target Folder";"目标文件夹";;
"0E5329A0/341/0";"&amp;The Same Folder Selected at Start";"启动时选择的文件夹(&amp;T)";;
"0E5329A0/342/0";"A &amp;Folder on My Computer";"本机上的文件夹(&amp;F)";;
"0E5329A0/343/0";"&amp;Browse...";"浏览(&amp;B)...";;
"0E5329A0/344/0";"File Naming";"文件命名";;
"0E5329A0/345/0";"&amp;Keep original file names";"保留原始文件名(&amp;K)";;
"0E5329A0/346/0";"&amp;Add to original file names:";"附加至原始文件名(&amp;A)：";;
"0E5329A0/347/0";"Insert Before";"之前插入";;
"0E5329A0/348/0";"Insert After";"之后插入";;
"0E5329A0/349/0";"+original file name+";"+原始文件名+";;
"0E5329A0/350/0";"&amp;Replace file names with starting and ending Bates number (e.g.000100-000115.pdf)";"用开始与结束的贝茨数替换文件名 (e.g.000100-000115.pdf)(&amp;R)";;
"0E5329A0/351/0";"O&amp;verwrite existing files";"覆盖已经存在的文件(&amp;V)";;
"0E5329A0/352/0";"&amp;Log File";"日志文件(&amp;L)";;
"0E5329A0/353/0";"&amp;Create log file";"创建日志文件(&amp;C)";;
"0E5329A0/354/0";"C&amp;hange log file location";"更改日志文件路径(&amp;H)";;
"0E5329A0/355/0";"Password";"密码";;
"0E5329A0/356/0";"PIN &amp;password";"PIN密码(&amp;P)";;
"0E5329A0/357/0";"Font/Size";"字体/字号";;
"0E5329A0/358/0";"Common Name";"常用名称";;
"0E5329A0/359/0";"&amp;Font:";"字体(&amp;F)：";;
"0E5329A0/360/0";"&amp;Size:";"字号(&amp;S)：";;
"0E5329A0/361/0";"Configure Text";"配置文本";;
"0E5329A0/362/0";"Fon&amp;t:";"字体(&amp;T)：";;
"0E5329A0/363/0";"S&amp;ize:";"字号(&amp;I)：";;
"0E5329A0/160/0";"Choose Default Timestamp Server";"选择默认的时间戳服务器";;
"0E5329A0/161/0";"&amp;Cancel";"取消(&amp;C)";;
"0E5329A0/162/0";"&amp;Next";"下一步(&amp;N)";;
"0E5329A0/163/0";"Signature Selection";"签名选择";;
"0E5329A0/164/0";"Mark Fields as Read-only";"标记域为只读";;
"0E5329A0/165/0";"&amp;Select All";"全选(&amp;S)";;
"0E5329A0/166/0";"&amp;Deselect All";"取消全选(&amp;D)";;
"0E5329A0/167/0";"Manage Signature Trust";"管理签名信任";;
"0E5329A0/168/0";"This document has been signed by:";"该文档已签署，签名者：";;
"0E5329A0/169/0";"Signer";"签名者";;
"0E5329A0/170/0";"&amp;Show Certificate...";"显示证书(&amp;S)...";;
"0E5329A0/171/0";"This signature is valid, but it is signed by a signer that you haven&apos;t trusted yet.";"该签名有效，但签名者尚未被信任。";;
"0E5329A0/172/0";"&amp;Trust Signer for Future Signatures";"信任签名者未来的签名(&amp;T)";;
"0E5329A0/173/0";"Cancel";"取消";;
"0E5329A0/174/0";"Time Stamp Server";"时间戳服务器";;
"0E5329A0/175/0";"&amp;Name:";"名称(&amp;N)：";;
"0E5329A0/176/0";"Server Settings";"服务器设置";;
"0E5329A0/177/0";"&amp;URL:";"URL(&amp;U)：";;
"0E5329A0/178/0";"&amp;This server requires me to log on";"这台服务器需要我登录(&amp;T)";;
"0E5329A0/179/0";"User Na&amp;me:";"用户名(&amp;M)：";;
"0E5329A0/180/0";"&amp;Password:";"密码(&amp;P)：";;
"0E5329A0/181/0";"&amp;Nothing happens when signed";"签名时不做任何反应(&amp;N)";;
"0E5329A0/182/0";"&amp;Mark as read-only:";"标记为只读(&amp;M)：";;
"0E5329A0/183/0";"&amp;Pick...";"选择(&amp;P)...";;
"0E5329A0/184/0";"This &amp;script executes when field is signed:";"该域被签名时执行此脚本(&amp;S)：";;
"0E5329A0/185/0";"&amp;Edit...";"编辑(&amp;E)...";;
"0E5329A0/186/0";"Signature Properties";"签名属性";;
"0E5329A0/187/0";"Signature validity is UNKNOWN";"签名有效性未知";;
"0E5329A0/188/0";"Details";"详细信息";;
"0E5329A0/189/0";"Signed by:";"签名：";;
"0E5329A0/190/0";"S&amp;how Certificate...";"显示证书(&amp;H)...";;
"0E5329A0/191/0";"Reason:";"原因：";;
"0E5329A0/192/0";"Date:";"日期：";;
"0E5329A0/193/0";"Location:";"位置：";;
"0E5329A0/194/0";"Validity Summary";"有效性摘要";;
"0E5329A0/195/0";"Signer&apos;s Contact Information:";"签名者联系信息：";;
"0E5329A0/196/0";"&amp;Advanced Properties";"高级属性(&amp;A)";;
"0E5329A0/197/0";"&amp;Export Timestamp Token";"导出时间戳令牌(&amp;E)";;
"0E5329A0/198/0";"&amp;Close";"关闭(&amp;C)";;
"0E5329A0/199/0";"Ne&amp;w...";"新建(&amp;W)...";;
"0E5329A0/200/0";"&amp;Delete...";"删除(&amp;D)...";;
"0E5329A0/201/0";"&amp;Edit...";"编辑(&amp;E)...";;
"0E5329A0/202/0";"&amp;Set Default";"设为默认(&amp;S)";;
"0E5329A0/203/0";"Advanced Signature Properties";"高级签名属性";;
"0E5329A0/204/0";"Signature Details";"签名细节";;
"0E5329A0/205/0";"PAdES Signature Level:";"PAdES签名等级：";;
"0E5329A0/206/0";"Signature Algorithm:";"签名算法：";;
"0E5329A0/207/0";"Hash Algorithm: ";"Hash算法： ";;
"0E5329A0/208/0";"Timestamp Details";"时间戳细节";;
"0E5329A0/209/0";"Timestamp is embedded in the signature. Timestamps are signed just as documents are signed. For a timestamp signature to be valid you must have trusted the Timestamp Authority that signed the timestamp.";"时间戳是嵌入在签名内的。当文档被签署时，时间戳也被签署。对于一个用于验证的时间戳签名，您必须用可信任的时间戳服务器机构来签署时间戳。";;
"0E5329A0/210/0";"Click Show Certificate to view details regarding verification of the timestamp signature. Click Add to trusted certificates to trust it.";"点击“显示证书”查看关于时间戳签名验证的细节。点击“添加为可信任证书”使其可信赖。";;
"0E5329A0/211/0";"Timestamp Authority:";"时间戳服务机构：";;
"0E5329A0/212/0";"&amp;Show Certificate...";"显示证书(&amp;S)...";;
"0E5329A0/213/0";"&amp;Close";"关闭(&amp;C)";;
"0E5329A0/214/0";"Trusted Certificates";"受信任的证书";;
"0E5329A0/215/0";"Ed&amp;it...";"编辑(&amp;I)...";;
"0E5329A0/216/0";"&amp;Add...";"添加(&amp;A)...";;
"0E5329A0/217/0";"&amp;View...";"查看(&amp;V)...";;
"0E5329A0/218/0";"&amp;Export...";"导出(&amp;E)...";;
"0E5329A0/219/0";"&amp;Delete";"删除(&amp;D)";;
"0E5329A0/225/0";"&amp;Close";"关闭(&amp;C)";;
"0E5329A0/364/0";"Signature Validation Status";"签名验证结果";;
"0E5329A0/365/0";"TextLabel";"TextLabel";;
"0E5329A0/366/0";"&amp;Signature Properties...";"显示签名属性(&amp;S)...";;
"0E5329A0/367/0";"&amp;Cancel";"取消(&amp;C)";;
"0E5329A0/368/0";"Sign Document";"签署文档";;
"0E5329A0/369/0";"Sign &amp;As:";"签署身份(&amp;A)：";;
"0E5329A0/370/0";"I&amp;nfo...";"信息(&amp;N)...";;
"0E5329A0/371/0";"&amp;Password:";"密码(&amp;P)：";;
"0E5329A0/372/0";"Certificate Issuer:";"证书颁发者：";;
"0E5329A0/373/0";"Signature Preview";"签名预览";;
"0E5329A0/374/0";"Appearance T&amp;ype:";"外观类型(&amp;Y)：";;
"0E5329A0/375/0";"Crea&amp;te";"创建(&amp;T)";;
"0E5329A0/376/0";"Text For Signing";"文本签署";;
"0E5329A0/378/0";"L&amp;ocation:";"位置(&amp;O)：";;
"0E5329A0/377/0";"&amp;Reason:";"原因(&amp;R)：";;
"0E5329A0/415/0";"Page Range";"页面范围";;
"0E5329A0/416/0";"S&amp;ubset:";"子集(&amp;U)：";;
"0E5329A0/417/0";"Sample: 1,5-9,12";"范例：1,5-9,12";;
"0E5329A0/418/0";"Pa&amp;ges:";"页面(&amp;G)：";;
"0E5329A0/419/0";"of";"/";;
"0E5329A0/420/0";"All Page&amp;s";"所有页面(&amp;S)";;
"0E5329A0/379/0";"Lock &amp;Document After Signing";"在签名后锁定文档(&amp;D)";;
"0E5329A0/380/0";"P&amp;ermitted Actions After Certifying";"认证后允许的操作(&amp;E)";;
"0E5329A0/381/0";"Apply to &amp;Multiple Files";"应用于多个文件(&amp;M)";;
"0E5329A0/382/0";"Foxit PDF Editor";"福昕高级PDF编辑器";;
"0E5329A0/383/0";"You are about to create a fairly small signature on this document. If you want your signature to be more readable, click Start Over and drag out a larger area for the signature.";"您将在这个文件上创建一个相当小的签名。如果您希望您的签名更具可读性，请点击“重新开始”并拖出一个更大的区域用于签名。";;
"0E5329A0/384/0";"Do &amp;not show this message again";"不再显示该消息(&amp;N)";;
"0E5329A0/385/0";"&amp;Sign";"签名(&amp;S)";;
"0E5329A0/386/0";"S&amp;tart Over";"重新开始(&amp;T)";;
"0E5329A0/387/0";"Driver Path";"驱动器路径";;
"0E5329A0/388/0";"Please enter the driver path corresponding to the certificate:";"请输入对应证书的驱动器路径：";;
"0E5329A0/389/0";"&amp;Drive path:";"驱动器路径(&amp;D)：";;
"0E5329A0/390/0";"&amp;Browse...";"浏览(&amp;B)...";;
"0E5329A0/391/0";"Trusted Certificates Update";"受信任的证书更新";;
"0E5329A0/392/0";"Trusted Certificates, which improve your experience with signed documents, are available for download.\n\nWould you like to install them?";"可信任证书可以改善已签名文档所带来的体验，当前可进行下载。\n\n您想要现在进行安装吗？";;
"011923FC/1/0";"The Digital Signature plug-in provides a generic PDF file digital-signing service.";"数字签名插件提供通用PDF文件的数字签名服务。";;
"011923FC/2/0";"Copyright ? 2011-2026 Foxit Software Inc. All Rights Reserved.";"2011-2026 福昕软件 版权所有。";;
"011923FC/428/0";"PKCS#11 Cryptographic Token";"PKCS#11加密令牌";;
"011923FC/429/0";"Cryptoki Version";"Cryptoki版本";;
"011923FC/430/0";"Module Description";"模块说明";;
"011923FC/431/0";"Could not load the PKCS#11 module.";"不能加载PKCS#11模块。";;
"011923FC/432/0";"This %s module is already loaded.";"该模块已经加载了。";;
"011923FC/433/0";"Library Path";"库路径";;
"011923FC/434/0";"Library Version";"库版本";;
"011923FC/435/0";"This is a list of loaded %s modules. You can load additional modules to gain access to new cryptographic devices.";"这是已加载的%s模块的列表。您可以加载其他模块以访问新的加密设备。";;
"011923FC/436/0";"Manage %s Modules";"管理%s模块";;
"011923FC/437/0";"Module Manufacturer ID";"模块制作ID";;
"011923FC/383/0";"The return value from the driver shows the driver has been locked or the password is incorrect, please confirm the status of the SM2 hardware key and try again.";"驱动返回值显示驱动已被锁定或密码错误，请确认SM2硬件密钥状态后重试。";;
"011923FC/438/0";"PKCS#11 Modules and Tokens";"PKCS#11模块和令牌";;
"011923FC/439/0";"%s error";"%s错误";;
"011923FC/440/0";"error code: 0x%x";"错误码：0x%x";;
"011923FC/42/0";"You have placed an empty signature in the document, if you want it to take effect, you must sign document.";"您已经在文档中添加一个空白的签名，如果您想使它生效，您需要对文档进行签名。";;
"011923FC/384/0";"This is a %ls according to EU Regulation 910/2014";"根据欧盟法规910/2014，这是一个%ls";;
"011923FC/385/0";"This is a %ls according to EU Directive 1999/93/EC";"根据欧盟指令1999/93/EC，这是一个%ls";;
"011923FC/386/0";"Qualified Electronic Seal";"合格的电子印章";;
"011923FC/387/0";"Qualified Electronic Signature";"合格的电子签名";;
"011923FC/388/0";"Qualified Time Stamp";"合格的时间戳";;
"011923FC/389/0";"This certificate is Qualified according to %ls";"根据%ls，该证书是合格的";;
"011923FC/390/0";"EU Directive 1999/93/EC";"欧盟指令1999/93/EC";;
"011923FC/391/0";"The private key related to this certificate resides in a Qualified Signature Creation Device (QSCD)";"与此证书相关的私钥位于合格的签名创建设备(QSCD)中。";;
"011923FC/392/0";"The private key related to this certificate resides in a Secure Signature Creation Device (SSCD)";"与此证书相关的私钥位于安全签名创建设备(SSCD)中。";;
"011923FC/393/0";"EU Regulation 910/2014 Annex I";"欧盟法规910/2014附件I";;
"011923FC/394/0";"EU Regulation 910/2014 Annex III";"欧盟法规910/2014附件 III";;
"011923FC/395/0";"EU Regulation 910/2014 Annex IV";"欧盟法规910/2014附件IV";;
"011923FC/93/0";"Auto/Left to right/Right to left";"自动/从左到右/从右到左";;
"011923FC/409/0";"A signature was not created. To sign the document hold down the mouse button and draw out the area of the document in which you would like the signature to appear.";"没有创建签名。要签署文件，请按住鼠标按钮并绘制出文件中您希望出现签名的区域。";;
"011923FC/396/0";"Cannot access the right driver, please change the driver or change the SM2 Key.";"无法访问正确的驱动程序，请更改驱动程序或更改SM2密钥。";;
"011923FC/397/0";"Cannot find the SKF driver in the chosen directory, please confirm whether the driver directory is correct";"在所选目录下找不到SKF驱动，请确认驱动目录是否正确。";;
"011923FC/398/0";"Cannot find the SM2 Key, please insert it.";"无法找到SM2密钥，请插入。";;
"011923FC/399/0";"Incorrect PIN password, please try again, you have %d chance(s) left. ";"PIN密码错误，请重新输入，您还有%d次机会。";;
"011923FC/400/0";"Please input the PIN password.  ";"请输入PIN密码";;
"011923FC/451/0";"The SM cryptographic algorithm signature is available for paid users only. Please click &quot;Buy Now&quot; to purchase.";"SM密码算法签名仅对付费用户开放。请点击“立即购买”进行购买。";;
"011923FC/240/0";"Time Stamp Servers";"时间戳服务器";;
"011923FC/441/0";"Token Label";"令牌标签";;
"011923FC/442/0";"Model";"模型";;
"011923FC/443/0";"This list shows cryptographic tokens available from the selected %s module";"该列表显示所选%s模块中可用的加密令牌";;
"011923FC/444/0";"Serial Number";"序列号";;
"011923FC/445/0";"%s Tokens";"%s令牌";;
"011923FC/446/0";"Status";"状态";;
"011923FC/447/0";"Logged out";"登出";;
"011923FC/448/0";"Logged in";"登入";;
"011923FC/290/0";"Sign the whole document";"签名覆盖整个文档";;
"011923FC/405/0";"Add Verification Infor&amp;mation";"添加验证信息(&amp;M)";;
"011923FC/378/0";"%d bits";"%d  位";;
"011923FC/150/0";"The signer&apos;s identity is valid, but you have not trusted the signer&apos;s certificate for the purpose of creating certified documents.";"签名人的身份是有效的，但是您没有信任签名者的证书以创建认证的文档。";;
"011923FC/406/0";"Compare Signed Version to C&amp;urrent Version";"对比签名版本与当前版本(&amp;U)";;
"011923FC/352/0";"Create &amp;Multiple Copies...";"创建多个副本(&amp;M)...";;
"011923FC/353/0";"&amp;Use Current Properties as New Defaults";"设置当前属性为默认(&amp;U)";;
"011923FC/363/0";"Failed to remove the digital ID file.";"无法移除该数字证书文件。";;
"011923FC/58/0";"Details: The signature byte range is invalid";"详细：无效的签名字节范围";;
"011923FC/56/0";"Error during signature verification.";"验证签名时发生错误。";;
"011923FC/410/0";"Any extended key usage";"任意扩展密钥用途";;
"011923FC/411/0";"OCSP No Check";"OCSP未检查";;
"011923FC/412/0";"OCSP Nonce";"OCSP随机数";;
"011923FC/413/0";"OCSP Signing";"OCSP签名";;
"011923FC/414/0";"Client Authentication";"客户端验证";;
"011923FC/415/0";"Code Signing";"代码签名";;
"011923FC/416/0";"Email Protection";"邮件防护";;
"011923FC/417/0";"IPSec End System";"IPSec终端系统";;
"011923FC/418/0";"IPSec Tunnel";"IPSec隧道";;
"011923FC/419/0";"IPSec User";"IPSec用户";;
"011923FC/420/0";"Server Authentication";"服务端验证";;
"011923FC/421/0";"Time Stamping";"时间戳";;
"011923FC/282/0";"Expired Date";"过期日期";;
"011923FC/335/0";"All Supported Files (*.*)|*.fdf;*.xml;*.xfdf;*.txt;*.csv|PDF Form Data Files (*.fdf)|*.fdf|XML Files (*.xml)|*.xml|XFDF Files (*.xfdf)|*.xfdf|Text Files (*.txt)|*.txt|CSV Files (*.csv)|*.csv||";"所有可支持的文件(*.*)|*.fdf;*.xml;*.xfdf;*.txt;*.csv|PDF 表单数据文件 (*.fdf)|*.fdf|XML文件 (*.xml)|*.xml|XFDF 文件(*.xfdf)|*.xfdf|文本文件 (*.txt)|*.txt|CSV文件 (*.csv)|*.csv||";;
"011923FC/339/0";"PDF Form Data File (*.fdf)|*.fdf|Certificate Message Syntax - PKCS (*.p7c)|*.p7c|Certificate File (*.cer)|*.cer||";"PDF表单数据文件 (*.fdf)|*.fdf|证书消息语法 - PKCS (*.p7c)|*.p7c|证书文件 (*.cer)|*.cer||";;
"011923FC/334/0";"PDF Form Data Files (*.fdf)|*.FDF|All Files (*.*)|*.*||";"PDF表单数据文件(*.fdf)|*.FDF|所有文件(*.*)|*.*||";;
"011923FC/337/0";"XML Data Package Files (*.XDP)|*.xdp||";"XML数据包文件  (*.XDP)|*.xdp||";;
"011923FC/336/0";"All Files (*.*)|*.xml;*.xdp|XML Files (*.xml)|*.XML|XML Data Package Files (*.XDP)|*.xdp|CSV Files (*.csv)|*.csv||";"所有文件 (*.*)|*.xml;*.xdp|XML文件 (*.xml)|*.XML|XML 数据包文件 (*.XDP)|*.xdp|CSV文件 (*.csv)|*.csv||";;
"011923FC/338/0";"XML Files (*.xml)|*.XML||";"XML文件 (*.xml)|*.XML||";;
"011923FC/354/0";"&amp;Go to Signature Field";"转到签名域(&amp;G)";;
"011923FC/267/0";"Digitally certify the document with a visible signature";"使用可见签名数字证明文档";;
"011923FC/364/0";"Key usage";"密钥用途";;
"011923FC/365/0";"MD5 digest";"MD5摘要";;
"011923FC/366/0";"Private key";"私钥";;
"011923FC/367/0";"Public key";"公钥";;
"011923FC/368/0";"&lt;View details&gt;";"&lt;查看细节&gt;";;
"011923FC/369/0";"Serial number";"序列号";;
"011923FC/370/0";"SHA1 digest";"SHA1摘要";;
"011923FC/371/0";"SHA1 digest of public key";"公钥的SHA1摘要";;
"011923FC/372/0";"Signature algorithm";"签名算法";;
"011923FC/373/0";"Subject";"主题";;
"011923FC/374/0";"Validity ends";"有效期结束于";;
"011923FC/375/0";"Validity starts";"有效期开始于";;
"011923FC/376/0";"Value";"数值";;
"011923FC/377/0";"X.509 data";"X.509 数据";;
"011923FC/279/0";"Issued by";"颁发者";;
"011923FC/95/0";"Auto";"自动";;
"011923FC/4/0";"If you change the trusted settings, you will need to revalidate any signatures to see the changes. Trusting certificates directly from a document is not recommended. Are you sure you want to continue?";"如果更改信任的设置，则需要重新验证所有签名以查看更改。直接从文档中添加受信任的证书是不推荐的操作。您确认要继续吗？";;
"011923FC/3/0";"Foxit PDF Editor Security";"福昕高级PDF编辑器安全";;
"011923FC/246/0";"Non-Trusted Root";"不受信任的根";;
"011923FC/379/0";"Private key storage:";"私钥存储：";;
"011923FC/254/0";"Protect";"保护";;
"011923FC/178/0";"This signature includes SeedValue, some required field in SeedValue is missed, please check SeedValue.";"签名包含SeedValue，SeedValue所需要的一些域值丢失了，请检查SeedValue。 ";;
"011923FC/452/0";"The page selection is not valid. Please select a valid page range.";"页面选取非法，请重新选择页面范围。";;
"011923FC/71/0";"CAdES - Equivalent";"CAdES - 对等";;
"011923FC/213/0";"The selected certificate is not available, please re-select.";"所选择的数字证书不可用，请重新选择。";;
"011923FC/52/0";"The document has not been modified since this signature was certified.";"签名认证后，该文档未被修改。";;
"011923FC/49/0";"Document certification is VALID, signed by %ls.";"文档认证有效，由%ls签名。";;
"011923FC/45/0";"This is Windows Certification Store, if deleting certificate required by system, it may cause unexpected error.";"这是Windows的证书管理器，若删除系统所需的证书，可能会引起未知的错误。";;
"011923FC/68/0";"The certificate has exceeded the time of validity.";"该证书已经超出授权期限。";;
"011923FC/185/0";"your common name here";"您的常用名称";;
"011923FC/103/0";"Copy of";"复制";;
"011923FC/94/0";"Created";"创建时间";;
"011923FC/72/0";"Create &apos;%ls&apos; Signature";"创建“%ls”签名";;
"011923FC/212/0";"Create New Style";"创建新的样式";;
"011923FC/292/0";"&lt;Current Image&gt;";"&lt;Current Image&gt;";;
"011923FC/74/0";"Cut";"剪切";;
"011923FC/192/0";"Date: ";"日期： ";;
"011923FC/73/0";"Delete &apos;%ls&apos; Signature";"删除“%ls”签名";;
"011923FC/187/0";"DN: ";"DN： ";;
"011923FC/188/0";"your distinguished name here";"您的标识名";;
"011923FC/151/0";"This signature is invalid because there are errors in the formatting or information contained in this signature.";"该签名无效，因为签名中包含错误的格式或信息。";;
"011923FC/293/0";"Potential document security, at least one of the signatures is unsafe. Please contact document endorsers for verification.";"该文档存在安全隐患，至少一个签名是不安全的。请联系文档发布者验证。";;
"011923FC/101/0";"All fields/All fields except these/Just these fields";"全部区域/除了这些外的全部区域/只有这些区域";;
"011923FC/91/0";"Location";"位置";;
"011923FC/90/0";"Reason";"原因";;
"011923FC/92/0";"Data";"数据";;
"011923FC/89/0";"signed by";"签署者";;
"011923FC/87/0";"unsigned Signature field, click to sign";"未签署的签名域，点击进行签署";;
"011923FC/88/0";"Signature field is unsigned";"签名域未签署";;
"011923FC/152/0";"There is a leak in this digital signature document";"该数字签名文档有漏洞";;
"011923FC/191/0";"Location: ";"位置： ";;
"011923FC/193/0";"your signing location here";"您的签名位置";;
"011923FC/164/0";"Signature is LTV enabled";"签名已启用LTV";;
"011923FC/380/0";"Clear";"清除";;
"011923FC/107/0";"Signature Panel";"签名面板";;
"011923FC/114/0";"The validity of the document certification is UNKNOWN. The author could not be verified.";"文档证书的有效性未知。作者无法验证。";;
"011923FC/108/0";"Certified by %ls, certificate issued by %ls.";"认证：%ls，颁发机构：%ls";;
"011923FC/111/0";"Signed and all signatures are valid, but with unsigned changes after the last signature.";"已签署且所有签名有效，但在最后一次签名后进行了未签名的修改。";;
"011923FC/110/0";"At least one signature is invalid.";"至少一个签名无效。";;
"011923FC/109/0";"At least one signature requires validating.";"至少一个签名需要验证。";;
"011923FC/112/0";"At least one signature has problems.";"至少一个签名存在问题。";;
"011923FC/113/0";"Signed and all signatures are valid.";"已签署且所有签名有效。";;
"011923FC/457/0";"The signed document contains Optional Content Groups (OCGs). Layer visibility settings may affect its appearance.";"已签名的文档包含可选内容组 (OCGs)。图层可见性设置可能会影响其外观。";;
"011923FC/458/0";"Please verify that the displayed content matches either the view at signing or the expected view before proceeding.";"在继续之前，请验证显示的内容是否与签名时的视图或预期视图相匹配。";;
"011923FC/427/0";"Certify Document";"认证文档";;
"011923FC/207/0";"Digital Signature";"数字签名";;
"011923FC/206/0";"&amp;Certify Document";"认证文档(&amp;C)";;
"011923FC/43/0";"Certificates";"证书";;
"011923FC/183/0";"More than one unsigned field have been found, but only the first signature field will be signed, do you want to continue?";"找到不止一个未签名域，但是只有第一个签名可以被签名，您是否要继续？";;
"011923FC/75/0";"Move &apos;%ls&apos; Signature";"移动“%ls”签名";;
"011923FC/268/0";"Digitally certify the document with an invisible signature";"使用不可见签名数字证明文档";;
"011923FC/294/0";"Click to show Windows Certification Store";"点击显示Windows证书管理中心";;
"011923FC/266/0";"Sign the document with a digital signature";"使用数字签名签署文档";;
"011923FC/260/0";"Certif&amp;y without Visible Signature...";"使用不可见签名认证(&amp;Y)...";;
"011923FC/259/0";"Certi&amp;fy with Visible Signature...";"使用可见签名认证(&amp;F)...";;
"011923FC/273/0";"Digital IDs";"数字证书";;
"011923FC/257/0";"&amp;Place Signature...";"放置签名(&amp;P)...";;
"011923FC/295/0";"&amp;Secure";"安全(&amp;S)";;
"011923FC/296/0";"Si&amp;gnature Field";"签名域";;
"011923FC/258/0";"&amp;Sign Document...";"签署文档(&amp;S)...";;
"011923FC/297/0";"Validate Si&amp;gnatures";"验证签名";;
"011923FC/220/0";"Position is beyond the page.";"位置在页面之外。";;
"011923FC/222/0";"File error: not found or could not be opened.";"文件错误：没有找到或无法打开。";;
"011923FC/218/0";"No signature field.";"没有签名域。";;
"011923FC/219/0";"No corresponding page.";"没有对应的页面。";;
"011923FC/217/0";"No permission to sign or certify the file.";"没有签名或者认证文件的权限。";;
"011923FC/221/0";"The specified path has a file with the same name. Failed to create file.";"指定路径已经包含了一个同名文件。创建文件失败。";;
"011923FC/216/0";"Signature has been successfully applied to %d%[1] of %d%[2] PDF file.";"签名已成功应用到%d%[1]/%d%[2]个PDF文件中。";;
"011923FC/223/0";"User cancelled.";"用户已取消。";;
"011923FC/184/0";"Signing %ls...";"正在签署%ls...";;
"011923FC/224/0";" Destination path access is denied.";" 目标路径拒绝访问。";;
"011923FC/225/0";"This is a dynamic XFA PDF document. Please sign or certify it manually.";"这是一个动态XFA文档。请手动签名或者认证。";;
"011923FC/186/0";"Digitally signed by ";"数字签名由 ";;
"011923FC/44/0";"Do not show this message again";"不再显示该消息";;
"011923FC/46/0";"The certificates in the system are unavailable for signing.";"系统中的证书不能用于签名。";;
"011923FC/97/0";"Please select a picture as the icon.";"请选择一张图片作为图标。";;
"011923FC/298/0";"Please ";"请 ";;
"011923FC/165/0";"Signature is not LTV enabled and will expire after %ls";"签名未启用LTV，将在%ls后过期";;
"011923FC/284/0";"The &apos;%s%[1]&apos; signature handler could not support &apos;%s%[2]&apos; format.";"“%s%[1]”的签名处理器不能处理“%s%[2]”格式。";;
"011923FC/285/0";"The &apos;%ls&apos; signature handler could not be found.";"未发现“%ls”的签名处理器。";;
"011923FC/205/0";"No changes allowed/Form fill-in and digital signatures/Commenting, filling form, signing existing signature fields";"不允许更改/填写表单和数字签名/注释，填写表单和签署已存在的签名域";;
"011923FC/70/0";"PKCS#7 - Detached";"PKCS#7 - 分离";;
"011923FC/449/0";"PKCS#11 Modules(*.DLL)|*.DLL|";"PKCS#11模块(*.DLL)|*.DLL|";;
"011923FC/82/0";"Digital Signatures";"数字签名";;
"011923FC/83/0";"&amp;Digital Signatures";"数字签名(&amp;D)";;
"011923FC/86/0";"Signature Properties";"签名属性";;
"011923FC/76/0";"Change &apos;%ls&apos; Signature";"更改“%ls”的签名";;
"011923FC/102/0";"Signature";"签名";;
"011923FC/84/0";"Manage digital signatures";"管理数字签名";;
"011923FC/189/0";"Reason: ";"原因： ";;
"011923FC/208/0";"I am the author of this document/I have reviewed this document/I am approving this document/I am approving this document with my legally binding signature/I attest to the accuracy and integrity of this document/I agree to the terms defined by the placement of my signature in this document/I agree to specified parts of this document";"我是该文档所有者/我审阅了该文档/我正在批准该文档/我正在使用我的具有法律约束力的签名批准该文档/我证实该文档的准确性和完整性/我同意文档中放置我签名的条款/我同意文档中指定的部分";;
"011923FC/190/0";"your signing reason here";"您的签名原因";;
"011923FC/209/0";"Refresh ID List";"刷新ID列表";;
"011923FC/181/0";"PDF Files (*.pdf)|*.pdf||";"PDF 文件(*.pdf)|*.pdf||";;
"011923FC/182/0";"The document could not be saved. The file may be read-only, or opened by another user, please save the document with a different name or in a different folder.";"无法保存此文档。它可能是只读的，或者是正在被其它应用程序使用。请重命名文档或者在不同的文件夹下保存。";;
"011923FC/450/0";"Select PKCS#11 Module";"选择PKCS#11模块";;
"011923FC/253/0";"Create a signature field allowing users to sign a document";"创建一个签名域，允许用户用以签署文档";;
"011923FC/61/0";"There is a leak in this digital signature document, please contact the document provider.";"该数字签名文档有漏洞，请联系文档提供者。 ";;
"011923FC/100/0";"Signed";"签署";;
"011923FC/133/0";"When you directly trust a signer&apos;s certificate that is not issued by a root certificate authority, you should contact the signer to verify the certificate. Once you are confident that the signer is who he/she reports to be, then verify if the certificate is from the signer. For example, you can confirm the certificate&apos;s MD5 digest with the signer. (Use the Certificate Viewer to view the MD5 digest, and to import and directly trust the certificate. )";"当您直接信任一个由非根认证中心颁发的证书时，您应该联系签名者来核实证书。一旦您确信签名者身份，然后核实证书是否来自签名者。例如，您可以跟签名者确认证书的MD5值。（使用证书查看器查看MD5值，并导入和直接信任该证书。）";;
"011923FC/153/0";"The Signer&apos;s identify is invalid because it has expired or is not yet valid.";"签名者的身份证明无效，因为它已过期或尚未生效。";;
"011923FC/148/0";"The signer&apos;s identity is invalid.";"签名者身份无效。";;
"011923FC/64/0";"The signer&apos;s identity is valid.";"签名者身份有效。 ";;
"011923FC/149/0";"The signer&apos;s identity is valid, but revocation of the signer&apos;s identity could not be checked.";"签名者的身份是有效的，但是无法检查签名者身份的吊销状态。";;
"011923FC/65/0";"The signer&apos;s identity is unknown because of errors during validation.";"签名人的身份未知，因为验证期间出错。";;
"011923FC/175/0";"Never";"从不";;
"011923FC/162/0";"Field: %s%[1] on page %d%[2]";"域：%s%[1]在页面%d%[2]上";;
"011923FC/160/0";"Rev.%s%[1]:Signed by %s%[2]";"版本 %s%[1]：由%s%[2]签名";;
"011923FC/161/0";"Certified by %ls";"由%ls认证";;
"011923FC/158/0";"%s%[1] On Page %d%[2]";"%s%[1]在页面%d%[2]上";;
"011923FC/159/0";"Unsigned Signature Fields";"未签署的签名域";;
"011923FC/176/0";"Signature was not yet verified";"签名还未验证";;
"011923FC/156/0";"Last Checked: ";"最后检查时间： ";;
"011923FC/301/0";"Signer";"签名者";;
"011923FC/302/0";"Summary";"摘要";;
"011923FC/453/0";"This signature is unknown because the SM Cryptographic algorithm signature is available for paid users only.";"该签名未知，因为 SM 加密算法签名仅对福昕高级PDF编辑器用户开放。";;
"011923FC/79/0";"Standard Style";"标准样式";;
"011923FC/47/0";"- ";"- ";;
"011923FC/98/0";"All Supported Files|*.pdf;*.bmp;*.dib;*.jpg;*.jpeg;*.jpe;*.ico;*.gif;*.png;*.wmf;*.emf;*.tiff;*.tif|PDF file (*.pdf)|*.pdf|BMP(*.bmp,*.dib)|*.bmp;*.dib|JPEG(*.jpg,*.jpeg,*.jpe)|*.jpg;*.jpeg;*.jpe|ICO(*.ico)|*.ico|GIF(*.gif)|*.gif|PNG(*.png)|*.png|Windows Metafile(*.wmf,*.emf)|*.wmf;*.emf|TIFF (*.tiff,*.tif)|*.tiff;*.tif|";"所有可支持的文件|*.pdf;*.bmp;*.dib;*.jpg;*.jpeg;*.jpe;*.ico;*.gif;*.png;*.wmf;*.emf|PDF文件(*.pdf,)|*.pdf|BMP(*.bmp,*.dib)|*.bmp;*.dib|JPEG(*.jpg,*.jpeg,*.jpe)|*.jpg;*.jpeg;*.jpe|ICO(*.ico)|*.ico|GIF(*.gif)|*.gif|PNG(*.png)|*.png|Windows Metafile(*.wmf,*.emf)|*.wmf;*.emf|TIFF (*.tiff,*.tif)|*.tiff;*.tif|";;
"011923FC/304/0";"Di&amp;gital Signature";"数字签名";;
"011923FC/305/0";"Place an invisible signature and sign it ";"放置不可见的签名并认证文档 ";;
"011923FC/265/0";"Place a signature field and digitally sign the document";"放置一个签名域，并数字签署文档";;
"011923FC/306/0";"Validate Signatures";"验证签名";;
"011923FC/275/0";"Manage digital IDs through Windows certificate stores";"通过Windows证书管理器管理数字证书";;
"011923FC/307/0";"Digitally sign and certify a PDF file.";"数字签名并认证PDF文件。";;
"011923FC/96/0";"Signature style %ls already exists. ";"签名类型%ls已存在。 ";;
"011923FC/77/0";"Signature Field";"签名域";;
"011923FC/256/0";"Apply a digital signature and/or digitally certify the document";"应用数字签名和/或数字证明文件";;
"011923FC/272/0";"Validate all digital signatures";"验证所有数字签名";;
"011923FC/401/0";"Draw";"绘制";;
"011923FC/402/0";"Image";"图像";;
"011923FC/403/0";"Name";"名称";;
"011923FC/404/0";"None";"无";;
"011923FC/131/0";"The integrity of the document that was signed has not yet been verified.";"文档签名后的完整性未验证。";;
"011923FC/69/0";"The signer&apos;s identity has not yet been verified.";"签名者的身份未验证。";;
"011923FC/85/0";"Create Copies";"创建副本";;
"011923FC/67/0";"The signer&apos;s identity is unknown.";"签名者身份未知。";;
"011923FC/66/0";"The signer&apos;s identity is unknown because it has not been included in your list of trusted identities and none of its parent certificates are trusted identities.";"签名者身份未知，因为它和父证书都不包含在信任列表中。";;
"011923FC/308/0";"An error occurred while verifying the signature. Please contact the owner of this file.";"验证数字签名时发生错误。请联系文档作者。";;
"011923FC/155/0";"Certificate Details...";"证书细节...";;
"011923FC/309/0";"There have been subsequent changes to the document";"文档已有附加更改";;
"011923FC/55/0";"The document has been altered or corrupted since the Signature was applied.";"签名应用后，文档被修改或被损坏。";;
"011923FC/53/0";"Signature is INVALID.";"签名无效。";;
"011923FC/168/0";"Signature is invalid:";"签名无效：";;
"011923FC/281/0";"Signer&apos;s certificate is invalid";"签名者的证书无效";;
"011923FC/154/0";"Signature Details";"签名细节";;
"011923FC/50/0";"Signature validity is UNKNOWN.";"签名有效性未知。";;
"011923FC/48/0";"Signature is VALID, signed by %ls.";"签名有效，由%ls签署。";;
"011923FC/174/0";"Validity is unknown";"合法性未知";;
"011923FC/426/0";"Show Signature &amp;Properties...";"显示签名属性(&amp;P)...";;
"011923FC/355/0";"&amp;Clear Signature";"清除签名(&amp;C)";;
"011923FC/356/0";"&amp;Sign Document";"签署文档(&amp;S)";;
"011923FC/169/0";"There are some errors in the formatting or information contained in the signature";"签名的格式或者所包含的信息存在某些错误";;
"011923FC/357/0";"&amp;Validate Signature";"验证签名(&amp;V)";;
"011923FC/115/0";"%d Miscellaneous Change(s)";"%d个其他更改";;
"011923FC/62/0";"Signed by the current user.";"由当前用户签名。";;
"011923FC/63/0";"Certified by the current user.";"由当前用户认证。";;
"011923FC/51/0";"The document has not been modified since this signature was applied.";"签名应用后，该文档没有修改。";;
"011923FC/171/0";"Signature is unknown:";"签名未知：";;
"011923FC/170/0";"Document certification is unknown:";"文档证书未知：";;
"011923FC/172/0";"Signature is valid:";"签名有效：";;
"011923FC/173/0";"Document certification is valid:";"文档认证有效：";;
"011923FC/59/0";"This document has been modified since being certified, but these modifications are allowed and do not invalidate the signature.";"在签名后，该文档被更改过，但这些修改是允许的且不会使签名无效。";;
"011923FC/196/0";"Because this PDF contains signatures, Foxit can save additional information into the document so these signatures can be validated over a longer period of time. The size of the PDF may increase as a result.\n\nClick &quot;Yes&quot; to save the PDF with additional verification information.";"由于该PDF包含签名，福昕可在文档中添加其它信息，以便可长期验证这些签名。 因此，PDF的大小可能会增加。\n\n单击“是”可将其它验证信息保存到该PDF中。";;
"011923FC/210/0";"Cannot find the corresponding digital ID file in the configure file, please contact your IT manage to install correct digital ID file.";"在配置文件中找不到相应的数字证书文件，请联系您的IT管理员安装正确的数字证书文件。";;
"011923FC/39/0";"CRL";" CRL";;
"011923FC/10/0";"The selected certificate is considered invalid because it is found in the Certificate Revocation List (CRL) obtained online.";"所选的证书被认为是无效的，因为它能在在线获取到的证书撤销列表（CRL）中找到。";;
"011923FC/14/0";"The selected certificate is considered valid because it cannot be found in the Certificate Revocation List (CRL) obtained online.";"所选的证书被认为是有效的，因为它未在在线获取到的证书撤销列表（CRL）中找到。";;
"011923FC/360/0";"Fetching CRL From %ls";"正在从%ls提取CRL";;
"011923FC/351/0";"European Union Trusted Lists (EUTL)";"欧盟信任名单(EUTL)";;
"011923FC/350/0";"Foxit Approved Trust List (FATL)";"福昕批准的信任名单(FATL)";;
"011923FC/241/0";"The name &quot;%ls&quot; already exists. ";"该名称“%ls”已经存在了。";;
"011923FC/24/0";"The selected certificate is considered to be valid because it has the OCSP No-Check extension set.";"所选定的证书被认为是有效的，因为它具有OCSP的未检查可拓集合。";;
"011923FC/289/0";"The comparison plug-in is not loaded, please check whether it is loaded or installed.";"比较插件没有加载，请确认其是否已加载或者安装。";;
"011923FC/80/0";"You do not have access rights to this encrypted document.";"您没有权限访问该加密文件。";;
"011923FC/37/0";"OCSP Response";"OCSP响应";;
"011923FC/361/0";"Contacting %ls for OCSP based revocation checking";"联系%ls以进行基于OCSP的吊销检查";;
"011923FC/36/0";"OCSP response signature is invalid";"OCSP响应签名无效";;
"011923FC/32/0";"An attempt was made to determine whether the certificate is valid by doing a revocation check using the Online Certificate Status Protocol (OCSP).";"通过使用在线证书状态协议（OCSP）进行吊销检查，尝试确定证书是否有效。";;
"011923FC/147/0";"The signer&apos;s identity is invalid, because the selected certification path has an invalid policy constraint error.";"签名者的身份无效，因为所选的证书路径具有无效的策略约束错误。";;
"011923FC/27/0";"Failed to download CRL from %ls";"从%ls下载CRL失败";;
"011923FC/31/0";"Cannot open the CRL due to its incorrect format.";"由于错误的格式，CRL无法打开。";;
"011923FC/28/0";"CRL has expired or is not yet valid.";"CRL已过期或已无效。";;
"011923FC/11/0";"The selected certificate is considered invalid because it is found in the Certificate Revocation List (CRL) that is contained in the local cache.";"所选的证书被认为是无效的，因为它能在包含在本地缓存的证书撤销列表（CRL）中找到。";;
"011923FC/9/0";"The selected certificate is considered invalid because it is found in the Certificate Revocation List (CRL) that is embedded in the document.";"所选的证书被认为无效，因为它可以在嵌入到文档中的证书撤销列表（CRL）中找到。";;
"011923FC/8/0";"The selected certificate is considered invalid because it is found in the Certificate Revocation List (CRL) that is embedded in the signature.";"所选的证书被认为无效，因为它可以在嵌入到签名中的证书撤销列表（CRL）中找到。";;
"011923FC/13/0";"The selected certificate is considered valid because it cannot be found in the Certificate Revocation List (CRL) that is embedded in the document.";"所选的证书被认为是有效的，因为它不能在嵌入到文档中的证书撤销列表（CRL）中找到。";;
"011923FC/15/0";"The selected certificate is considered valid because it cannot be found in the Certificate Revocation List (CRL) that is contained in the local cache.";"所选的证书被认为是有效的，因为它不能在包含在本地缓存的证书撤销列表（CRL）中找到。";;
"011923FC/12/0";"The selected certificate is considered valid because it cannot be found in the Certificate Revocation List (CRL) that is embedded in the signature.";"所选的证书被认为是有效的，因为它不能在嵌入到签名中的证书撤销列表（CRL）中找到。";;
"011923FC/25/0";"There were errors encountered while building the certificate chain to a certificate designated as a trusted anchor. Revocation checks were therefore not performed on this certificate. See the message below for more details.";"在将证书链构建到指定为可信锚的证书上时，发生错误。因此吊销检查没有在该证书上执行。请参阅如下信息获取更多细节。";;
"011923FC/34/0";"The selected certificate does not chain up to a certificate designated as a trusted anchor (see the Trust Tab for details). The result is that revocation checks were not performed on this certificate.";"所选定的证书没有链接到指定为可信锚的证书（请参阅信任选项卡以获得详细信息）。因此，未对本证书执行吊销检查。";;
"011923FC/23/0";"The %s%[1] was signed by &quot;%s%[2]&quot; on %s%[3].\n\nClick Signer Details to find more information on the source of the revocation information.";"%s%[1] 是由&quot;%s%[2]&quot;签署在%s%[3]上的。\n\n单击签名者细节，以获得关于吊销信息来源的更多信息。";;
"011923FC/35/0";"The selected certificate does not provide information on how its revocation status can be verified. It cannot be determined whether this certificate is valid or whether it has been revoked.";"所选定的证书没有提供关于如何验证其吊销状态的信息。不能确定该证书是否有效，或者是否已被吊销。";;
"011923FC/18/0";"The selected certificate is considered invalid because it has been revoked as verified in real-time using the Online Certificate Status Protocol (OCSP) obtained online.";"所选的证书被认为是无效的，因为通过在线获取的OCSP进行实时验证时发现此证书已被吊销。";;
"011923FC/21/0";"The selected certificate is considered valid because it has not been revoked as verified in real-time using the Online Certificate Status Protocol (OCSP) obtained online.";"所选的证书被认为是有效的，因为通过在线获取的OCSP进行实时验证时发现此证书未被吊销。";;
"011923FC/41/0";"Self-signed and root certificates do not provide a mechanism for revocation checking.";"自签名和根证书不提供吊销检查的机制。";;
"011923FC/7/0";"The selected certificate is either a trust anchor or is a certificate above the trust anchor in the certificate chain (see the Trust tab for details). No revocation checks are done for such certificates, they are inherently considered trustworthy.";"所选定证书要么是信任锚，要么是证书链上信任锚点之上的证书（详细信息请参阅信任选项卡）。对于这样的证书，不会进行吊销检查，它们本质上被认为是值得信赖的。";;
"011923FC/22/0";"The %s%[1] was signed by &quot;%s%[2]&quot; on %s%[3] and is valid until %s%[4].\n\nClick Signer Details to find more information on the source of the revocation information.";"%s%[1] 是由&quot;%s%[2]&quot;于 %s%[3] 签署的，且其直到 %s%[4] 为止是有效的。\n\n点击签名者细节，以获得关于吊销信息来源的更多信息。";;
"011923FC/33/0";"Failed to request OCSP from %ls";"从%ls请求OCSP失败";;
"011923FC/29/0";"The selected certificate path has errors: Time invalid";"所选的证书路径有错误：时间无效";;
"011923FC/40/0";"The selected certificate is invalid";"所选定的证书无效";;
"011923FC/5/0";"Could not determine whether the selected certificate is valid";"无法确认所选定的证书是否有效";;
"011923FC/6/0";"Revocation checks were not performed";"吊销检查未执行";;
"011923FC/30/0";"The selected certificate has errors:Time invalid";"所选定的证书有错误：时间无效";;
"011923FC/38/0";"The selected certificate is valid";"选定的证书有效";;
"011923FC/362/0";"Check Revocation";"检查吊销";;
"011923FC/26/0";"An attempt was made to determine whether the certificate is valid by checking whether it appeared in any Certificate Revocation Lists (CRLs).";"通过检查证书是否出现在任何证书吊销列表（CRLs）中,尝试确定证书是否有效。";;
"011923FC/146/0";"The signer&apos;s identity was invalid at this time, due to the certificate has been revoked after checking.";"签名者的身份当前是无效的，因为证书在检查后被撤销了。";;
"011923FC/17/0";"The selected certificate is considered invalid because it has been revoked as verified in real-time using the Online Certificate Status Protocol (OCSP) that is embedded in the document.";"所选的证书被认为无效，因为通过嵌入在文档中的OCSP进行实时验证时发现此证书已被吊销。";;
"011923FC/407/0";"The selected certificate is considered invalid because it has been revoked as verified in real-time using the Online Certificate Status Protocol (OCSP) that is contained in the local cache.";"所选的证书被认为无效，因为通过包含在本地缓存中的在线证书状态协议（OCSP）进行实时验证时发现此证书已被吊销。";;
"011923FC/16/0";"The selected certificate is considered invalid because it has been revoked as verified in real-time using the Online Certificate Status Protocol (OCSP) that is embedded in the signature.";"所选的证书被认为无效，因为通过嵌入在签名中的OCSP进行实时验证时发现此证书已被吊销。";;
"011923FC/408/0";"The selected certificate is considered valid because it has not been revoked as verified in real-time using the Online Certificate Status Protocol (OCSP) that is contained in the local cache.";"所选的证书被认为是有效的，因为通过包含在本地缓存中的在线证书状态协议（OCSP）进行实时验证时发现此证书未被吊销。";;
"011923FC/20/0";"The selected certificate is considered valid because it has not been revoked as verified in real-time using the Online Certificate Status Protocol (OCSP) that is embedded in the document";"所选的证书被认为是有效的，因为通过嵌入在文档中的OCSP进行实时验证时发现此证书未被吊销。";;
"011923FC/19/0";"The selected certificate is considered valid because it has not been revoked as verified in real-time using the Online Certificate Status Protocol (OCSP) that is embedded in the signature.";"所选的证书被认为是有效的，因为通过嵌入在签名中的OCSP进行实时验证时发现此证书未被吊销。";;
"011923FC/348/0";"Source of Trust obtained from %s%[1] and %s%[2].";"信任来源来自于%s%[1]和%s%[2]。";;
"011923FC/349/0";"Source of Trust obtained from %ls.";"信任来源来自于%ls。";;
"011923FC/134/0";"tst Files (*.tst)|*.tst|";"tst文件 (*.tst)|*.tst|";;
"011923FC/195/0";"Verifying all signatures";"验证所有签名";;
"011923FC/425/0";"Verifying signature";"验证签名";;
"011923FC/287/0";"- Signed Version";"- 签名版本";;
"011923FC/283/0";"Successfully added selected signature verification information.";"成功添加了选定的签名验证信息。";;
"011923FC/202/0";"Document certified by %ls";"文档由%ls认证";;
"011923FC/201/0";"Signature invalid";"签名不合法";;
"011923FC/204/0";"Validity unknown";"有效性未知";;
"011923FC/203/0";"Signature valid";"签名合法";;
"011923FC/310/0";"Trusted Certificates, which improve your experience with signed documents, are available for download.\n\nWould you like to install them?";"可信任证书可以改善已签名文档所带来的体验，当前可进行下载。\n您想要现在进行安装吗？";;
"011923FC/291/0";"Required DLL file not found, please select &quot;PKCS#7 - Detached&quot; signature in the signature format or reinstall %ls to fix this issue.";"没有找到所需的DLL文件，请在签名格式中选择“PKCS#7-独立”签名或者重装%ls以便修复该问题。";;
"011923FC/163/0";"Click to view this version";"点击查看该版本";;
"011923FC/252/0";"Signature was created using %ls.";"使用%ls创建了签名。";;
"011923FC/127/0";"Signature was validated as of the current time: \n %ls";"签名已于当前时间验证：\n%ls";;
"011923FC/340/0";"Data Encipherment";"数据加密";;
"011923FC/124/0";"Signature is a document timestamp signature.";"该签名是一个文档时间戳签名。";;
"011923FC/244/0";"To timestamp a document, you need to choose a default timestamp server.  Please choose a default timestamp server and try again.";"如为一个文档添加时间戳，您需要选择一台默认的时间戳服务器。请选择默认时间戳服务器后重试。";;
"011923FC/197/0";"&amp;Don&apos;t show this message again";"不再显示该消息(&amp;D)";;
"011923FC/226/0";"Size";"大小";;
"011923FC/157/0";"%ls (invisible signature)";"%ls (不可见签名)";;
"011923FC/422/0";"CRL signing";"CRL签名";;
"011923FC/423/0";"Decipher only";"仅解密";;
"011923FC/424/0";"Encipher only";"仅加密";;
"011923FC/343/0";"Key Agreement";"密钥协议";;
"011923FC/344/0";"Key Cert Sign";"密钥证书签名";;
"011923FC/345/0";"Key Encipherment";"密钥加密";;
"011923FC/228/0";"List of Files";"文件列表";;
"011923FC/381/0";"Mac Integration";"Mac 集成";;
"011923FC/106/0";"Manage Trust";"管理信任";;
"011923FC/105/0";"Document has signatures from signers you haven&apos;t trusted yet. Press Manage Trust to review and trust these signers.";"文档中包含来自您尚未信任的签名者的签名。请点击信任管理查看并信任这些签名者。";;
"011923FC/104/0";"If this document came from a reputable source and you trust the identity of the signer, press the Trust Signer for Future Signatures button to add this signer to your list of trusted certificates and trust all future signatures from this same signer.";"如果该文档来源可信，且您信任签名者的身份，请按下“信任签名者未来的签名”按钮，将此签名者添加到您的可信任证书列表中，并信任来自此签名者未来的所有签名。";;
"011923FC/227/0";"Modified";"修改时间";;
"011923FC/119/0";"%s%[1] annot on Page %d%[2]";"%s%[1]标注位于第%d%[2]页";;
"011923FC/121/0";"Annotations Created";"标注被创建";;
"011923FC/120/0";"Annotations Deleted";"标注被删除";;
"011923FC/122/0";"Annotations Modified";"标注被修改";;
"011923FC/144/0";"File Attachment &quot;%ls&quot; Was Added";"文件附件&quot;%ls&quot;被添加";;
"011923FC/143/0";"File Attachment &quot;%ls&quot; Was Deleted";"文件附件&quot;%ls&quot;被删除";;
"011923FC/145/0";"File Attachment &quot;%ls&quot; Was Modified";"文件附件 &quot;%ls&quot; 被修改";;
"011923FC/142/0";"%d File Attachment Change(s)";"%d个文件附件被修改";;
"011923FC/137/0";"Field %s%[1] on page %d%[2]";"域：%s%[1]在第%d%[2]页上";;
"011923FC/139/0";"Form Fields Added";"表单域被添加";;
"011923FC/138/0";"Form Fields Deleted";"表单域被删除";;
"011923FC/140/0";"Form Fields Filled In";"表单域被填写";;
"011923FC/141/0";"Form Fields with Property Changes";"有属性更改的表单域";;
"011923FC/118/0";"%d Page(s) Added";"%d个页面被添加";;
"011923FC/117/0";"%d Page(s) Deleted";"%d个页面被删除";;
"011923FC/116/0";"%d Page(s) Modified";"%d个页面被修改";;
"011923FC/199/0";"Failed to create timestamp information. The timestamp server may not respond correctly.";"时间戳信息创建失败。时间戳服务器可能无法正确响应。";;
"011923FC/211/0";"New ID...";"新ID...";;
"011923FC/251/0";"Not available";"不可用";;
"011923FC/346/0";"Non Repudiation";"不可否认性";;
"011923FC/125/0";"Signing time is from the clock on the signer&apos;s computer.";"签名时间为签署者的计算机时钟时间。";;
"011923FC/99/0";"This file type is not supported. Please select a valid file.";"不支持这种文件类型。请选择一个合法的文件。";;
"011923FC/214/0";"Please enter the password! ";"请输入密码！ ";;
"011923FC/347/0";"Offline Crl Sign";"离线Crl签名";;
"011923FC/180/0";"PPDF Files (*.ppdf)|*.ppdf|";"PPDF文件(*.ppdf)|*.ppdf|";;
"011923FC/128/0";"Signature was validated as of the revocation information collection time:\n %ls";"签名从吊销信息收集时间起进行验证：\n %ls";;
"011923FC/263/0";"Certify with Visible Signature";"使用可见签名认证";;
"011923FC/264/0";"Certify without Visible Signature";"使用不可见签名认证";;
"011923FC/261/0";"Place Signature";"放置签名";;
"011923FC/255/0";"Sign &amp;&amp; Certify";"签名&amp;&amp;认证";;
"011923FC/262/0";"Sign Document";"签署文档";;
"011923FC/277/0";"Manage trusted certificates for digital signatures";"管理用于数字签名的受信任的证书";;
"011923FC/276/0";"&amp;Trusted Certificates";"受信任的证书(&amp;T)";;
"011923FC/271/0";"Validate";"验证";;
"011923FC/242/0";"Are you sure you want to delete this server entry? This timestamp server will no longer be available when signing.";"您确定您想要删除该服务器项目？这台时间戳服务器在签名时将不再可用。";;
"011923FC/237/0";"&amp;Set Default";"设为默认(&amp;S)";;
"011923FC/238/0";"C&amp;lear";"清空(&amp;L)";;
"011923FC/316/0";"Storage Mechanism";"存储机制";;
"011923FC/215/0";"Incorrect Password.";"密码错误。";;
"011923FC/328/0";"Before you delete your digital ID, ensure that it isn&apos;t used by other programs or required by any documents for decrypting. Your digital ID file will also be deleted from your %ls.\nDo you want to continue? ";"在您删除您的数字证书之前，请确认其没有被其它程序所使用或者用于解密任何文档。您的数字证书同样也会从您的%ls上进行删除。\r\n您是否想要继续？ ";;
"011923FC/325/0";"Attached is a &quot;Foxit PDF Editor FDF Data Exchange File from %ls&quot; that can be used for validating signatures and encrypting documents. Opening this file will start Foxit PDF Editor or Foxit Reader and prompt you to process the file. To open and process the file attachment, you need Foxit PhantomPDF 5.x, or Foxit Reader 5.x, or later versions.";"附件是一个可用于验证签名和加密文档的“源自%ls的福昕高级PDF编辑器FDF数据交换文件”。打开此文件将启动福昕高级PDF编辑器或福昕阅读器，并提示您处理该文件。要打开并处理文件附件，您需要福昕高级PDF编辑器 5.x或福昕阅读器 5.x或更高版本。";;
"011923FC/326/0";"Foxit PDF Editor FDF Data Exchange File from %ls";"源自%ls的福昕高级PDF编辑器数据交换文件";;
"011923FC/324/0";"CertExchange";"证书交换";;
"011923FC/327/0";"%ls\nThe file already exists. Do you want to replace existing file?";"%ls\n文件已存在。 您是否想要替换已有文件？";;
"011923FC/323/0";"Intended key usage: ";"预期的主要用途：";;
"011923FC/320/0";"Issuer: ";"颁发者：";;
"011923FC/342/0";"Not Specified";"未指定";;
"011923FC/319/0";"Name: ";"名称：";;
"011923FC/318/0";"Windows Certificate Store";"Windows证书存储中心";;
"011923FC/317/0";"Digital ID File";"数字证书文件";;
"011923FC/321/0";"Valid from: ";"生效期：";;
"011923FC/322/0";"Valid to: ";"失效期：";;
"011923FC/329/0";"Are you sure you want to delete the selected digital ID?";"您确定您想要删除选定的数字证书？";;
"011923FC/177/0";"Signature deleted at Rev.%d";"签名于修订版%d删除";;
"011923FC/179/0";"_signed";"_签署";;
"011923FC/126/0";"Signature was validated as of the signing time: \n %ls";"签名被确认的签署时间：\n%ls";;
"011923FC/286/0";"You are already viewing the current document covered by the selected signature.";"您已经在查看选定签名所覆盖的当前版本了。";;
"011923FC/60/0";"The revision of the document that was covered by this signature has not been altered; however, there have been subsequent changes to the document.";"该签名所覆盖的文档的修订本没有修改；但是有对文件做后续修改。";;
"011923FC/167/0";"The signature includes an embedded timestamp.";"该签名包含一个嵌入的时间戳。";;
"011923FC/129/0";"Signature was validated as of the secure(timestamp) time:\n %ls";"签名通过安全时间（时间戳）验证：\n%ls";;
"011923FC/135/0";"The signature includes an embedded timestamp. Timestamp time:\n %ls";"该签名包含一个嵌入的时间戳。时间戳时间：\n%ls";;
"011923FC/234/0";"Select one of the entries above and click %s%[1]  to view or change settings, or click %s%[3]  to add and configure a Time Stamp Server. Select a default server using %s%[2] . If you have selected a default server then a time stamp will be embedded with every signature that you create. ";"选择如上的任意条目，点击“%s%[1]”查看或者更改设置，或点击“ %s%[3]”添加并配置时间戳服务器。使用“%s%[2]”选择默认的服务器。如果您已经选择了默认服务器，那么此后您所创建的每一个签名都将嵌入一个时间戳。 ";;
"011923FC/231/0";"Configure Time Stamp Servers \n\n";"配置时间戳服务器 \n\n";;
"011923FC/232/0";"Configure a default %ls if you want to embed a trusted time stamp when signing. If you are in a workgroup, your computer administrator may provide you with Time Stamp Server configuration information. \n\n";"如果您想要在签名时嵌入一个受信任的时间戳，请配置默认的%ls。如果您处于工作组中，您的计算机管理员可能会提供给您时间戳服务器的配置信息。 \n\n";;
"011923FC/243/0";"Are you sure you want to make this server your new default server? This timestamp server will be used by default when signing.";"您确定您想要将该服务器作为您新的默认服务器？当签名时，将会默认使用该时间戳服务器。";;
"011923FC/233/0";"Time Stamp Server";"时间戳服务器";;
"011923FC/54/0";"Signature seems to be signed in future.";"该签名看起来将在未来被签署。";;
"011923FC/123/0";"Signature is a document timestamp signature but it is expired.";"该签名是一个文档的时间戳签名，但是已经过期。";;
"011923FC/200/0";"Generate Timestamp Error";"时间戳生成错误";;
"011923FC/166/0";"The signature includes an embedded timestamp but it is expired.";"该签名包含一个嵌入的已过期的时间戳。";;
"011923FC/270/0";"Add time stamp to the document";"在文档中添加时间戳";;
"011923FC/269/0";"Time Stamp Document";"时间戳文档";;
"011923FC/236/0";"Edit";"编辑";;
"011923FC/235/0";"New";"新建";;
"011923FC/229/0";"You must enter at least the name and the server URL to complete the configuration.";"您至少需要输入名称和服务器URL来完成配置。";;
"011923FC/230/0";"You must also enter a user name and password to complete the configuration.";"您必须输入一个用户名或者密码来完成配置。 ";;
"011923FC/239/0";"URL";"URL";;
"011923FC/130/0";"The signature includes an embedded timestamp but it is expired.  Timestamp time:\n %ls";"该签名包含一个嵌入的已过期的时间戳。时间戳时间：\n %ls";;
"011923FC/382/0";"Trust ALL root certificates in the Mac Certificate Store for:";"信任Mac证书存储区中的所有根证书：";;
"011923FC/247/0";"Are you sure you want to delete this Certificate?\nYou will no longer be able to verify the identity of the owner if you do.";"您确定您想要删除该证书？\n如果您这样做的话，此后将不再能够验证所有者的身份。";;
"011923FC/248/0";"Certificates (*.p7b,*.p7c,*.cer)|*.p7b;*.p7c;*.cer|";"证书(*.p7b,*.p7c,*.cer)|*.p7b;*.p7c;*.cer|";;
"011923FC/459/0";"Certificates (*.p7b,*.p7c,*.cer,*.crt)|*.p7b;*.p7c;*.cer;*.crt|";"证书 (*.p7b,*.p7c,*.cer,*.crt)|*.p7b;*.p7c;*.cer;*.crt|";;
"011923FC/249/0";"An unknown error occurred while importing the certificate.";"导入证书时发生未知错误。";;
"011923FC/250/0";"This certification cannot be used to sign this document since it cannot be added into the trusted certificates list. ";"该证书不能用于签署文档，它不能被添加到受信任的证书列表中。 ";;
"011923FC/136/0";"The signature includes an embedded timestamp but it could not be verified.";"该签名包含一个嵌入的时间戳，但是它无法被验证。";;
"011923FC/78/0";"Security settings have been successfully updated.";"安全设置已成功更新。";;
"011923FC/194/0";"Version";"版本";;
"011923FC/358/0";"Set Tab &amp;Order";"设置标签顺序(&amp;O)";;
"011923FC/280/0";"Trust";"信任";;
"011923FC/245/0";"Trusted Root";"受信任的根";;
"011923FC/57/0";"Unexpected byte range values defining scope of signed data.";"不可知的签名数据定义范围。";;
"011923FC/81/0";"Trusted Certificates Update";"受信任的证书更新";;
"011923FC/359/0";"View Signed Ve&amp;rsion";"查看签名版本(&amp;R)";;
"011923FC/454/0";"unknown";"未知";;
"011923FC/455/0";"Updating signature panel";"正在更新签名面板";;
"011923FC/456/0";"Initializing signature panel";"正在初始化签名面板";;
"03234A5D/1/0";"Dialog";"Dialog";;
"03234A5D/2/0";"Read Out Loud Options";"朗读选项";;
"03234A5D/3/0";"&amp;Volume:";"音量(&amp;V)：";;
"03234A5D/4/0";"Use &amp;default voice";"使用默认语音(&amp;D)";;
"03234A5D/5/0";"V&amp;oice:";"语音(&amp;O)：";;
"03234A5D/6/0";"Use default &amp;speech attribute";"使用默认朗读设置(&amp;S)";;
"03234A5D/7/0";"&amp;Pitch:";"音调(&amp;P)：";;
"03234A5D/8/0";"&amp;Rate:";"语速(&amp;R)：";;
"03234A5D/9/0";"Read &amp;comments";"朗读注释(&amp;C)";;
"03234A5D/10/0";"Read &amp;form fields";"朗读表单域(&amp;F)";;
"00BD1A5B/1/0";"The plugin is used to read the document out loud.";"该模块用于朗读文档。";;
"00BD1A5B/2/0";"Copyright ? 2010-2026 Foxit Software Inc. All Rights Reserved.";"2010-2026 福昕软件 版权所有。";;
"00BD1A5B/8/0";"Activate Read";"激活朗读";;
"00BD1A5B/9/0";"Deactivate Read to disable reading feature.";"停用朗读以禁用朗读功能";;
"00BD1A5B/7/0";"Deactivate Read";"停用朗读";;
"00BD1A5B/10/0";"Activate Read to enable reading feature.";"激活朗读以启动朗读功能。";;
"00BD1A5B/3/0";"Pause";"暂停";;
"00BD1A5B/12/0";"Pause reading out loud";"暂停朗读";;
"00BD1A5B/4/0";"Resume";"继续";;
"00BD1A5B/11/0";"Resume reading out loud";"继续朗读";;
"00BD1A5B/13/0";"You do not have permission to copy content from this document.";"您没有从该文档拷贝内容的权限。 ";;
"00BD1A5B/5/0";"Speech";"朗读";;
"00BD1A5B/6/0";"Speech language package was not found. Please check &apos;Control Panel\\\\Speech Recognition&apos; to install the package.";"未发现语音语言安装包。 请选择“控制面板\\语音识别”以完成文件安装。";;
"00167488/225/0";"string";"字符串";;
"00167488/226/0";"Copyright ? 2010-2026 Foxit Software Inc. All Rights Reserved.";"2010-2026 福昕软件 版权所有。";;
"00167488/7/0";"Cancel";"取消";;
"00167488/12/0";"No";"否";;
"00167488/6/0";"OK";"确定";;
"00167488/8/0";"&amp;Reset";"重置(&amp;R)";;
"00167488/11/0";"Yes";"是";;
"00167488/13/0";"Search";"搜索";;
"00167488/14/0";"Search&amp;Replace";"搜索&amp;替换";;
"00167488/10/0";"All Image Files";"所有图像文件";;
"00167488/9/0";"Image";"图像";;
"00167488/16/0";"%ls the current document";"%ls当前文档";;
"00167488/17/0";"%ls%[1] the file: %ls%[2]";"%ls%[1] 文件：%ls%[2]";;
"00167488/18/0";"%ls%[1] the page %d%[2]";"%ls%[1] 页面 %d%[2]";;
"00167488/19/0";"%ls%[1] on form named &apos;%ls%[2]&apos; on page %d%[3]";"%ls%[1] 位于名为“%ls%[2]”的表单（位于第 %d%[3]页）上";;
"00167488/20/0";"%ls%[1] on the screen on page %d%[2]";"%ls%[1]位于第 %d%[2] 页上的屏幕标注上";;
"00167488/21/0";"%ls%[1] on the media on page %d%[2]";"%ls%[1] 位于第 %d%[2] 页的多媒体上";;
"00167488/220/0";"%ls on the media";"%ls在多媒体上";;
"00167488/22/0";"%ls%[1] on the link on page %d%[2]";"%ls%[1] 位于第 %d%[2] 页上的链接";;
"00167488/23/0";"%ls%[1] on the bookmark &apos;%ls%[2]&apos;";"书签“%ls%[2]”上的 %ls%[1]";;
"00167488/24/0";"Document modification";"文档修改";;
"00167488/25/0";"Page modification";"页面修改";;
"00167488/26/0";"Field modification";"字段修改";;
"00167488/27/0";"Annotation modification";"注释修改";;
"00167488/28/0";"Modify the document&apos;s title from &apos;%ls%[1]&apos; to &apos;%ls%[2]&apos;";"将文档标题从“%ls%[1]”修改为“%ls%[2]”";;
"00167488/31/0";"Import data from &apos;%ls&apos;";"从“%ls”导入数据";;
"00167488/32/0";"Remove data object";"移除数据对象";;
"00167488/33/0";"Add file attachment";"添加文档附件";;
"00167488/34/0";"Remove template";"移除模板";;
"00167488/35/0";"Import data object";"导入数据对象";;
"00167488/36/0";"Add page template";"添加页面模板";;
"00167488/37/0";"Add watermark";"添加文档水印";;
"00167488/38/0";"Set visibility of page template named &apos;%ls%[1]&apos; from &apos;%ls%[2]&apos; to &apos;%ls%[3]&apos;";"将名为“%ls%[1]”的页面模板的可见性从“%ls%[2]”设置为“%ls%[3]”";;
"00167488/39/0";"Remove page(s) %ls";"移除第 %ls 页";;
"00167488/41/0";"Insert page(s) %ls%[1] from &apos;%ls%[2]&apos; as new page(s) %ls%[3] of the current document";"将“%ls%[2]”中的第 %ls%[1] 页插入为当前文档的第 %ls%[3] 页";;
"00167488/221/0";"Insert a new page as page %ls";"插入新页面作为第 %ls 页";;
"00167488/43/0";"Create page %d%[1] from the template named &apos;%ls%[2]&apos;";"从名为“%ls%[2]” 的模板创建第 %d%[1] 页";;
"00167488/44/0";"Resize page %d";"调整第 %d 页大小";;
"00167488/45/0";"Add the weblink on page(s) %ls";"在第 %ls 页上添加网页链接";;
"00167488/47/0";"Remove the weblink on page(s) %ls";"移除页面 %ls 上的网页链接";;
"00167488/49/0";"Rotate page %d%[1] from %ls%[2] degrees to %ls%[3] degrees";"将第 %d%[1] 页从 %ls%[2] 度旋转至 %ls%[3] 度";;
"00167488/50/0";"Move page %ls%[1] to page %ls%[2]";"将第 %ls%[1] 页移动到第 %ls%[2] 页";;
"00167488/51/0";"Replace page %ls%[1] of the current document with the page(s) %ls%[2] from &apos;%ls%[3]&apos;";"将当前文档的第 %ls%[1] 页替换为“%ls%[3]”中的第 %ls%[2] 页";;
"00167488/53/0";"Flat page(s) %ls";"扁平化页面 %ls";;
"00167488/55/0";"Add %ls%[1] on page %d%[2]";"在第%d%[2]页上添加%s%[1]";;
"00167488/56/0";"Delete the %ls%[1] on page %d%[2]";"删除第 %d%[2] 页上的 %ls%[1]";;
"00167488/222/0";"Remove all links on page %d";"移除页面 %d 上的所有链接";;
"00167488/57/0";"Modify the %ls%[1] of %ls%[2] from &apos;%ls%[3]&apos; to &apos;%ls%[4]&apos; on page %d%[5]";"将第 %d%[5] 页上 %ls%[2] 的 %ls%[1] 从“%ls%[3]” 修改为“%ls%[4]”";;
"00167488/58/0";"Modify the %ls%[1] of %ls%[2] to &apos;%ls%[3]&apos; on page %d%[4]";"将第 %d%[4] 页上的 %ls%[2] 的 %ls%[1] 修改为“%ls%[3]”";;
"00167488/59/0";"Modify the %ls%[1] of %ls%[2] on page %d%[3]";"修改第 %d%[3] 页上 %ls%[2] 的 %ls%[1]";;
"00167488/60/0";"Add a form field named &apos;%ls%[1]&apos; on page %d%[2]";"在第 %d%[2] 页上添加名为“%ls%[1]” 的表单域";;
"00167488/61/0";"Delete the form field named &apos;%ls%[1]&apos; on page %d%[2]";"删除第 %d%[2] 页上名为“%ls%[1]”的表单域";;
"00167488/62/0";"Modify the %ls%[1] of form field named &apos;%ls%[2]&apos; from &apos;%ls%[3]&apos; to &apos;%ls%[4]&apos; on page %d%[5]";"将第%d%[5]页上名为“%ls%[2]”的表单域的 %ls%[1] 从“%ls%[3]”修改为“%ls%[4]”";;
"00167488/63/0";"Modify the %ls%[1] of form field named &apos;%ls%[2]&apos; to &apos;%ls%[3]&apos; on page %d%[4]";"将第%d%[4]页 上名为“%ls%[2]”的表单域的 %ls%[1] 修改为“%ls%[3]”";;
"00167488/64/0";"Modify the %ls%[1] of form field named &apos;%ls%[2]&apos; on page %d%[3]";"修改第%d%[3] 页上名为“%ls%[2]”的表单域的 %ls%[1]";;
"00167488/65/0";"Reset the values of the form named &apos;%ls&apos;";"重置名为“%ls”的表单的值";;
"00167488/66/0";"Reset the values of all forms";"重置所有表单的值";;
"00167488/67/0";"Alignment";"对齐";;
"00167488/68/0";"left";"左对齐";;
"00167488/69/0";"center";"居中";;
"00167488/70/0";"right";"右对齐";;
"00167488/71/0";"Border Style";"边框样式";;
"00167488/72/0";"solid";"实线";;
"00167488/73/0";"beveled";"斜面";;
"00167488/74/0";"dashed";"虚线";;
"00167488/75/0";"inset";"内凹";;
"00167488/76/0";"underline";"下划线";;
"00167488/77/0";"Button X-axis Alignment";"按钮 X 轴对齐";;
"00167488/78/0";"Button Y-axis Alignment";"按钮 Y 轴对齐";;
"00167488/79/0";"Button Fit to Bounds";"按钮适合边界";;
"00167488/80/0";"Button Position";"按钮位置";;
"00167488/81/0";"text only";"仅文本";;
"00167488/82/0";"icon only";"仅图标";;
"00167488/83/0";"icon top, text bottom";"图标在上方，文字在下方";;
"00167488/84/0";"text top, icon bottom";"文字在上方，图标在下方";;
"00167488/85/0";"icon left, text right";"图标在左边，文字在右边";;
"00167488/86/0";"text left, icon right";"图标在右边，文字在左边";;
"00167488/87/0";"text in icon(overlaid)";"图标中的文本（覆盖）";;
"00167488/88/0";"Button Scaling Method";"按钮缩放方法";;
"00167488/89/0";"proportional";"比例";;
"00167488/90/0";"anamorphic";"变形";;
"00167488/91/0";"Button Scaling Trigger";"按钮缩放触发器";;
"00167488/92/0";"always";"总是";;
"00167488/93/0";"never";"从不";;
"00167488/94/0";"too big";"太大";;
"00167488/95/0";"too small";"太小";;
"00167488/96/0";"Character Limit";"字符限制";;
"00167488/97/0";"Combo Input Field";"组合输入字段";;
"00167488/98/0";"Selection Change";"选项更改";;
"00167488/99/0";"Default Style";"默认类型";;
"00167488/100/0";"Default Value";"默认值";;
"00167488/101/0";"Disable Scrolling";"禁用滚动";;
"00167488/102/0";"Disable Spell Check";"禁用拼写检查";;
"00167488/103/0";"Doc delay flag updated from &apos;%ls%[1]&apos; to &apos;%ls%[2]&apos;";"文档延迟标志已从“%ls%[1]”更新为“%ls%[2]”";;
"00167488/104/0";"Display mode";"显示模式";;
"00167488/105/0";"visible";"可见的";;
"00167488/106/0";"hidden";"隐藏";;
"00167488/107/0";"noPrint";"无打印";;
"00167488/108/0";"noView";"无视图";;
"00167488/109/0";"Editability";"可编辑性";;
"00167488/110/0";"Fill Color";"填充色";;
"00167488/111/0";"Hidden Status";"隐藏状态";;
"00167488/112/0";"Highlight Status";"高亮状态";;
"00167488/113/0";"none";"无";;
"00167488/114/0";"invert";"反色";;
"00167488/115/0";"push";"推出";;
"00167488/116/0";"outline";"边框";;
"00167488/117/0";"toggle";"切换";;
"00167488/118/0";"Line Width";"线宽";;
"00167488/119/0";"Multiline Mode";"多行模式";;
"00167488/120/0";"Multiple Selection Mode";"多选模式";;
"00167488/121/0";"Password Mode";"密码模式";;
"00167488/122/0";"Position and Size";"位置和大小";;
"00167488/123/0";"Required Field";"必填字段";;
"00167488/124/0";"Rich Text Mode";"富文本模式";;
"00167488/125/0";"Rich Value";"富值";;
"00167488/126/0";"Rotation Angle";"旋转角度";;
"00167488/127/0";"Border Color";"边框颜色";;
"00167488/128/0";"Normal State Caption";"正常状态标题";;
"00167488/129/0";"circle";"圆形";;
"00167488/130/0";"cross";"叉";;
"00167488/131/0";"diamond";"菱形";;
"00167488/132/0";"square";"正方形";;
"00167488/133/0";"star";"星形";;
"00167488/134/0";"check";"对勾";;
"00167488/135/0";"Text Color";"文本颜色";;
"00167488/136/0";"Text Font";"文本字体";;
"00167488/137/0";"Text Size";"文字大小";;
"00167488/138/0";"User Name";"用户名称";;
"00167488/139/0";"Value";"数值";;
"00167488/140/0";"Pressed State Caption";"按下状态标题";;
"00167488/141/0";"Hover State Caption";"悬停状态标题";;
"00167488/142/0";"Button Icon Setting";"按钮图标设置";;
"00167488/143/0";"Check This Checkbox";"勾选此复选框";;
"00167488/144/0";"Clear Items";"清除条目";;
"00167488/145/0";"Default Checked State";"默认选中状态";;
"00167488/146/0";"Delete Item at Position";"删除位置项";;
"00167488/147/0";"Insert Item at Position";"位置插入条目";;
"00167488/148/0";"Start Arrow Style";"开始箭头样式";;
"00167488/149/0";"End Arrow Style";"结束箭头样式";;
"00167488/150/0";"Attached Icon";"附件图标";;
"00167488/151/0";"Border Effect Intensity";"边界效果强度";;
"00167488/152/0";"Border Effect Style";"边框效果样式";;
"00167488/153/0";"Callout Style";"注释框样式";;
"00167488/154/0";"Caret Symbol";"插入符号";;
"00167488/155/0";"Content";"内容";;
"00167488/156/0";"Dash Style";"虚线样式";;
"00167488/157/0";"Show Caption";"显示标题";;
"00167488/158/0";"Gestures";"手势";;
"00167488/159/0";"Intent";"方法";;
"00167488/160/0";"Leader Extension Length";"引线延伸长度";;
"00167488/161/0";"Leader Length";"引线长度";;
"00167488/162/0";"Line Ending Style";"行尾样式";;
"00167488/163/0";"Note icon";"注释图标";;
"00167488/164/0";"Toggle Non-Visible State";"切换不可见状态";;
"00167488/165/0";"Opacity";"不透明度";;
"00167488/166/0";"Points";"点";;
"00167488/167/0";"Quadrilateral Areas";"四边形面积";;
"00167488/168/0";"Rich Text Default Settings";"富文本默认设置";;
"00167488/169/0";"Rich Text Content";"富文本内容";;
"00167488/170/0";"Sound Icon";"声音图标";;
"00167488/171/0";"Subject";"主题";;
"00167488/172/0";"Vertices";"顶点";;
"00167488/173/0";"Layout Height";"布局高度";;
"00167488/174/0";"Layout Width";"布局宽度";;
"00167488/175/0";"X Position (Parent-relative)";"X 位置（父相关）";;
"00167488/176/0";"Y Position (Parent-relative)";"Y 位置（父相关）";;
"00167488/177/0";"Text Strikethrough";"文本删除线";;
"00167488/178/0";"Horizontal Text Alignment";"水平文本对齐";;
"00167488/179/0";"Font Typeface";"字体";;
"00167488/180/0";"Font Horizontal Scale";"字体缩放比例";;
"00167488/181/0";"First-Line Text Indent";"首行文本缩进";;
"00167488/182/0";"Left Inset (Field Internal Spacing)";"左侧内凹（字段内部间距）";;
"00167488/183/0";"Bottom Inset (Field Internal Spacing)";"底部内凹（字段内部间距）";;
"00167488/184/0";"Rich Text Permission";"富文本权限";;
"00167488/185/0";"Top Inset (Field Internal Spacing)";"顶部内凹（字段内部间距）";;
"00167488/186/0";"Content Access Permission";"内容访问权限";;
"00167488/187/0";"Right Paragraph Margin";"右段落边距";;
"00167488/188/0";"Text Underline";"文本下划线";;
"00167488/189/0";"Font Baseline Shift";"字体基线偏移";;
"00167488/190/0";"Overline Appearance";"上划线外观";;
"00167488/191/0";"Maximum Decimal Places";"最大小数位数";;
"00167488/192/0";"Left Paragraph Margin";"左边距";;
"00167488/193/0";"Border Line Appearance";"边界线外观";;
"00167488/194/0";"Object Processing Presence";"对象处理存在";;
"00167488/195/0";"Vertical Space Below Paragraph";"段落下方的垂直间距";;
"00167488/196/0";"Input Character Limit";"输入字符限制";;
"00167488/197/0";"Character Spacing";"字符间距";;
"00167488/198/0";"Password Mask Character";"密码掩码字符";;
"00167488/199/0";"Vertical Text Alignment";"垂直文本对齐";;
"00167488/200/0";"Maximum Layout Height";"最大布局高度";;
"00167488/201/0";"Maximum Layout Width";"最大布局宽度";;
"00167488/202/0";"Minimum Layout Height";"最小布局高度";;
"00167488/203/0";"Minimum Layout Width";"最小布局宽度";;
"00167488/204/0";"Element Layout Strategy";"元素布局策略";;
"00167488/205/0";"Right Inset (Field Internal Spacing)";"右侧内凹（字段内部间距）";;
"00167488/206/0";"Drop-Down List Trigger Timing";"下拉列表触发时间";;
"00167488/207/0";"Strikethrough Appearance";"删除线外观";;
"00167488/208/0";"Checkbox Shape";"复选框形状";;
"00167488/209/0";"Font Vertical Scale";"字体垂直缩放";;
"00167488/210/0";"Border Line Thickness";"边框线粗细";;
"00167488/211/0";"Content Locale";"内容区域设置";;
"00167488/212/0";"Font Weight";"字体粗细";;
"00167488/213/0";"Underline Appearance";"下划线外观";;
"00167488/214/0";"Text Overline";"文本上划线";;
"00167488/215/0";"Paragraph Line Height";"段落行高";;
"00167488/216/0";"Text Content Encoding";"文本内容编码";;
"00167488/217/0";"Maximum Integer Digits";"最大整数位数";;
"00167488/218/0";"Vertical Space Above Paragraph";"段落上方的垂直间距";;
"00167488/219/0";"Caption Placement";"标题放置";;
"00167488/223/0";"Add list item named &apos;%ls%[1]&apos; to form field named &apos;%ls%[2]&apos; on page %d%[3]";"将名为“%ls%[1]”的列表项添加第 %d%[3] 页上名为“%ls%[2]”的表单域";;
"00167488/224/0";"Remove list item named &apos;%ls%[1]&apos; from form field named &apos;%ls%[2]&apos; on page %d%[3]";"从第 %d%[3] 页上名为“%ls%[2]”的表单域中删除名为“%ls%[1]”的列表项";;
"00167488/227/0";"The entire document";"整个文档";;
"00167488/228/0";"Current page";"当前页面";;
"00167488/229/0";"Measurement Precision";"测量精度";;
"00167488/230/0";"Zoom";"缩放";;
"00167488/231/0";"Scroll";"滚动";;
"08A942D0/1/0";"The TickMark plugin is used to add a Tick Symbol in the document.";"TickMark插件用于在文档中添加一个项目标记。";;
"08A942D0/2/0";"Copyright ? 2024-2026 Foxit Software Inc. All Rights Reserved.";"2024-2026 福昕软件 版权所有。";;
"08A942D0/20/0";"All marks with the same style and color";"所有标记都具有相同的样式和颜色";;
"08A942D0/19/0";"This mark only";"仅此标记";;
"08A942D0/18/0";"Apply to:";"适用于：";;
"08A942D0/3/0";"Custom Color";"自定义颜色";;
"08A942D0/4/0";"Switch color";"切换颜色";;
"08A942D0/5/0";"Hide comment format panel";"隐藏注释格式面板";;
"08A942D0/6/0";"Next";"下一个";;
"08A942D0/7/0";"Previous";"上一个";;
"08A942D0/8/0";"Display comment format panel";"显示注释格式面板";;
"08A942D0/21/0";"Preview";"预览";;
"08A942D0/9/0";"Auto-Increment";"自动递增";;
"08A942D0/10/0";"Place letters, and jump between letters of the same style and color.";"放置字母，并在相同风格和颜色的字母之间跳转。";;
"08A942D0/11/0";"Letters";"字母";;
"08A942D0/12/0";"Place numbers, and jump between numbers of the same style and color.";"放置数字，并在相同风格和颜色的数字之间跳转。";;
"08A942D0/13/0";"Numbers";"数字";;
"08A942D0/14/0";"Size";"大小";;
"08A942D0/15/0";"Place symbols, and jump between symbols of the same style and color.";"放置符号，并在相同风格和颜色的符号之间跳转。";;
"08A942D0/16/0";"Symbols";"符号";;
"08A942D0/17/0";"TickMark";"项目标记";;
"08A942D0/22/0";"Style";"样式";;
"08A942D0/23/0";"Agrees/Approximates/Carry Forward/Confirmed/Cross Footed/Duplicate - Conflicting/Duplicate/Equals/Exception/Financial Statement/Footed/General Ledger/Greater Than/Immaterial/Less Than/No Tax Effect/Not Applicable/Not Equal/Permanent File/Prepared By Client/Prepared/Prior Year Tax Return/Prior Year/Recalculated/Reviewed/Same As Last Year/Subsequently Received/Sum/Tax Return/Trial Balance";"一致/近似/结转/确认/交叉核对/重复-冲突/重复/等于/异常/财务报表/核对/总账/大于/不重要的/小于/无税收影响/不适用/不等于/永久文件/客户编制/编制/上年度纳税申报表/上年度/重新计算/审核/与去年相同/后续收到/总和/纳税申报表/试算平衡";;
"08A942D0/24/0";"Change &apos;%ls&apos; Color";"更改“%ls”颜色";;
"08A942D0/25/0";"Create &apos;%ls&apos;";"创建“%ls”";;
"08A942D0/26/0";"Delete &apos;%ls&apos;";"删除“%ls”";;
"08A942D0/27/0";"Move &apos;%ls&apos;";"移动“%ls”";;
"08A942D0/28/0";"Custom Number";"自定义数字";;
"03163E7C/1/0";"Check Spelling";"拼写检查";;
"03163E7C/9/0";"Cancel";"取消";;
"03163E7C/5/0";"&amp;Ignore";"忽略(&amp;I)";;
"03163E7C/4/0";"S&amp;uggestions:";"建议(&U)：";;
"03163E7C/7/0";"C&amp;hange";"更改(&amp;H)";;
"03163E7C/3/0";"&amp;Change To:";"更改为(&amp;C)：";;
"03163E7C/2/0";"&amp;Suspect:";"疑似错误(&amp;S)：";;
"03163E7C/6/0";"I&amp;gnore All";"忽略全部(&amp;G)";;
"03163E7C/8/0";"&amp;Add to Dictionary";"添加至字典(&amp;A)";;
"03163E7C/10/0";"Foxit PDF Editor";"福昕高级PDF编辑器";;
"03163E7C/11/0";"text text";"文本 文本";;
"03163E7C/12/0";"This page contains non-editable text. If you would like to edit the text on this page, please run OCR in &quot;Edit Text&quot; mode by clicking &quot;Recognize Text&quot;.";"该页面包含不可编辑的文本。如果您想编辑该页面上的文本，请在“编辑文本”模式下点击“识别文本”来运行OCR。";;
"03163E7C/13/0";"&amp;Do not show this message again";"不再显示该消息(&amp;D)";;
"03163E7C/15/0";"Dialog";"Dialog";;
"03163E7C/16/0";"Editing";"编辑";;
"03163E7C/19/0";"inch";"英寸";;
"03163E7C/18/0";"Indent &amp;Unit:";"缩进单位(&amp;U)：";;
"03163E7C/17/0";"&amp;Show changed text in:";"用以下颜色显示修改过的文本(&amp;S)：";;
"03163E7C/20/0";"Editing Scanned Document";"编辑扫描的文档";;
"03163E7C/21/0";"&amp;Alert when there&apos;s no editable text when using &apos;Edit Text&apos; tool";"使用“编辑文本”工具时如文档中不存在可编辑的文本则弹出提示(&amp;A)";;
"03163E7C/22/0";"&amp;Recognize Text";"识别文本(&amp;R)";;
"03163E7C/29/0";"&amp;Make All the Pages Editable";"使所有页面可编辑(&amp;M)";;
"03163E7C/24/0";"Scanned Document Editing Settings";"扫描文档的编辑设置";;
"03163E7C/25/0";"Recognize Text in:";"使用如下语言识别文本：";;
"03163E7C/26/0";"Current language(s) used for recognizing text:";"用于识别文本的当前语言：";;
"03163E7C/27/0";"&amp;Use Available System Font";"使用可用的系统字体(&amp;U)";;
"03163E7C/28/0";"&amp;Make All the Pages Editable";"使所有页面可编辑(&amp;M)";;
"0A036D1B/111/0";"The plugin is used to edit document text and text format.";"该插件用于编辑文档中的文本和文本格式。";;
"0A036D1B/112/0";"Copyright ? 2011-2026 Foxit Software Inc. All Rights Reserved.";"2011-2026 福昕软件 版权所有。";;
"0A036D1B/58/0";"&amp;Cancel";"取消(&amp;C)";;
"0A036D1B/57/0";"&amp;OK";"确定(&amp;O)";;
"0A036D1B/95/0";"You cannot add more text to this textbox. It has reached the end of the page.\nTo reflow text to the next page, use the &quot;Link &amp; Join Text&quot; tool to link this textbox to one on the next page.";"您无法继续在此文本框内输入文本。已经到达了页面的最末端。\n如想要将文字重排到下一页，请使用”链接&amp;合并文本“工具将该文本框链接到下一页中的文本框中。";;
"0A036D1B/84/0";"Cancelling?";"正在取消…";;
"0A036D1B/85/0";"Analyzing document structure...";"正在分析文档结构...";;
"0A036D1B/77/0";"&amp;Edit Text";"编辑文本(&amp;E)";;
"0A036D1B/122/0";"The original document fonts are not available, and Format Painter may not be effective for some content.";"原始文档字体不可用，并且格式刷可能对某些内容无效。";;
"0A036D1B/91/0";"Join Text Boxes";"合并文本框";;
"0A036D1B/93/0";"Link Text Boxes";"链接文本框";;
"0A036D1B/73/0";"Edit Content";"编辑内容";;
"0A036D1B/92/0";"Split Text Boxes";"拆分文本框";;
"0A036D1B/94/0";"Unlink Text Boxes";"取消链接文本框";;
"0A036D1B/67/0";"Unlink";"取消链接";;
"0A036D1B/116/0";"Add new text to current page";"在当前页添加新的文本";;
"0A036D1B/115/0";"Add Text";"添加文本";;
"0A036D1B/76/0";"Check this option to convert all pages of a scanned document to editable text and images in a single operation.";"勾选该选项可将扫描文档中的全部页面一次性转换为可编辑的文本和图像。";;
"0A036D1B/113/0";"&amp;Recognize Text";"识别文本(&amp;R)";;
"0A036D1B/114/0";"&amp;Settings";"设置(&amp;S)";;
"0A036D1B/72/0";"Exit Link&amp;&amp;Join Text mode";"退出“链接&amp;&amp;合并”文本模式";;
"0A036D1B/71/0";"Close";"关闭";;
"0A036D1B/99/0";"Edit text";"编辑文本";;
"0A036D1B/59/0";"Format";"格式";;
"0A036D1B/74/0";"Edit";"编辑";;
"0A036D1B/88/0";"Edit Text Tool is not available on vertical text objects. Use the Edit Object tool to edit this text.";"编辑文本工具不可用于竖直文本对象上。请使用编辑对象工具进行文本编辑。";;
"0A036D1B/61/0";"Join";"合并";;
"0A036D1B/104/0";"Click to choose text block(s), right click to join or split the block(s)";"单击鼠标选择文本块，右键点击选择合并或者分割文本";;
"0A036D1B/62/0";"Join the selected text blocks into one text block";"合并所选定的文本块";;
"0A036D1B/60/0";"Join &amp;&amp; Split";"合并&amp;&amp;拆分";;
"0A036D1B/100/0";"Join/split paragraphs";"合并/拆分段落";;
"0A036D1B/103/0";"Link &amp;&amp; Join Text";"链接&amp;&amp;合并文本";;
"0A036D1B/65/0";"Link";"链接";;
"0A036D1B/66/0";"Link the selected text blocks so text flows from one into another";"链接所选定的文本块";;
"0A036D1B/108/0";"Link &amp;&amp; Unlink";"链接&amp;&amp;取消链接";;
"0A036D1B/109/0";"no color";"无颜色";;
"0A036D1B/87/0";"Cannot join. These text boxes are not contiguous.";"不能合并。这些文本块不是连续的。";;
"0A036D1B/110/0";"other color";"其它颜色";;
"0A036D1B/89/0";"The value is too big and text will overflow the page boundary. The maximum value is %.2f.";"数值太大，文本将溢出页面边界。最大值为%.2f。";;
"0A036D1B/83/0";"Editing";"编辑";;
"0A036D1B/107/0";"Join&amp;Split";"合并&amp;拆分";;
"0A036D1B/69/0";"Select None";"取消选择";;
"0A036D1B/101/0";"Edit Text";"编辑文本";;
"0A036D1B/70/0";"Cancel the selection of text blocks";"取消选择文本块";;
"0A036D1B/106/0";"Check the spelling of text in the document.";"检查文档中文本的拼写";;
"0A036D1B/96/0";"Spell check finished.";"拼写检查结束。";;
"0A036D1B/97/0";"Spell check finished. However, spell checking is not available on rotated, vertical, sheared or flipped text objects.";"拼写检查结束。但是它不能检查旋转，竖直，拉伸或者翻转的文本对象。";;
"0A036D1B/98/0";"The current document doesn&apos;t have any misspelled words.";"当前的文档没有任何拼写错误的单词。";;
"0A036D1B/90/0";"Change Buf cannot empty";"变更缓冲区不能为空";;
"0A036D1B/105/0";"Check Spelling";"拼写检查";;
"0A036D1B/63/0";"Split";"拆分";;
"0A036D1B/64/0";"Split the selected text block(s) into separate blocks per line";"拆分所选定的文本块";;
"0A036D1B/75/0";"Check this option to use a font available in your system when converting images to text. Otherwise, a synthesized font will be used.";"将图像转换为文本时，选中此选项可使用系统中可用的字体。否则，将使用合成字体。";;
"0A036D1B/117/0";"T&amp;ext Direction";"文本方向(&amp;E)";;
"0A036D1B/121/0";"Make text direction &amp;horizontal";"使文本方向水平(&amp;H)";;
"0A036D1B/119/0";"Left to &amp;Right";"从左至右(&amp;R)";;
"0A036D1B/118/0";"Right to &amp;Left";"从右至左(&amp;L)";;
"0A036D1B/120/0";"Make text direction &amp;vertical";"使文本方向垂直(&amp;V)";;
"0A036D1B/86/0";"This paragraph has been linked, please unlink it before joining or splitting paragraphs.";"该段落已经被链接，请在合并或者拆分段落之前取消链接。";;
"0A036D1B/78/0";"Centimeters";"厘米";;
"0A036D1B/79/0";"Inches";"英寸";;
"0A036D1B/80/0";"Millimeters";"毫米";;
"0A036D1B/81/0";"Picas";"派卡";;
"0A036D1B/82/0";"Points";"点";;
"0A036D1B/68/0";"Unlink the selected text blocks";"取消链接所选定的文本块";;
"0A036D1B/102/0";"Edit document text and text format";"编辑文档文本和文本格式";;
"0158305C/1/0";"This tool allows users to produce electronic calculator tapes that can be attached to PDF files.";"该工具允许用户制作可附加到PDF文件的电子计算器磁带。";;
"0158305C/2/0";"Copyright ? 2010-2026 Foxit Software Inc. All Rights Reserved.";"2010-2026 福昕软件 版权所有。";;
"0158305C/3/0";"Accounting Calculator";"会计计算器";;
"0158305C/4/0";"Accounting Calculator";"会计计算器";;
"0158305C/5/0";"Produce electronic calculator tapes that can be attached to PDF files";"制作可附加到PDF文件的电子计算器磁带";;
"0158305C/6/0";"Clear selected memory (Shift+C)";"清除选定内存 (Shift+C)";;
"0158305C/7/0";"Store entry in memory (Shift+S)";"内存中存储条目 (Shift+S)";;
"0158305C/8/0";"Del Line";"删除行";;
"0158305C/9/0";"Add value to memory (Alt+&quot;+&quot;)";"添加数值到内存(Alt+&quot;+&quot;)";;
"0158305C/10/0";"Don&apos;t show this message again";"不再显示该消息";;
"0158305C/11/0";"This text field cannot be modified.";"该文本域不能被修改。";;
"0158305C/12/0";"Subtract value from memory (Alt+&quot;-&quot;)";"从内存中减去数值(Alt+&quot;-&quot;)";;
"0158305C/13/0";"Subtract (-)";"减 (-)";;
"0158305C/14/0";"Add (+)";"加 (+)";;
"0158305C/15/0";"Grand Total (G)";"总计 (G)";;
"0158305C/16/0";"Subtotal (S)";"小计 (S)";;
"0158305C/17/0";"Total (Enter)";"总数 (Enter)";;
"0158305C/18/0";"Do you want to overwrite the data including the Undo/Redo history currently in the calculator?";"您要覆盖计算器中当前的数据吗，包括撤消/重做历史记录？";;
"0158305C/19/0";"00";"00";;
"0158305C/20/0";"Decimal (.)";"十进制 (.)";;
"0158305C/21/0";"0 (0)";"0 (0)";;
"0158305C/22/0";"1 (1)";"1 (1)";;
"0158305C/23/0";"2 (2)";"2 (2)";;
"0158305C/24/0";"3 (3)";"3 (3)";;
"0158305C/25/0";"4 (4)";"4 (4)";;
"0158305C/26/0";"5 (5)";"5 (5)";;
"0158305C/27/0";"6 (6)";"6 (6)";;
"0158305C/28/0";"7 (7)";"7 (7)";;
"0158305C/29/0";"8 (8)";"8 (8)";;
"0158305C/30/0";"9 (9)";"9 (9)";;
"0158305C/31/0";"Comment";"注释";;
"0158305C/32/0";"Measure";"测量";;
"0158305C/33/0";"Please input tape name ...";"请输入磁带名称 ...";;
"0158305C/34/0";"Memory";"内存";;
"0158305C/35/0";"Place the created tape on the PDF document (Alt+Enter)";"在PDF文档中放置所创建的磁带 (Alt+Enter)";;
"0158305C/36/0";"Complete";"完成";;
"0158305C/37/0";"Cancel";"取消";;
"0158305C/38/0";"Tape data has been manually modified, only the original data of this Tape can be imported. Do you want to continue?";"磁带数据已被手动修改，只能导入该磁带的原始数据。您是否想要继续？";;
"0158305C/39/0";"Tape data import failed.";"磁带数据导入失败。";;
"0158305C/40/0";"Do you want to update the created date of the tape?";"您要更新磁带的创建日期吗？";;
"0158305C/41/0";"Tape recreated successfully!";"磁带重新创建成功！";;
"0158305C/42/0";"Replace the tape on the PDF document(Alt+Enter)";"更换PDF文档中的磁带 (Alt+Enter)";;
"0158305C/43/0";"Cancel to recreate the tape on the PDF document(Alt+Esc)";"取消以在PDF文档中重新创建磁带 (Alt+Esc)";;
"0158305C/44/0";"Undo the last action (Ctrl+Z)";"撤销上次的操作 (Ctrl+Z)";;
"0158305C/45/0";"Redo the previously undone action (Ctrl+Shift+Z)";"重做上次撤销的操作 (Ctrl+Shift+Z)";;
"0158305C/46/0";"Add a blank line to the tape (Alt+A)";"在磁带中添加空白行 (Alt+A)";;
"0158305C/47/0";"Clear the tape (Alt+C)";"清除磁带 (Alt+C)";;
"0158305C/48/0";"Edit Calculator Tape";"编辑计算器磁带";;
"0158305C/49/0";"Backspace (Backspace)";"退格 (Backspace)";;
"0158305C/50/0";"The entered digits exceeded the maximum length of 15.";"输入的数字超过了最大长度15位。";;
"0158305C/51/0";"Clear all incomplete calculations (Delete)";"清除所有未完成的计算 (Delete)";;
"0158305C/52/0";"Do you want to restore the default settings of the accounting calculator?";"您是否想要恢复会计计算器的默认设置？";;
"0158305C/53/0";"Error: The value is too large.";"错误：数值过大。";;
"0158305C/54/0";"Error: The value is too small.";"错误：数值过小。";;
"0158305C/55/0";"Error: Cannot divide by zero.";"错误：不能除以零。";;
"0158305C/56/0";"Error: Please enter less than 15 digits.";"错误：请输入少于15位的数字。";;
"0158305C/57/0";"Multiple (*)";"乘 (*)";;
"0158305C/58/0";"Divide (/)";"除 (/)";;
"0158305C/59/0";"Change of Sign Entry (Alt+S)";"更改标志条目 (Alt+S)";;
"0158305C/60/0";"Percentage (Alt+P)";"百分比 (Alt+P)";;
"0158305C/61/0";"Reciprocal (R)";"倒数 (R)";;
"0158305C/62/0";"Square root (Q)";"平方根 (Q)";;
"0158305C/63/0";"Clear Entry (Esc)";"清除条目 (Esc)";;
"0158305C/64/0";"Op";"Op";;
"0158305C/65/0";"Amount";"金额";;
"0158305C/66/0";"Comment";"注释";;
"0158305C/67/0";" ";" ";;
"0158305C/68/0";"Please input tape name ...";"请输入磁带名称 ...";;
"0158305C/69/0";"This decimal change is not allowed at the moment, tape values are limited to 15 digits!";"此十进制更改目前不允许，磁带值限制为15位！";;
"0158305C/70/0";"+";"+";;
"0158305C/71/0";"-";"-";;
"0158305C/72/0";"Too big value.";"数值过大。";;
"0158305C/73/0";"Too small value.";"数值过小。";;
"0158305C/74/0";"Error: Overflow in the arithmetic operation.";"错误：算术操作溢出。";;
"0158305C/75/0";"Error: Underflow in the arithmetic operation.";"错误：算术操作中出现下溢。";;
"0158305C/76/0";"Error: Invalid operation.";"错误：无效操作。";;
"0158305C/77/0";"Error: Invalid input.";"错误：无效输入。";;
"0158305C/78/0";"Date Time";"日期时间";;
"0158305C/79/0";"The tape is empty, please enter a value and try again.";"磁带为空，请输入一个数值后重试。";;
"0158305C/80/0";"Valid calculator generated subtotal cannot be removed. Please remove upfront calculation first!";"不能删除有效的计算器生成的小计。请先取消预付计算！";;
"0158305C/81/0";"Error: The calculated result exceeded the maximum length of 15.";"错误：计算结果超过了最大长度15位。";;
"0158305C/82/0";"Undo";"撤销";;
"0158305C/83/0";"Please complete the unfinished calculation first!";"请先完成未结束的计算！";;
"0158305C/84/0";"Valid calculator generated total cannot be removed. Please remove upfront calculation first!";"不能删除有效的计算器生成的总数。请先取消预付计算！";;
"0158305C/85/0";"Redo";"重做";;
"0158305C/86/0";"Line cannot be added into the calculator generated sequence!";"不能添加行到计算器生成的序列中！";;
"0158305C/87/0";"Recall memory to entry (Shift+R)";"重调内存到条目 (Shift+R)";;
"0158305C/88/0";"/";"/";;
"0158305C/89/0";"*";"*";;
"0158305C/90/0";"=";"=";;
"0158305C/91/0";"G";"G";;
"0158305C/92/0";"S";"S";;
"0158305C/93/0";"Subtotal";"小计";;
"0158305C/94/0";"Total";"总计";;
"0158305C/95/0";"Grand Total";"总计";;
"0158305C/96/0";"+/-";"+/-";;
"0158305C/97/0";"Tape created successfully!";"磁带创建成功！";;
"0158305C/98/0";"Restore all calculator settings to their default values (Alt+R)";"将所有计算器设置恢复为默认值 (Alt+R)";;
"0158305C/99/0";"Show the time and date on the created tape";"在所创建的磁带中显示时间和日期";;
"0158305C/100/0";"Delete the selected line from the tape (Alt+Delete)";"从磁带中删除选定行 (Alt+Delete)";;
"0158305C/101/0";"Set the number of displayed decimal points";"设置显示的小数点位数";;
"0158305C/102/0";"Decimal";"十进制";;
"0158305C/103/0";"Set the rounding rules";"设置舍入规则";;
"0158305C/104/0";"Rounding";"舍入";;
"0158305C/105/0";"0 (Alt+0)";"0(Alt+0)";;
"0158305C/106/0";"1 (Alt+1)";"1 (Alt+1)";;
"0158305C/107/0";"2 (Alt+2)";"2 (Alt+2)";;
"0158305C/108/0";"3 (Alt+3)";"3 (Alt+3)";;
"0158305C/109/0";"4 (Alt+4)";"4 (Alt+4)";;
"0158305C/110/0";"5 (Alt+5)";"5 (Alt+5)";;
"0158305C/111/0";"6 (Alt+6)";"6 (Alt+6)";;
"0158305C/112/0";"F (float) (Alt+F)";"F (浮点数) (Alt+F)";;
"0158305C/113/0";"Show DateTime (Alt+T)";"显示日期时间 (Alt+T)";;
"0158305C/114/0";"Hide DateTime (Alt+Shift+T)";"隐藏日期时间 (Alt+Shift+T)";;
"0158305C/115/0";"Rounding up (Alt+U)";"进位 (Alt+U)";;
"0158305C/116/0";"Rounding (Alt+/)";"舍入 (Alt+/)";;
"0158305C/117/0";"Rounding down (Alt+D)";"向下舍入 (Alt+D)";;
"0158305C/118/0";"Calculator tape created";"计算器磁带已创建";;
"0158305C/119/0";"Calculator tape modified";"计算器磁带已修改";;
"0158305C/120/0";"Calculator tape recreated";"计算器磁带已重新创建";;
"0158305C/121/0";"Create Tape";"创建磁带";;
"015C6A00/1/0";"Calculator";"计算器";;
"015C6A00/2/0";"Reset";"重置";;
"015C6A00/3/0";"Undo";"撤销";;
"015C6A00/4/0";"Redo";"重做";;
"015C6A00/5/0";"Date Time";"日期时间";;
"015C6A00/6/0";"Add Line";"添加行";;
"015C6A00/7/0";"Del Line";"删除行";;
"015C6A00/8/0";"Clear Tape";"清理磁带";;
"015C6A00/9/0";"Decimal";"十进制";;
"015C6A00/10/0";"Rounding";"舍入";;
"015C6A00/11/0";"To PDF";"到 PDF";;
"015C6A00/19/0";"Complete";"完成";;
"015C6A00/18/0";"Cancel";"取消";;
"015C6A00/12/0";"?";"→";;
"015C6A00/17/0";"%";"%";;
"015C6A00/20/0";"/";"/";;
"015C6A00/21/0";"CE";"CE";;
"015C6A00/16/0";"*";"*";;
"015C6A00/22/0";"1/x";"1/x";;
"015C6A00/13/0";"C";"C";;
"015C6A00/15/0";"v";"√";;
"015C6A00/14/0";"+/-";"+/-";;
"015C6A00/23/0";"00";"00";;
"015C6A00/24/0";"4";"4";;
"015C6A00/25/0";"3";"3";;
"015C6A00/26/0";"0";"0";;
"015C6A00/27/0";"9";"9";;
"015C6A00/28/0";"8";"8";;
"015C6A00/29/0";"2";"2";;
"015C6A00/30/0";".";".";;
"015C6A00/31/0";"MS";"MS";;
"015C6A00/32/0";"1";"1";;
"015C6A00/33/0";"MC";"MC";;
"015C6A00/34/0";"7";"7";;
"015C6A00/35/0";"5";"5";;
"015C6A00/36/0";"MR";"MR";;
"015C6A00/37/0";"6";"6";;
"015C6A00/38/0";"M+";"M+";;
"015C6A00/39/0";"M-";"M-";;
"015C6A00/40/0";"-";"-";;
"015C6A00/41/0";"GT";"GT";;
"015C6A00/42/0";"+";"+";;
"015C6A00/43/0";"ST";"ST";;
"015C6A00/44/0";"=";"=";;
"015C6A00/46/0";"TextLabel";"TextLabel";;
"06CB36CC/1/0";"Provided by Wangfang Data's authoritative detection agency.";"由万方数据权威检测机构提供。";;
"06CB36CC/2/0";"Copyright ? 2023-2026 Foxit Software Inc. All Rights Reserved.";"2023-2026 福昕软件 版权所有。";;
"06CB36CC/3/0";"Paper Tool";"论文工具";;
"06CB36CC/15/0";"Text content extraction is not allowed for this document. You need to remove the document permissions and resubmit the document that allows text content extraction.";"该文档不允许提取文本内容。您需要移除文档权限，然后重新提交允许文本内容提取的文档。";;
"06CB36CC/14/0";"Invalid password.Enter password again.";"密码无效。请重新输入密码。";;
"06CB36CC/16/0";"New document check";"新文档检查";;
"06CB36CC/17/0";"For documents that are not yet completed or have just been completed and not yet officially published, suitable for journal papers, undergraduate/master/doctoral theses, vocational college papers, monographs, etc.";"对于尚未完成或刚刚完成但尚未正式发表的文件，适用于期刊论文、本科/硕士/博士论文、职业院校论文、专著等。";;
"06CB36CC/18/0";"Published paper check";"已发表的论文检查";;
"06CB36CC/19/0";"For papers that have already been published (including publicly and unpublished), suitable for professional title evaluation, academic qualification evaluation, etc.";"对于已经发表（包括公开和未发表）的论文，适用于职称评价、学历评价等。";;
"06CB36CC/11/0";"The content of the PDF document has been edited. Do you want to check the edited document for plagiarism?";"PDF文档的内容被编辑过。您是否想要检查论文中被编辑过的内容部分？";;
"06CB36CC/10/0";"Document Not Saved";"文档未保存";;
"06CB36CC/4/0";"Plagiarism Check";"论文查重";;
"06CB36CC/5/0";"Check for possible duplicate content in the paper";"在论文中检查可能重复的内容";;
"06CB36CC/7/0";"Check History";"查重历史";;
"06CB36CC/8/0";"Display the recent plagiarism check history";"显示最近的论文查重历史记录";;
"06CB36CC/13/0";"Password";"密码";;
"06CB36CC/20/0";"Plagiarism Check is not available for PDF Portfolio, please select a single PDF to continue.";"论文查重不适用于 PDF 包，请选择单个PDF继续。";;
"06CB36CC/12/0";"Failed to load the paper. The document size cannot exceed 30M. Please modify and reload.";"无法加载论文。文档大小不能超过30M。请修改后重新加载。";;
"06CB36CC/21/0";"Enter Password:";"输入密码：";;
"06CB36CC/22/0";"This document is protected. Please enter a Permission Password.";"当前文档已被加密。请输入权限密码解密。";;
"016C2490/1/0";"Spelling";"拼写检查";;
"016C2490/2/0";"&amp;Enable check spelling";"启用拼写检查(&amp;E)";;
"016C2490/3/0";"Dictionaries for Spell Check";"拼写检查字典";;
"016C2490/4/0";"Move &amp;Up";"上移(&amp;U)";;
"016C2490/5/0";"Move &amp;Down";"下移(&amp;D)";;
"016C2490/6/0";"&amp;Add";"添加(&amp;A)";;
"016C2490/7/0";"&amp;Remove";"移除(&amp;R)";;
"016C2490/8/0";"W";"W";;
"016C2490/9/0";"Select the dictionaries to use for spell check from this list. Click Up or Down to set the dictionary search order.";"从列表中选择用于拼写检查的字典。点击“上移”或者“下移”设置字典搜索的顺序。";;
"016C2490/10/0";"Add Dictionaries";"添加字典";;
"01704D72/1/0";"The plugin is used for spellcheck.";"该插件用于拼写检查。";;
"01704D72/2/0";"Copyright ? 2011-2026 Foxit Software Inc. All Rights Reserved.";"2011-2026 福昕软件 版权所有。";;
"01704D72/3/0";"Spelling";"拼写检查";;
"01704D72/4/0";"English (United States)";"英语(美国)";;
"01704D72/5/0";"English (United Kingdom)";"英语（英国）";;
"01704D72/6/0";"English (Canada)";"英语（加拿大）";;
"01704D72/7/0";"Dutch (Netherlands)";"荷兰语(荷兰)";;
"01704D72/8/0";"French (France)";"法语（法国）";;
"01704D72/9/0";"German (Germany)";"德语（德国）";;
"01704D72/10/0";"Italian (Italy)";"意大利语（意大利）";;
"01704D72/11/0";"Portuguese (Brazil)";"葡萄牙（巴西）";;
"01704D72/12/0";"Russian (Russia)";"俄语（俄罗斯）";;
"01704D72/13/0";"Spanish (Spain)";"西班牙语（西班牙）";;
"0174398C/1/0";"Dialog";"Dialog";;
"0174398C/2/0";"Dialog";"Dialog";;
"0174398C/3/0";"TextLabel";"TextLabel";;
"0174398C/4/0";"Enter Password:";"输入密码：";;
"0174398C/5/0";"This document is protected. Please enter a Permission Password.";"当前文档已被加密。请输入权限密码解密。";;
"436D147F/1/0";"AIPLabel plugin applies the Microsoft Information Protection solution. This enables users of Azure Information Protection and other Microsoft Information Protection solutions to use Foxit PDF Editor to read labeled and protected PDFs, and to apply labels to encrypt and protect documents.";"AIPLabel插件应用了Microsoft信息保护解决方案，使Azure信息保护和其他Microsoft信息保护解决方案的用户可以使用福昕高级PDF编辑器来读取带有标签和受保护的PDF，以及应用标签来加密和保护文档。";;
"436D147F/2/0";"Copyright ? 2020-2026 Foxit Software Inc. All Rights Reserved.";"2020-2026 福昕软件 版权所有。";;
"436D147F/65/0";"Your administrator has configured default or mandatory labeling, which cannot be removed.";"您的管理员已配置默认或强制标签，这些标签无法删除。";;
"436D147F/3/0";"AIP Label";"AIP标签";;
"436D147F/4/0";"Sensitivity Label";"敏感度标签";;
"436D147F/67/0";"&amp;Cancel";"取消(&amp;C)";;
"436D147F/5/0";"OK";"确定";;
"436D147F/6/0";"Invalid library path. Please specify a valid path.";"链接路径无效。请指定一个合法路径。";;
"436D147F/7/0";"Required library not found, or not a proper version. Please reinstall program to fix this issue.";"未发现所需的库，或者版本不正确。请重新安装程序以解决该问题。";;
"436D147F/8/0";"Your session needs to be restarted to complete the activation. \nClick &quot;&quot;OK&quot;&quot; to restart it now.\n\nOr you can click &quot;&quot;Cancel&quot;&quot; and restart it later.";"您的会话需要重启方能完成激活。\n\n点击“重启”按钮，现在就进行重启。\n\n或者点击“取消”按钮，稍后重启。";;
"436D147F/9/0";"Restart Needed";"需要重启";;
"436D147F/70/0";"Failed to sync your Microsoft account with Foxit application. Sign in with your Microsoft account to sync your data and continue or contact your administrator.";"无法将您的 Microsoft 账户与福昕应用同步。请使用您的 Microsoft 账户登录以同步数据并继续，或联系您的管理员。";;
"436D147F/10/0";"Thank you for your interest in the AIP Plug-in for Foxit PDF Reader. Your 14-day free trial has expired. You need a valid license to activate this plug-in. If you already have a license, please activate it now. Otherwise, please contact us at:";"感谢您使用福昕阅读器的AIP插件。您的14天免费试用已过期。您需要一个合法的授权文件来激活该插件。如果您已经有授权文件，请现在进行激活。否则，请您通过以下方式联系我们：";;
"436D147F/68/0";"Proxy Authentication";"代理身份验证";;
"436D147F/69/0";"To access the internet, this application needs to authenticate to this proxy server:\n\n%ls\n\nIf this is an unexpected prompt, or if you are not sure which credentials to use, please contact your administrator.";"若要访问Internet，该应用程序需要对此代理服务器进行身份验证：\n\n%ls\n\n如果这是一个意外提示，或者不确定要使用哪些凭据，请联系您的管理员。";;
"436D147F/11/0";"Sensitivity";"敏感度";;
"436D147F/12/0";"Microsoft Azure Information Protection. Label and protect a PDF document";"Microsoft Azure信息保护。标记和保护PDF文档 ";;
"436D147F/13/0";"Change";"更改";;
"436D147F/14/0";"Full Control";"完全控制";;
"436D147F/15/0";"Read";"读取";;
"436D147F/16/0";"AIP Settings";"AIP设置";;
"436D147F/17/0";"Allowed";"允许";;
"436D147F/18/0";"Applying Label...";"正在应用标签...";;
"436D147F/19/0";"View Permission";"查看权限";;
"436D147F/20/0";"The operation was canceled by the user.";"该操作已被用户取消。";;
"436D147F/21/0";"The network location cannot be reached.";"无法访问网络位置。";;
"436D147F/22/0";"Change Account";"更改账户";;
"436D147F/23/0";"Change to another account";"更改账户";;
"436D147F/24/0";"The document was already secured.\nAre you sure you want to change the security on this document?";"该文档已被保护。\r\n您确定要更改该文档的安全设置吗？";;
"436D147F/25/0";"Close";"关闭";;
"436D147F/26/0";"Please close all documents that have applied Microsoft Sensitivity Labels, then try again.";"请关闭所有已应用 Microsoft 敏感度标签的文档，然后重试。";;
"436D147F/27/0";"Connect to Microsoft Azure Information Protection";"连接到Microsoft Azure信息保护";;
"436D147F/28/0";"Connect to Microsoft Azure Information Protection to get the list of sensitivity labels";"连接到Microsoft Azure信息保护并获取敏感度标签列表";;
"436D147F/29/0";"The expiration date is not valid. Please select a date after today.";"过期日期不合法。请选择今天后的某日期.";;
"436D147F/30/0";"You do not have permission to open this document because your permission has expired.";"您没有权限打开该文档，因为您的权限已过期。";;
"436D147F/31/0";"Never";"从不";;
"436D147F/32/0";"This document is protected by Microsoft Purview Information Protection with label:";"本文档受Microsoft Purview信息保护，标签为：";;
"436D147F/33/0";"Encrypting...";"正在加密...";;
"436D147F/34/0";"The email address you entered is invalid. Email addresses must be in the following format: someone@example.com, .edu or .org. Please check your email address and try again.";"您输入的电子邮件地址无效。邮件地址格式必须为:someone@example.com、.edu或.org。请检查您的电子邮件地址，然后重试。";;
"436D147F/35/0";"Learn More";"了解更多";;
"436D147F/36/0";"Learn how organizations use these sensitivity labels";"了解组织如何使用这些敏感度标签";;
"436D147F/37/0";"Successfully logged in.";"登录成功。";;
"436D147F/38/0";"Your organization requires to select a Microsoft Sensitivity Label";"您的组织需要选择Microsoft敏感度标签";;
"436D147F/66/0";"The document cannot be opened in the current service environment. Please go to Preferences &gt; AIP Settings, select the corresponding Microsoft Azure Information Protection service, restart the program and open the document again.";"无法在当前服务环境中打开文档。请转到 “偏好设置&gt;AIP 设置”，选择相应的 Microsoft Azure 信息保护服务，重新启动程序并再次打开文档。";;
"436D147F/39/0";"Could not get access to the server, please change the account and try again.";"用户无法访问服务器，请更改账户，然后重试。";;
"436D147F/40/0";"This document is protected by Microsoft AIP. Please open it again after connecting to the server.";"该文档受Microsoft AIP保护。请在连接到服务器后，再次打开。";;
"436D147F/41/0";"Not Allowed";"不允许";;
"436D147F/42/0";"You need permission to open this document. Do you want to request permission from %ls?";"您需要权限才能打开该文档。您是否要从%ls请求权限？";;
"436D147F/71/0";"No Labels Found";"未找到标签";;
"436D147F/43/0";"Failed to download the Information Protection policy.\nPlease contact your administrator to check configuration in Microsoft Azure Information Protection.";"无法下载信息保护策略。\r\n请与管理员联系以检查Microsoft Azure信息保护中的配置。";;
"436D147F/44/0";"Getting the Labels...";"正在获取标签...";;
"436D147F/45/0";"You cannot change your access level. If you want to change your access level, request that another user with Full Control changes your access level.";"您无法更改自己的访问级别。如果您想要更改自己的访问级别，请向另外一个具有完全控制权限的用户发送请求.";;
"436D147F/46/0";"You need restart the Foxit PDF Editor to effect the setting, restart it now?";"您需要重新启动福昕高级PDF编辑器才能生效设置，现在重新启动吗？";;
"436D147F/47/0";"Remove Label";"移除标签";;
"436D147F/48/0";"Remove the selected label";"移除选定的标签";;
"436D147F/49/0";"Are you sure you want to remove security from this document?";"您确定要删除文档中的安全设置？";;
"436D147F/50/0";"Access Level";"访问级别";;
"436D147F/51/0";"Name";"名称";;
"436D147F/52/0";"To apply this document with an AIP Label, please save it locally.";"要应用带有AIP标签的文档，请将其保存在本地。";;
"436D147F/53/0";"Microsoft Azure Information Protection";"Microsoft Azure信息保护";;
"436D147F/54/0";"This document is protected by Microsoft Azure Information Protection.\n\nLabel applied: &apos;%ls&apos;";"本文档受Microsoft Azure信息保护的保护。\n\n应用的标签：“%ls”";;
"436D147F/55/0";"Send Mail failed to send message.";"发送邮件失败，无法发送消息。";;
"436D147F/56/0";"Azure Information Protection cannot apply this label because it&apos;s configured for a protection template that can&apos;t be found. Try again in a few minutes. If the problem persists, contact your help desk or administrator.";"Azure信息保护无法应用此标签，因为找不到为它配置的保护模板。请在几分钟后再试一次。如果问题仍然存在，请与支持人员或管理员联系。";;
"436D147F/57/0";"Unknown";"未知";;
"436D147F/58/0";"Unlimited";"无限";;
"436D147F/59/0";"Anyone";"任何用户";;
"436D147F/60/0";"The account has been successfully changed.";"该账户已成功更改。";;
"436D147F/61/0";"The account has already signed in.";"该账户已登录。";;
"436D147F/62/0";"Do not show this message again";"不再显示该消息";;
"436D147F/63/0";"Thank you for your interest in Foxit AIPLabel plugin. Your 14-day free trial for this feature has expired. You need a valid license to activate this plug-in. If you already have a license, please activate it now. Otherwise, please contact us at: \n\n%s%[1]\n\nSales and Information: %s%[2]&quot;";"感谢您使用福昕AIP插件。您的14天试用期已过期。您需要一个合法的授权文件来激活该模块。如果您已购买了授权，请立即激活。否则，请联系我们： \n\n%s%[1]\n\n销售信息： %s%[2]";;
"436D147F/64/0";"Thank you for using the AIP Plug-in for Foxit PDF Reader. You can use the plug-in to AIP protect files and open protected files.\n\nA license is required to use this plug-in. If you have a license, please activate it now. Foxit offers a free 14-day trial. You can click on the 揅ontinue Free Trial? to start the trial today.\n\nTo purchase the plugin, please contact us at:";"感谢您使用福昕阅读器的AIP插件。您可以使用该插件制作AIP保护文件并打开受保护的文件。\n\n需要授权文件才能使用该插件。如果您有授权文件，请现在进行激活。福昕提供免费的14天试用期。您可以点击“继续免费试用”按钮开始试用。\n\n如需购买该插件，请联系我们：";;
"43714F5A/1/0";" ";" ";;
"43714F5A/2/0";" ";" ";;
"43714F5A/3/0";"Add &amp;Files...";"添加文件(&amp;F)...";;
"43714F5A/4/0";"Add Fol&amp;der...";"添加文件夹(&amp;D)...";;
"43714F5A/5/0";"Add &amp;Open Files...";"添加打开的文件(&amp;O)...";;
"43714F5A/6/0";"Invoice Printing";"发票打印";;
"43714F5A/8/0";"Document: ";"文档：";;
"43714F5A/18/0";"&quot;%ls&quot; dynamic XFA PDF documents do not support silent printing.";"“%ls”动态XFA PDF文档不支持静默打印。";;
"43714F5A/28/0";"Invoice File Export";"发票文件导出";;
"43714F5A/13/0";"PDF Files (*.pdf)|*.pdf|";"PDF文件(*.pdf)|*.pdf|";;
"43714F5A/7/0";"Name|Sum|Date|Payee|Payer";"名称|金额|日期|收款方|付款方";;
"43714F5A/21/0";" In invoice recognition... ";"发票识别中... ";;
"43714F5A/34/0";"File Name";"文件名";;
"43714F5A/35/0";"Status";"状态";;
"43714F5A/31/0";"The files you selected include PDF Portfolio(s), PDF Portfolio(s) cannot be added. ";"您选择的文件包含一个或多个文件包，文件包无法添加到列表中。 ";;
"43714F5A/16/0";"&quot;%ls&quot; have been added into the table.\n Do you want to replace?";"“%ls”已经添加到表格中了。\n您是否想要替换？";;
"43714F5A/12/0";"&quot;%ls&quot; needs to be saved.\n Do you want to save changes and continue?";"“%ls” 需要保存。\n您希望保存当前更改并继续吗？";;
"43714F5A/17/0";"Invalid password. Please input again.";"密码错误。请重新输入。";;
"43714F5A/30/0";"This document is encrypted by %ls protector, you have no access to do operations on it.";"该文档使用%ls保护器加密，您没有操作权限。";;
"43714F5A/33/0";"Please verify whether the invoice_temp_dir folder has been successfully created in the directory %ls. If it is not present, click the OK button to manually create it.";"请检查路径 %ls 下是否成功创建了 invoice_temp_dir 文件夹。如果该文件夹缺失，请点击“确定”按钮前往手动创建。";;
"43714F5A/32/0";"Operation failed, missing temporary folder";"操作失败，缺少临时文件夹";;
"43714F5A/24/0";"Portrait";"纵向";;
"43714F5A/25/0";"Landscape";"横向";;
"43714F5A/9/0";"Paper: ";"发票：";;
"43714F5A/19/0";"&quot;%ls&quot; don&apos;t printing since there is no permission.&quot;";"“%ls”文件因为缺少权限，无法打印。";;
"43714F5A/36/0";"Print error";"打印错误";;
"43714F5A/37/0";"Print completed";"打印完成";;
"43714F5A/38/0";"Skipped - not a PDF file; please open it in the corresponding program and print";"已跳过 - 这不是 PDF 文件；请使用相应的程序打开并打印";;
"43714F5A/39/0";"Printing: %d/%d";"打印：%d/%d";;
"43714F5A/40/0";"Progress %d/%d:";"进度 %d/%d：";;
"43714F5A/41/0";"%d PDF file(s) successfully printed, %d PDF file(s) encountered an error, and %d non-PDF file(s) skipped.";"已成功打印 %d 个 PDF 文件，%d 个 PDF 文件出现错误，%d 个非 PDF 文件已被跳过。";;
"43714F5A/42/0";"%d PDF file(s) successfully printed, %d PDF file(s) encountered an error.";"已成功打印 %d 个 PDF 文件，%d 个 PDF 文件出现错误。";;
"43714F5A/43/0";"%d PDF file(s) successfully printed, %d non-PDF file(s) skipped.";"已成功打印 %d 个 PDF 文件，%d 个非 PDF 文件已被跳过。";;
"43714F5A/44/0";"All %d file(s) successfully printed.";"%d 个文件全部打印成功。";;
"43714F5A/45/0";"Print All PDF Files";"打印全部PDF文件";;
"43714F5A/29/0";"Invoice Print";"发票打印";;
"43714F5A/22/0";" Invoice recognition has been completed: ";"发票识别完成：";;
"43714F5A/14/0";" document invoice for which the information could not be recognized, there may be blank fields in the invoice list and amounts,You can click &quot;Next&quot; to typeset and print all documents.";"份文档发票信息无法识别，发票列表及合计金额可能存在空白，您可以点击【下一步】对所有文档排版打印。";;
"43714F5A/20/0";"&quot;%ls&quot; The file already exists.\n Replace existing file?";"“%ls”文件已存在。\n是否替换已有文件？";;
"43714F5A/27/0";"The file(s) have been exported successfully.";"文件导出成功。";;
"43714F5A/23/0";"The document cannot be saved. It is already opened by another application. Please close it and retry.";"文档无法保存。该文档已经被其它应用程序打开。请关闭后重试。";;
"43714F5A/26/0";"The file has been exported successfully.";"文件导出成功。";;
"43714F5A/10/0";"Total:? ";"金额：￥ ";;
"43714F5A/15/0";"Unrecognized";"未识别";;
"43714F5A/11/0";"Zoom: ";"缩放比率：";;
"43714F5A/46/0";"Dynamic XFA PDF documents do not support silent printing.";"动态 XFA PDF 文档不支持静默打印。";;
"43714F5A/47/0";"Format error: Not a PDF or corrupted.";"格式错误：不是一个PDF文件或该文件已损坏。";;
"43714F5A/48/0";"This document is encrypted by an unsupported security handler.";"这个文档被不支持的加密机制所加密。";;
"43714F5A/49/0";"The file path is invalid.";"该文件路径无效。";;
"43714F5A/50/0";"Sorry, printing this document is not allowed. The security permissions in this document prohibit printing.";"抱歉，不允许打印此文档。此文档中的安全权限禁止打印。";;
"43714F5A/51/0";"File error: Not found or could not be opened.";"文件错误：没有找到或无法打开。";;
"43714F5A/52/0";"Print cancelled.";"打印已取消。";;
"43754F0B/1/0";"This plugin is used to convert CAJ files to PDF format, export PDF documents to CAD format (dwg/dxf, etc.), and create image-based PDF files.";"该插件用于将 CAJ 文件转换为 PDF 格式，将 PDF 文档导出为 CAD 格式（dwg/dxf 等），以及创建基于图像的 PDF 文件。";;
"43754F0B/2/0";"Copyright ? 2011-2026 Foxit Software Inc. All Rights Reserved.";"2011-2026 福昕软件 版权所有。";;
"43754F0B/8/0";"Settin&amp;gs...";"设置(&amp;G)...";;
"43754F0B/9/0";"Save";"保存";;
"43754F0B/10/0";"&amp;View Result";"查看结果(&amp;V)";;
"43754F0B/11/0";"Ignore all o&amp;ccurrences in current processing";"忽略当前处理过程中的所有事件(&amp;C)";;
"43754F0B/12/0";"&amp;Open the destination folder";"打开目标文件夹(&amp;O)";;
"43754F0B/13/0";"Determine automatically";"自动确定";;
"43754F0B/14/0";"pixels/cm";"像素 / 厘米";;
"43754F0B/15/0";"Black &amp;&amp; White";"黑色和白色";;
"43754F0B/16/0";"Gray";"灰色";;
"43754F0B/17/0";"Primary Color";"原色";;
"43754F0B/18/0";"CMYK";"CMYK";;
"43754F0B/19/0";"Grayscale";"灰度";;
"43754F0B/20/0";"RGB";"RGB";;
"43754F0B/21/0";"Conversion failed.";"转换失败。";;
"43754F0B/56/0";"Success";"成功";;
"43754F0B/39/0";"An unexpected error has occurred during the conversion process, the conversion failed.";"转换过程中发生意外错误，转换失败。";;
"43754F0B/22/0";"Processing page %d%[1] of %d%[2]";"正在处理页面 %d%[1] / %d%[2]";;
"43754F0B/57/0";"Processing file %d%[1] of %d%[2]";"正在处理文件 %d%[1] / %d%[2]";;
"43754F0B/23/0";"Export Selection As";"导出选择";;
"43754F0B/24/0";"Can not write to the file. It might be used by another application. \nClick OK to choose another path, or click Cancel to end the operation.";"无法写入文件。它可能正被其它程序占用。\n点击“确定”选择另外一个路径，或者点击“取消”结束该操作。";;
"43754F0B/58/0";"Warning / Error";"警告 / 错误";;
"43754F0B/59/0";"Location";"位置";;
"43754F0B/60/0";"Modified";"修改时间";;
"43754F0B/61/0";"Name";"名称";;
"43754F0B/62/0";"Size";"尺寸";;
"43754F0B/63/0";"Status";"状态";;
"43754F0B/64/0";"Total %d Files";"共 %d 个文件";;
"43754F0B/65/0";"Outlined";"转曲（创建轮廓）";;
"43754F0B/66/0";"Batch Outline PDF";"批量 PDF 转曲（创建轮廓）";;
"43754F0B/40/0";"Page";"页面";;
"43754F0B/25/0";"pixels/inch";"像素/英寸";;
"43754F0B/41/0";"Convert";"转换";;
"43754F0B/26/0";"Export";"导出";;
"43754F0B/27/0";"The PDF document must be saved before operation.\nDo you want to save changes and continue?";"PDF文档在执行操作之前必须先进行保存。您是否想保存并继续？";;
"43754F0B/28/0";"The document needs to be saved before the operation can be performed.\nPlease save the document and try again.";"需要先保存文档才能执行此操作。请保存文档并重试。";;
"43754F0B/72/0";"Outline the current PDF";"将当前 PDF 转曲（创建轮廓）";;
"43754F0B/67/0";"Current File";"当前文件";;
"43754F0B/68/0";"Sorry, failed to outline the PDF. Please try again.";"抱歉，无法将 PDF 转曲（创建轮廓）";;
"43754F0B/69/0";"Multiple Files";"多个文件";;
"43754F0B/73/0";"Outline multiple PDFs at once";"一次性将多个 PDF 转曲（创建轮廓）";;
"43754F0B/70/0";"You must save the document before performing the operation. Do you want to save and continue?";"在执行此操作之前，您必须先保存文档。您想保存并继续吗？";;
"43754F0B/74/0";"Convert text in PDF to vector shapes";"将 PDF 中的文本转换为矢量形状";;
"43754F0B/71/0";"Outline PDF";"PDF 转曲（创建轮廓）";;
"43754F0B/29/0";"Auto";"自动";;
"43754F0B/30/0";"Save as Image-based PDF Settings";"另存为基于图像的 PDF 设置";;
"43754F0B/42/0";"Save as DWG Settings";"另存为 DWG 设置";;
"43754F0B/55/0";"Save as DXF Settings";"另存为 DXF 设置";;
"43754F0B/43/0";"CAD (*.dwg)|*.DWG|";"CAD (*.dwg)|*.DWG|";;
"43754F0B/44/0";"CAD (*.dxf)|*.DXF|";"CAD (*.dxf)|*.DXF|";;
"43754F0B/45/0";"Use the DWG Document format";"使用 DWG 文档格式";;
"43754F0B/46/0";"Use the DXF Document format";"使用 DXF 文档格式";;
"43754F0B/47/0";"CAD File Types";"CAD 文件类型";;
"43754F0B/38/0";"The image is too wide to output. Please crop it or reduce resolution and try again.";"图像太宽而无法输出。请裁剪或降低分辨率，然后重试。";;
"43754F0B/75/0";"The file needs permission to be outlined.";"该文件需要权限转曲（创建轮廓）。";;
"43754F0B/76/0";"Adobe XML forms cannot be outlined.";"Adobe XML forms 无法转曲（创建轮廓）。";;
"43754F0B/31/0";"No page is selected. Please select appropriate options.";"未选择任何页面。请选择合适的选项。";;
"43754F0B/32/0";"You do not have sufficient permissions to perform this task.";"您没有足够的权限来执行该操作。";;
"43754F0B/33/0";"The image is too wide to export. Please reduce resolution or close other application and try again. (in page %d%[1])";"图片太宽，无法导出。请降低分辨率或关闭其他应用程序，然后重试。（位于页面 %d%[1]）";;
"43754F0B/3/0";"Converting...";"正在转换...";;
"43754F0B/4/0";"The current version does not support the conversion of such CAJ formats.";"当前版本不支持此类CAJ格式转换。";;
"43754F0B/5/0";"Convert a CAJ file to a PDF";"将CAJ文件转成PDF";;
"43754F0B/6/0";"From CAJ";"从CAJ";;
"43754F0B/7/0";"Create";"创建";;
"43754F0B/48/0";"Export the document as a CAD file";"将文档导出为 CAD 文件";;
"43754F0B/49/0";"To CAD";"到 CAD";;
"43754F0B/51/0";"Export the document as a .dwg file";"将文档导出为 .dwg 文件";;
"43754F0B/52/0";"To DWG";"转换为 DWG";;
"43754F0B/53/0";"Export the document as a .dxf file";"将文档导出为 .dxf 文件";;
"43754F0B/54/0";"To DXF";"转换为 DXF";;
"43754F0B/34/0";"Export the document as an image-based PDF file";"将文档导出为基于图像的 PDF 文件";;
"43754F0B/35/0";"Image-based";"基于图像";;
"43754F0B/36/0";"Image-based PDF Files (*.pdf)|*.PDF|";"基于图像的 PDF 文件 (*.pdf)|*.PDF|";;
"43754F0B/37/0";"To Image-based PDF";"转为基于图像的 PDF";;
"05C52C1B/1/0";"Invoice Print";"发票打印";;
"05C52C1B/2/0";"Files for printing";"要打印的文件";;
"05C52C1B/3/0";"PushButton";"按钮";;
"05C52C1B/32/0";"&amp;Add Files...";"添加文件(&amp;A)...";;
"05C52C1B/5/0";"Move Up";"上移";;
"05C52C1B/6/0";"Move Down";"下移";;
"05C52C1B/7/0";"Remove";"移除";;
"05C52C1B/8/0";"Total";"总计";;
"05C52C1B/9/0";"Print Settings";"打印设置";;
"05C52C1B/10/0";"Properties";"属性";;
"05C52C1B/11/0";"Page Size";"页面大小";;
"05C52C1B/12/0";"Name";"名称";;
"05C52C1B/13/0";"Copies";"份数";;
"05C52C1B/14/0";"Printing Method";"打印方法";;
"05C52C1B/15/0";"Orientation";"方向";;
"05C52C1B/16/0";"One page per sheet";"每张一页";;
"05C52C1B/17/0";"Two pages per sheet";"每张两页";;
"05C52C1B/18/0";"Four pages per sheet";"每张四页";;
"05C52C1B/19/0";"Preview";"预览";;
"05C52C1B/20/0";"&lt;";"&lt;";;
"05C52C1B/21/0";"&gt;";"&gt;";;
"05C52C1B/22/0";"Zoom";"缩放";;
"05C52C1B/23/0";"Document";"文档";;
"05C52C1B/24/0";"Paper";"纸张";;
"05C52C1B/25/0";"Pages 1 of 5";"第1页 / 5页";;
"05C52C1B/26/0";"Clipping";"裁剪";;
"05C52C1B/27/0";"Back";"返回";;
"05C52C1B/28/0";"Next";"下一步";;
"05C52C1B/29/0";"Export";"导出";;
"05C52C1B/30/0";"Print";"打印";;
"05C52C1B/31/0";"Cancel";"取消";;
"05C52C1B/33/0";"Dialog";"对话";;
"056F5CC3/1/0";"Thank you for using the AIP Plug-in for Foxit PDF Reader. You can use the plug-in to AIP protect files and open protected files.";"感谢您使用福昕阅读器的AIP插件。您可以使用该插件制作AIP保护文件并打开受保护的文件。";;
"056F5CC3/2/0";"A license is required to use this plug-in. If you have a license, please activate it now. Foxit offers a free 14-day trial. You can click on the 揅ontinue Free Trial? to start the trial today.";"使用该插件需要有授权文件。如果您有合法的授权文件，请现在进行激活。福昕提供14天的免费试用，您可以点击“继续试用”从今天开始进行试用。";;
"056F5CC3/3/0";"To purchase the plugin, please contact us at:";"如需购买该插件，请联系我们：";;
"056F5CC3/4/0";"Online support.";"在线支持。";;
"056F5CC3/5/0";"Activate";"激活";;
"056F5CC3/6/0";"Buy";"购买";;
"056F5CC3/7/0";"Continue Free Trial";"继续免费试用";;
"056F5CC3/8/0";"Microsoft Azure Information Protection";"Microsoft Azure信息保护";;
"056F5CC3/9/0";"Justification Required";"需要理由";;
"056F5CC3/10/0";"Your organization requires justification for changing this classification label.";"您的组织需要理由才能更改此分类标签。";;
"056F5CC3/11/0";"The previous label no longer applies";"以前的标签不再适用";;
"056F5CC3/12/0";"Previous label was incorrect";"以前的标签不正确";;
"056F5CC3/13/0";"Other (explain)";"其他（解释）";;
"056F5CC3/14/0";"Change";"更改";;
"056F5CC3/15/0";"Cancel";"取消";;
"056F5CC3/16/0";"By clicking Accept, you authorize this application to connect to the following services to obtain access to this file:";"通过点击接受，您授权该应用程序连接到以下服务以获得对该文件的访问：";;
"056F5CC3/17/0";"Use of this document is audited by the sender/their organization.";"本文档的使用由发送者/他们的组织审核。";;
"056F5CC3/18/0";"Privacy";"隐私";;
"056F5CC3/19/0";"Help";"帮助";;
"056F5CC3/20/0";"Accept Always";"总是接受";;
"056F5CC3/21/0";"Accept";"接受";;
"056F5CC3/22/0";"Reject";"取消";;
"056F5CC3/40/0";"&amp;Yes";"是(&amp;Y)";;
"056F5CC3/41/0";"&amp;No";"否(&amp;N)";;
"056F5CC3/23/0";"Microsoft Azure Information Protection";"Microsoft Azure信息保护";;
"056F5CC3/24/0";"Your organization requires to select a Microsoft Sensitivity Label.";"您的组织需要选择Microsoft敏感度标签。";;
"056F5CC3/25/0";"Apply";"应用";;
"056F5CC3/26/0";"Cancel";"取消";;
"056F5CC3/27/0";"Add Users";"添加用户";;
"056F5CC3/28/0";"Enter the e-mail addresses of users in the Read and Change boxes (example: &apos;someone@example.com&apos;). Separate names with a semicolon(;).";"在“读取”或者“更改”文本框中输入用户的电子邮件地址(示例：someone@example.com)。用分号分隔多个邮件地址。";;
"056F5CC3/29/0";"Read...";"读取...";;
"056F5CC3/30/0";"Users with Read permission can read this document, but cannot change, print or copy content.";"拥有只读权限的用户可以阅读该文档，但是无法修改、打印或者拷贝文档内容。";;
"056F5CC3/31/0";"Change...";"更改...";;
"056F5CC3/32/0";"Users with Change permission can read, edit, copy content from, and save changes to this document, but cannot print content.";"拥有更改权限的用户可以阅读、编辑、拷贝文档内容，并且将修改保存至文档中，但是无法打印文档内容。";;
"02896EBB/1/0";"Binder Projects allow for the collection of multiple PDF and non-PDF files, complete with Table of Contents, bookmarks and links to every document in the collection.";"活页夹项目允许收集多个 PDF 和非 PDF 文件，包括目录、书签和指向集合中每个文档的链接。";;
"02896EBB/2/0";"Copyright ? 2023-2026 Foxit Software Inc. All Rights Reserved.";"2023-2026 福昕软件 版权所有。";;
"02896EBB/3/0";"Binder";"活页夹";;
"02896EBB/4/0";"Add Files...";"添加文件...";;
"02896EBB/111/0";"Add files from computer or ECM systems";"从计算机或ECM系统添加文件";;
"02896EBB/112/0";"Add Folder...";"添加文件夹...";;
"02896EBB/113/0";"Add files from local folder";"从本地文件夹添加文件";;
"02896EBB/5/0";"Name/Location/Size/Modified/Date";"名称/路径/大小/修改日期/创建日期";;
"02896EBB/6/0";"Type";"输入";;
"02896EBB/7/0";"Name";"名称";;
"02896EBB/8/0";"Pages";"页面";;
"02896EBB/9/0";"Convert to PDF";"转换为PDF";;
"02896EBB/10/0";"Size";"大小";;
"02896EBB/11/0";"Warnings/Errors";"警告/错误";;
"02896EBB/12/0";"Modified";"修改时间";;
"02896EBB/13/0";"Location";"位置";;
"02896EBB/14/0";"All Supported Files(*.*)|*.pdf;*.txt;*.text;*.htm;*.html;*.shtml;*.bmp;*.dib;*.jpg;*.jpeg;*.jpe;*.gif;*.tif;*.tiff;*.png;*.wps;*.doc;*.rtf;*.docx;*.dot;*.dotx;*.docm;*.dotm;*.wpd;*.ppt;*.pptx;*.pot;*.potx;*.pptm;*.ppsx;*.ppsm;*.potm;*.xls;*.xlt;*.xlsx;*.xltx;*.xlsm;*.xlsb;*.xltm;*.csv;*.vsd;*.vsdx;*.mpp;*.mppx;*.msg;*.xps;*.hwp;*.hwpx|";"所有可支持文件类型(*.*)|*.pdf;*.txt;*.text;*.htm;*.html;*.shtml;*.bmp;*.dib;*.jpg;*.jpeg;*.jpe;*.gif;*.tif;*.tiff;*.png;*.wps;*.doc;*.rtf;*.docx;*.dot;*.dotx;*.docm;*.dotm;*.wpd;*.ppt;*.pptx;*.pot;*.potx;*.pptm;*.ppsx;*.ppsm;*.potm;*.xls;*.xlt;*.xlsx;*.xltx;*.xlsm;*.xlsb;*.xltm;*.csv;*.vsd;*.vsdx;*.mpp;*.mppx;*.msg;*.xps;*.hwp;*.hwpx|";;
"02896EBB/15/0";"Microsoft Office Excel (*.xls,*.xlt,*.xlsx,*.xltx,*.xlsm,*.xlsb,*.xltm,*.csv)|*.xls;*.xlt;*.xlsx;*.xltx;*.xlsm;*.xlsb;*.xltm;*.csv|";"Microsoft Office Excel (*.xls、*.xlt、*.xlsx、*.xltx、*.xlsm、*.xlsb、*.xltm、*.csv)|*.xls；*.xlt；*.xlsx；*.xltx；*.xlsm；*.xlsb；*.xltm；*.csv|";;
"02896EBB/16/0";"Microsoft Office PowerPoint (*.ppt,*.pptx,*.pot,*.potx,*.pptm,*.ppsx,*.ppsm,*.potm)|*.ppt;*.pptx;*.pot;*.potx;*.pptm;*.ppsx;*.ppsm;*.potm|";"Microsoft Office PowerPoint (*.ppt,*.pptx,*.pot,*.potx,*.pptm,*.ppsx,*.ppsm,*.potm)|*.ppt;*.pptx;*.pot;*.potx;*.pptm;*.ppsx;*.ppsm;*.potm|";;
"02896EBB/17/0";"Microsoft Office Project (*.mpp,*.mppx)|*.mpp;*.mppx|";"Microsoft Office 项目 (*.mpp,*.mppx)|*.mpp;*.mppx|";;
"02896EBB/18/0";"Microsoft Office Visio (*.vsd,*.vsdx)|*.vsd;*.vsdx|";"Microsoft Office Visio (*.vsd，*.vsdx)|*.vsd；*.vsdx|";;
"02896EBB/19/0";"Microsoft Office Word (*.doc,*.rtf,*.docx,*.dot,*.dotx,*.docm,*.dotm,*.wpd)|*.doc;*.rtf;*.docx;*.dot;*.dotx;*.docm;*.dotm;*.wpd|";"Microsoft Office Word (*.doc、*.rtf、*.docx、*.dot、*.dotx、*.docm、*.dotm、*.wpd)|*.doc；*.rtf；*.docx；*.dot；*.dotx；*.docm；*.dotm；*.wpd|";;
"02896EBB/20/0";"Microsoft Office Outlook (*.msg)|*.msg|";"Microsoft Office Outlook (*.msg)|*.msg|";;
"02896EBB/21/0";"HTML Files (*.htm,*.html,*.shtml)|*.htm;*.html;*.shtml|";"HTML文件(*.htm,*.html,*.shtml)|*.htm;*.html;*.shtml|";;
"02896EBB/22/0";"Image Files (*.bmp,*.dib,*.jpg,*.jpeg,*.jpe,*.gif,*.tif,*.tiff,*.png)|*.bmp;*.dib;*.jpg;*.jpeg;*.jpe;*.gif;*.tif;*.tiff;*.png|";"图像文件(*.bmp,*.dib,*.jpg,*.jpeg,*.jpe,*.gif,*.tif,*.tiff,*.png)|*.bmp;*.dib;*.jpg;*.jpeg;*.jpe;*.gif;*.tif;*.tiff;*.png|";;
"02896EBB/23/0";"PDF Files (*.pdf)|*.pdf|";"PDF文件(*.pdf)|*.pdf|";;
"02896EBB/24/0";"Text Files (*.txt,*.text)|*.txt;*.text|";"文本文件(*.txt,*.text)|*.txt;*.text|";;
"02896EBB/25/0";"WPS File (*.wps)|*.wps|";"WPS文件(*.wps)|*.wps|";;
"02896EBB/26/0";"XPS File (*.xps)|*.xps|";"XPS 文件(*.xps)|*.xps|";;
"02896EBB/27/0";"Hancom Office HanWord (*.hwp,*.hwpx)|*.hwp;*.hwpx|";"Hancom Office HanWord(*.hwp,*.hwpx)|*.hwp;*.hwpx|";;
"02896EBB/28/0";"Converting %ls%[1] (%d%[2] of %d%[3])";"正在转换%ls%[1] (%d%[2]/%d%[3])";;
"02896EBB/29/0";"The operation is canceled by user.";"操作被用户取消。";;
"02896EBB/30/0";"Invalid file format.";"文件格式无效。";;
"02896EBB/31/0";"Microsoft Word cannot be opened. Please check your Word and try again.";"Microsoft Word不能打开。请检查您的Word后重试。";;
"02896EBB/32/0";"Microsoft Word cannot be found. Please check your Word and try again.";"未找到Microsoft Word。请检查您的Word后重试。";;
"02896EBB/33/0";"Total %d File(s)";"共 %d 个文件";;
"02896EBB/35/0";"Project with the same name already exists. Would you like to overwrite it?";"已经存在一个同名项目，您是否想要覆盖它？";;
"02896EBB/37/0";"The output binder name or folder name cannot be empty.";"输出活页夹名称或文件夹名称不能为空。";;
"02896EBB/38/0";"Bytes";"字节";;
"02896EBB/39/0";"KB";"KB";;
"02896EBB/40/0";"MB";"MB";;
"02896EBB/41/0";"Do you want to save the binder project before closing?";"您是否要在关闭之前保存活页夹项目？";;
"02896EBB/89/0";"Do you want to save changes to: %ls%[1]?";"是否要将更改保存至：%ls%[1]？";;
"02896EBB/42/0";"Some files could not be converted to PDF. Please check the file format and try again.";"某些文件无法转换为 PDF。请检查文件格式并重试。";;
"02896EBB/43/0";"Binder creation has failed. Please check the settings and try again.";"活页夹创建失败。请检查设置并重试。";;
"02896EBB/44/0";"Some files could not be combined. Please check the file format and try again.";"某些文件无法合并。请检查文件格式，然后重试。";;
"02896EBB/45/0";"Please open document &apos;%s&apos; using the Attachments Pane.";"请使用附件窗格打开文档“%s”。";;
"02896EBB/46/0";"This name will be displayed as the column header in Binder Project.";"该名称将显示为活页夹项目中的列标题。";;
"02896EBB/47/0";"Configure mappings to get the data for this Metadata Field from various sources.";"配置映射以从各种来源获取此元数据字段的数据。";;
"02896EBB/48/0";"The name cannot contain Spaces.";"名称不能包含空格。";;
"02896EBB/49/0";"The name you entered already exists.";"您输入的名称已经存在。";;
"02896EBB/50/0";"Select Data Type for Metadata Field.";"选择元数据字段的数据类型。";;
"02896EBB/51/0";"Mapping Source";"映射源";;
"02896EBB/52/0";"Mapping Field";"映射字段";;
"02896EBB/53/0";"Word";"Word";;
"02896EBB/54/0";"Excel";"Excel";;
"02896EBB/55/0";"PowerPoint";"PowerPoint";;
"02896EBB/56/0";" ";" ";;
"02896EBB/57/0";"?";"?";;
"02896EBB/90/0";"True";"True";;
"02896EBB/91/0";"False";"False";;
"02896EBB/114/0";"Save Binder P&amp;roject";"保存活页夹项目(&amp;R)";;
"02896EBB/115/0";"Save the binder project to the local computer";"将活页夹项目保存到本地计算机";;
"02896EBB/116/0";"Save Binder Project to &amp;iManage10";"将活页夹项目保存到iManage10(&amp;I)";;
"02896EBB/117/0";"Save the binder project to iManage10";"将活页夹项目保存到iManage10";;
"02896EBB/58/0";"Save As Binder &amp;Project";"另存活页夹项目(&amp;P)";;
"02896EBB/118/0";"Save the binder project to local computer as a new copy";"将活页夹项目保存为本地计算机的新副本";;
"02896EBB/59/0";"Save As Binder Project &amp;Template";"另存活页夹项目模板(&amp;T)";;
"02896EBB/119/0";"Save the binder project as a template on the local computer. It can be shared with other devices as a Local Template or stored on a network to use as a Server Template";"将活页夹项目保存为本地计算机上的模板。可以作为“本地模板”与其他设备共享，也可以作为“服务器模板”存储在网络中";;
"02896EBB/60/0";"The specified path for the Word template could not be found. Please check the path and try again.";"找不到指定的 Word 模板路径。请检查路径并重试.";;
"02896EBB/61/0";"Make &amp;Binder";"制作活页夹(&amp;B)";;
"02896EBB/62/0";"The Word template is missing. We suggest to check your template in the Options dialog box. If you continue, the binder PDF will be created without a table of contents. Would you like to proceed?";"缺少 Word 模板。我们建议您在“选项”对话框中检查您的模板。如果继续，将创建不带目录的活页夹 PDF。您要继续吗？";;
"02896EBB/63/0";"O&amp;K";"确定(&amp;K)";;
"02896EBB/64/0";"Cance&amp;l";"取消";;
"02896EBB/65/0";"Specify the location of a TOC template. The template must be a Word document.";"指定目录模板的位置。模板必须是 Word 文档。";;
"02896EBB/66/0";"Make Binder";"制作活页夹";;
"02896EBB/67/0";"Options";"选项";;
"02896EBB/68/0";"Add New Custom Metadata Field";"添加新的自定义元数据字段";;
"02896EBB/69/0";"Choose Columns";"选择列";;
"02896EBB/70/0";"Output Options";"输出选项";;
"02896EBB/71/0";"Processing...";"正在处理...";;
"02896EBB/72/0";"My Binder";"我的活页夹";;
"02896EBB/73/0";"No PDF binder has been created. Please verify if the &quot;Convert to PDF&quot; option is checked.";"尚未创建 PDF 活页夹。请确认是否已选中“转换为 PDF”选项。";;
"02896EBB/74/0";"Some files will be skipped because either the file was corrupt or you do not have permissions to open it. Do you want to continue?";"某些文件将被跳过，因为文件已损坏或您没有打开它的权限。要继续吗？";;
"02896EBB/75/0";"Format error: Not a PDF or corrupted.";"格式错误：不是一个PDF文件或该文件已损坏。";;
"02896EBB/76/0";"Folder";"文件夹";;
"02896EBB/77/0";"Adding files...";"正在添加文件...";;
"02896EBB/78/0";"Text";"文本";;
"02896EBB/79/0";"Boolean";"布尔值";;
"02896EBB/80/0";"Date";"日期";;
"02896EBB/81/0";"DateTime";"日期时间";;
"02896EBB/82/0";"Numeric";"数字";;
"02896EBB/83/0";"Binder Project (*.bdr)|*.bdr|";"活页夹工程 (*.bdr)|*.bdr|";;
"02896EBB/120/0";"Binder Project Link (*.bdrlink)|*.bdrlink|";"活页夹项目链接 (*.bdrlink)|*.bdrlink|";;
"02896EBB/84/0";"Binder Project Template (*.bdrt)|*.bdrt|";"活页夹工程模版 (*.bdrt)|*.bdrt|";;
"02896EBB/85/0";"Microsoft Office Word (*.doc, *.docx)|*.doc;*.docx|";"Microsoft Office Word (*.doc, *.docx)|*.doc;*.docx|";;
"02896EBB/86/0";"Name";"名称";;
"02896EBB/87/0";"Display Name";"显示名称";;
"02896EBB/88/0";"Table of Contents";"目录";;
"02896EBB/92/0";"Foxit will create a table of contents document and open it in Microsoft Word. Please make any desired changes to the document, then close and save it. Afterwards, Foxit will complete the Binder. Click &quot;OK&quot; to proceed.";"福昕将创建一个目录文档并在 Microsoft Word 中打开它。请对文档进行任何所需的更改，然后关闭并保存它。之后，福昕将完成活页夹。点击“确定”继续。";;
"02896EBB/93/0";"Please ensure that any desired changes have been made and saved in the table of contents document in Microsoft Word.";"请确保已进行所有所需的更改并将其保存在 Microsoft Word 中的目录文档中。";;
"02896EBB/94/0";"Word";"Word";;
"02896EBB/95/0";"Excel";"Excel";;
"02896EBB/96/0";"PowerPoint";"PowerPoint";;
"02896EBB/97/0";"iManage";"iManage";;
"02896EBB/98/0";"Worldox";"Worldox";;
"02896EBB/99/0";"Unknown";"未知";;
"02896EBB/100/0";"Create a blank project";"创建空白项目";;
"02896EBB/108/0";"Blank Project";"空白项目";;
"02896EBB/101/0";"Create a project from custom template";"从自定义模板创建项目";;
"02896EBB/109/0";"Create from Template";"从模板创建";;
"02896EBB/102/0";"Open an existing project";"打开已存在的项目";;
"02896EBB/110/0";"Open a Project";"打开一个项目";;
"02896EBB/103/0";"Binder Projects allow for the collection of multiple PDF and non-PDF files, complete with Table of Contents, bookmarks and links to every document in the collection";"活页夹项目允许收集多个 PDF 和非 PDF 文件，包括目录、书签和指向集合中每个文档的链接。";;
"02896EBB/104/0";"Output Binder PDF already exists!";"输出活页夹 PDF 已存在!";;
"02896EBB/105/0";"Create a blank binder project";"创建空白活页夹项目";;
"02896EBB/106/0";"Create a binder project from custom template";"从自定义模板创建活页夹项目";;
"02896EBB/107/0";"Open an existing binder project";"打开现有的活页夹项目";;
"02896EBB/121/0";"Computer";"计算机";;
"02896EBB/122/0";"iManage 10";"iManage 10";;
"02896EBB/123/0";"Failed to save to iManage 10. Please check the settings and try again.";"无法保存到iManage 10。请检查设置并重试。";;
"02896EBB/124/0";"Packing the Binder project";"正在打包活页夹项目";;
"02896EBB/125/0";"Unpacking the Binder project";"正在解压活页夹项目";;
"02896EBB/126/0";"Failed to open Binder from iManage 10. Please try again.";"无法从iManage 10打开活页夹。请重试。";;
"02896EBB/127/0";"Failed to open Binder template from iManage 10. Please try again.";"无法从iManage 10打开活页夹模板。请重试。";;
"02896EBB/128/0";"Digital signatures will be removed during merge.";"合并过程中将移除数字签名。";;
"028D46DB/1/0";"Dialog";"Dialog";;
"028D46DB/36/0";"Ad&amp;d...";"添加(&amp;D)...";;
"028D46DB/37/0";"&amp;Save...";"保存(&amp;S)...";;
"028D46DB/6/0";"&amp;Options";"选项(&amp;O)";;
"028D46DB/7/0";"Choose Colu&amp;mns";"选择列(&amp;M)";;
"028D46DB/8/0";"Total 0 File(s)";"共 0 个文件";;
"028D46DB/9/0";"Arrange Your Files";"调整文件";;
"028D46DB/10/0";"&amp;Create Folder";"创建文件夹(&amp;C)";;
"028D46DB/11/0";"&amp;Remove";"移除(&amp;R)";;
"028D46DB/12/0";"Output O&amp;ptions...";"输出选项(&amp;P)...";;
"028D46DB/13/0";"Select the columns you want to appear in this view.";"选择您想要在此视图中显示的列。";;
"028D46DB/14/0";"&amp;Up";"上移(&amp;U)";;
"028D46DB/15/0";"&amp;Down";"下移(&amp;D)";;
"028D46DB/16/0";"Icon";"图标";;
"028D46DB/17/0";"Editable:";"可编辑：";;
"028D46DB/18/0";"Field Code:";"字段代码：";;
"028D46DB/19/0";"&lt;&lt;xxx&gt;&gt;";"&lt;&lt;xxx&gt;&gt;";;
"028D46DB/20/0";"Display Name:";"显示名称：";;
"028D46DB/21/0";"Name:";"名称：";;
"028D46DB/22/0";"Data Type:";"数据类型：";;
"028D46DB/23/0";"TOC Template Options";"TOC 模板选项";;
"028D46DB/24/0";"&amp;Open";"打开(&amp;O)";;
"028D46DB/25/0";"&amp;Browse";"浏览(&amp;B)";;
"028D46DB/26/0";"Location:";"位置：";;
"028D46DB/27/0";"Custom Metadata Fields";"自定义元数据字段";;
"028D46DB/28/0";"&amp;Add";"添加(&amp;A)";;
"028D46DB/29/0";"&amp;Edit";"编辑(&amp;E)";;
"028D46DB/30/0";"Output Folder:";"输出文件夹：";;
"028D46DB/31/0";"Binder Name:";"活页夹名称：";;
"028D46DB/32/0";"Create table of contents";"创建目录";;
"028D46DB/35/0";"Edit table of contents";"编辑目录";;
"028D46DB/33/0";"Open file after making binder";"制作活页夹后打开文件";;
"028D46DB/34/0";"Show in Explorer";"在资源管理器里显示";;
"034A0E4E/1/0";"This plugin allows users to translate text and documents. The translation is accurate and convenient, supporting nearly 400+ languages.";"该插件允许用户执行文本翻译和文档翻译，翻译准确、便捷、支持近400+语种。";;
"034A0E4E/2/0";"Copyright ? 2023-2026 Foxit Software Inc. All Rights Reserved.";"2023-2026 福昕软件 版权所有。";;
"034A0E4E/3/0";"Translation Assistant";"翻译助手";;
"034A0E4E/4/0";"Translation Assistant";"翻译助手";;
"034A0E4E/5/0";"Provide text and document translation services in nearly 400+ languages";"提供近400+语种的文本、文档翻译服务";;
"034A0E4E/6/0";"Translate Text";"文本翻译";;
"034A0E4E/7/0";"Translate the text into the target language";"将文本翻译成目标语言";;
"034A0E4E/8/0";"Translate Document";"文档翻译";;
"034A0E4E/9/0";"Translate PDF, Office and other document formats into the target language";"将PDF、Office等格式文档翻译成目标语言";;
"034A0E4E/10/0";"Translation History";"历史翻译";;
"034A0E4E/11/0";"Display the document translation history";"显示文档翻译历史记录";;
"034A0E4E/12/0";"My Quota";"我的额度";;
"034A0E4E/13/0";"Show available translation quota";"显示可用的翻译额度";;
"034A0E4E/14/0";"Password";"密码";;
"034A0E4E/15/0";"Enter Password:";"输入密码：";;
"034A0E4E/16/0";"This document is protected. Please enter a Permission Password.";"当前文档已被加密。请输入权限密码解密。";;
"034A0E4E/17/0";"Invalid password. Enter password again.";"密码无效。请重新输入密码。";;
"034A0E4E/18/0";"The text you selected has exceeded %ls characters, the excess will not be processed. Do you want to continue?";"您选择的文本已超过%ls个字符，多余的将不予处理。是否要继续？";;
"034A0E4E/19/0";"Don&apos;t show again";"不再显示";;
"034A0E4E/20/0";"&amp;Translate Text";"文本翻译(&amp;T)";;
"034A0E4E/21/0";"Note";"备注";;
"034A0E4E/22/0";"&quot;%ls&quot; \nThe file already exists. Do you want to replace existing file?";"“%ls”\n文件已存在。您是否想要替换已有文件？";;
"034A0E4E/23/0";"Downloading...";"正在下载...";;
"034A0E4E/24/0";"The operation is canceled by user.";"操作被用户取消。";;
"034A0E4E/25/0";"Open";"打开";;
"034A0E4E/26/0";"PDF Files (*.pdf)|*.pdf|";"PDF文件(*.pdf)|*.pdf|";;
"034A0E4E/27/0";"This document is protected. Are you sure you want to submit an unprotected copy for translation?";"该文档受保护。您确定要提交未受保护的副本进行翻译吗？";;
"260225DD/1/0";"seal verify";"签章验证";;
"260225DD/2/0";"Copyright ? 2011-2026 Foxit Software Inc. All Rights Reserved.";"2011-2026 福昕软件 版权所有。";;
"260225DD/3/0";"To make sure the seal can be displayed correctly, please set the appropriate scale for the seal on the first page";"为了清晰识别骑缝章，请设置骑缝章在第一页的占比面积";;
"260225DD/4/0";"It is advisable to limit the number of pages for the seal to a smaller range to ensure clarity and easy recognition. The page count for the seal should be between 2 and 300.";"建议将印章加盖的页数控制在较小范围内，以确保图像清晰易辨。印章加盖的页数应在2至300页之间。";;
"260225DD/5/0";"The electronic seal signature data format error.";"电子签章数据格式错误";;
"260225DD/6/0";"Electronic seal information:";"印章信息：";;
"260225DD/7/0";"Electronic seal signature is INVALID";"签章验证结果无效";;
"260225DD/8/0";"Signer&apos;s certificate does not match the electronic seal.";"签章者证书和电子印章不匹配";;
"260225DD/9/0";"Verification failed.";"电子签章签名验证失败";;
"260225DD/10/0";"Electronic seal name: %s";"印章名称：%s";;
"260225DD/11/0";"The certificate of the electronic seal maker has expired or is invalid.";"电子印章制章者证书过期或者生效";;
"260225DD/12/0";"The electronic seal status is abnormal.";"电子印章状态不正常";;
"260225DD/13/0";"Signature time:\n %ls";"签章时间：\n %ls";;
"260225DD/14/0";"The electronic seal signature includes a timestamp, but the timestamp validation failed.";"签章内包含时间戳，签章时间戳验证不通过";;
"260225DD/15/0";"Signature time is later than the timestamp time.";"签章时间晚于时间戳时间";;
"260225DD/16/0";" Timestamp time: %ls";"时间戳时间：%ls";;
"260225DD/17/0";"Valid start date: %s";"印章有效期起始时间：%s";;
"260225DD/18/0";"Valid termination date: %s";"印章有效期终止时间：%s";;
"260225DD/19/0";"Signature time is not within the valid period of the SM seal.";"签章时间不在印章的有效期内";;
"260225DD/20/0";"Signature certificate has already expired at the time of signing.";"签章证书在签章时已经失效";;
"260225DD/21/0";"Date of seal production: %s";"印章制作时间：%s";;
"260225DD/22/0";"Electronic seal signature validity is UNKNOWN";"签章验证结果未知";;
"260225DD/23/0";"Electronic seal signature is VALID:";"签章验证结果有效：";;
"260225DD/24/0";"The subfilter &quot;%s&quot; in the signature is not align with GM standard.";"签名中的subfilter “%s” 不符合国标密码标准要求。";;
"16370958/1/0";"This plugin offers the flexibility to manage the visibility of advanced features in Ribbon.";"这个插件提供了在Ribbon中管理高级功能可见性的灵活性。";;
"16370958/2/0";"Copyright ? 2024-2026 Foxit Software Inc. All Rights Reserved.";"2024-2026 福昕软件 版权所有。";;
"16370958/3/0";"Rotate Pages";"旋转页面";;
"16370958/4/0";"Rotate multiple pages one time";"同时旋转多个页面";;
"16370958/5/0";"From Scanner";"从扫描仪";;
"16370958/6/0";"Create a PDF or insert pages from scanned documents";"创建一个PDF或者从扫描文档中插入页面";;
"16370958/7/0";"From Files";"文件转换";;
"16370958/8/0";"Create new PDF from other file formats";"从其它格式文件创建新的PDF";;
"16370958/9/0";"From Clipboard";"从剪贴板";;
"16370958/10/0";"Create a PDF from content on the clipboard";"从剪贴板内容创建PDF";;
"16370958/11/0";"From Web Page";"从网页";;
"16370958/12/0";"Create a PDF from content on the web pages";"从位于网页上的内容创建一个PDF";;
"16370958/13/0";"Form";"表单";;
"16370958/14/0";"Create form from a file";"从文件创建表单";;
"16370958/15/0";"PDF Portfolio";"PDF文件包";;
"16370958/16/0";"Create PDF Portfolio";"创建PDF文件包";;
"16370958/17/0";"Combine Files";"合并文件";;
"16370958/18/0";"Combine multiple files into a single PDF";"将多个文件合并生成一个PDF文件";;
"16370958/19/0";"Blank";"空白";;
"16370958/20/0";"Create a blank PDF";"创建空白PDF";;
"16370958/21/0";"From Template";"从模板创建";;
"16370958/22/0";"Create PDF From Template";"从模板创建PDF";;
"16370958/23/0";"Export All Images";"导出全部图像";;
"16370958/24/0";"Export all images in the document";"导出文档中的全部图像";;
"16370958/25/0";"To Image";"到图片";;
"16370958/26/0";"Export the document as images";"将该文件导出为图像";;
"16370958/27/0";"To HTML";"到 HTML";;
"16370958/28/0";"Export the document as a .htm or .html file for use with web browsers";"将文档导出为网页浏览器使用的.htm或者.html文件";;
"16370958/29/0";"To Other";"到其它格式";;
"16370958/30/0";"Export the document as a text file";"将文档导出为文本文件";;
"16370958/31/0";"Recognize Text";"识别文本";;
"16370958/32/0";"Convert text within images to searchable or editable text";"将图像中的文本转变为可搜索或可编辑的文本";;
"16370958/33/0";"Suspect Results";"疑似错误结果";;
"16370958/34/0";"Show suspect OCR results that may need to be changed";"显示可能需要修改的疑似的OCR结果";;
"16370958/35/0";"Preflight";"印前检查";;
"16370958/36/0";"Verify compliance with PDF/A, E, and X standards, or convert to these formats";"验证文件是否符合PDF/A, E, X 标准，或者将文档转换为符合这些标准的文件";;
"16370958/37/0";"Link &amp;&amp; Join Text";"链接&amp;&amp;合并文本";;
"16370958/38/0";"Click to choose text block(s), right click to join or split the block(s)";"单击鼠标选择文本块，右键点击选择合并或者分割文本";;
"16370958/39/0";"Check Spelling";"拼写检查";;
"16370958/40/0";"Check the spelling of text in the document.";"检查文档中文本的拼写";;
"16370958/41/0";"Search &amp;&amp; Replace";"搜索&amp;&amp;替换";;
"16370958/42/0";"Replace all instances of a given text string with different text";"用不同的文件替换一个给定的文本字串的所有实例";;
"16370958/43/0";"Add Images";"添加图像";;
"16370958/44/0";"Add image object to current page";"在当前页添加图像对象";;
"16370958/45/0";"Add Shapes";"添加形状";;
"16370958/46/0";"Add new shapes object to current page";"在当前页添加新的形状对象";;
"16370958/47/0";"Add Article Box";"添加文章框";;
"16370958/48/0";"Create or edit an article by defining a series of boxes around the reading content";"通过定义围绕所读内容的一系列方框创建或者编辑文章";;
"16370958/49/0";"Web Links";"网络链接";;
"16370958/50/0";"Create or remove web links in the document";"创建或者移除文档中的网络链接";;
"16370958/51/0";"Link";"链接";;
"16370958/52/0";"Select an area on the page and create a new link there";"在页面上选定区域，然后在该位置创建一个新的链接";;
"16370958/53/0";"Cross Reference";"交叉引用";;
"16370958/54/0";"Link multiple related objects to allow users to quickly and easily navigate between multiple locations in a PDF file";"链接多个相关的对象，使用户可以快速轻松地在PDF文件中的多个位置之间导航";;
"16370958/55/0";"Auto Create Bookmarks";"自动创建书签";;
"16370958/56/0";"Automatically create bookmarks based on predefined text styles, content and layout.";"根据预定义的文本样式、内容和布局自动创建书签。";;
"16370958/57/0";"File Attachment";"文件附件";;
"16370958/58/0";"Attach a file to the document";"附加文件至文档中";;
"16370958/59/0";"Image Annotation";"图像标注";;
"16370958/60/0";"Select an area on the page and insert an image there";"在页面上选择区域，在所选区域上插入图像";;
"16370958/61/0";"Audio &amp;&amp; Video";"音频&amp;&amp;视频";;
"16370958/62/0";"Select an area on the page and insert an audio or video file there";"在页面上选取区域，在所选取的区域上插入音频或者视频对象";;
"16370958/63/0";"Add 3D";"添加3D";;
"16370958/64/0";"Select an area on the page and add a U3D or PRC 3D object there.";"在页面上选择一个区域，然后在其中添加U3D或PRC 3D对象。";;
"16370958/65/0";"Pages";"页面";;
"16370958/66/0";"Transform";"变换";;
"16370958/67/0";"Add Content";"添加内容";;
"16370958/68/0";"Edit Content";"编辑内容";;
"16370958/69/0";"Article Box";"文章方框";;
"16370958/70/0";"Thumbnail View";"缩略图";;
"16370958/71/0";"Switch to page thumbnail view";"切换到页面缩略图视图";;
"16370958/72/0";"Reverse";"逆页序";;
"16370958/73/0";"Reverse the page order of the document";"反转文档的页面顺序";;
"16370958/74/0";"Rearrange";"重新排列";;
"16370958/75/0";"Rearrange Pages by Bookmark Order";"按书签顺序重新排列页面";;
"16370958/76/0";"Move";"移动";;
"16370958/77/0";"Move specified pages to another position";"移动指定页到另一个位置";;
"16370958/78/0";"Duplicate";"复制";;
"16370958/79/0";"Copy selected pages";"复制选择的页面";;
"16370958/80/0";"Replace";"替换";;
"16370958/81/0";"Replace specified pages with pages from another PDF file";"使用其它PDF文件中的页面替换指定的页面";;
"16370958/82/0";"Split";"拆分";;
"16370958/83/0";"Split documents by page or area";"按页面或区域拆分文档";;
"16370958/84/0";"Swap";"交换";;
"16370958/85/0";"Exchange the positions of two pages";"交换两个页面的位置";;
"16370958/86/0";"Interleaving";"交叉合并";;
"16370958/87/0";"Merge two PDF documents, taking pages alternately in natural or reverse order";"合并两个PDF文档，以自然或倒序交替取页";;
"16370958/88/0";"Crop Pages";"裁剪页面";;
"16370958/89/0";"Crop page margins; drag a box to set new margins, double-click to open options and confirm";"裁剪页面边距；拖拽一个框来设置新的边距，双击以打开进行操作，然后确定";;
"16370958/90/0";"Resize Pages";"调整页面大小";;
"16370958/91/0";"Set the page size of the specified pages";"设置选定页面的尺寸";;
"16370958/92/0";"Flatten";"扁平化";;
"16370958/93/0";"Merge comments, annotations, and etc. into the file&apos;s content layer ";"将注释，标注等合并至文件的内容层 ";;
"16370958/94/0";"Page Marks";"页面标记";;
"16370958/95/0";"Background";"背景";;
"16370958/96/0";"Edit Background";"编辑背景";;
"16370958/97/0";"Header &amp;&amp; Footer";"页眉/页脚";;
"16370958/98/0";"Edit Header and Footer";"编辑页眉页脚";;
"16370958/99/0";"Bates Numbering";"贝茨数";;
"16370958/100/0";"Edit Bates Numbering";"编辑贝茨数";;
"16370958/101/0";"Format Page Numbers";"格式化页码";;
"16370958/102/0";"Change the format of page numbering";"改变页码格式";;
"16370958/103/0";"Accounting Calculator";"会计计算器";;
"16370958/104/0";"Produce electronic calculator tapes that can be attached to PDF files";"制作可附加到PDF文件的电子计算器磁带";;
"16370958/105/0";"TickMark";"项目标记";;
"16370958/106/0";"Symbols";"符号";;
"16370958/107/0";"Place symbols, and jump between symbols of the same style and color.";"放置符号，并在相同风格和颜色的符号之间跳转。";;
"16370958/108/0";"Numbers";"编号";;
"16370958/109/0";"Place numbers, and jump between numbers of the same style and color.";"放置数字，并在相同风格和颜色的数字之间跳转。";;
"16370958/110/0";"Letters";"字母";;
"16370958/111/0";"Place letters, and jump between letters of the same style and color.";"放置字母，并在相同风格和颜色的字母之间跳转。";;
"16370958/112/0";"Toggle Ruler";"切换标尺";;
"16370958/113/0";"Help to read through lines of a PDF document or measure objects.";"帮助通读PDF文档的行或度量对象。";;
"16370958/114/0";"Page Transitions";"页面过渡";;
"16370958/115/0";"Set the page transitions under Full Screen mode";"在全屏模式下设置页面过渡";;
"16370958/116/0";"Compare";"比较";;
"16370958/117/0";"Compare two documents and highlight the differences";"比较两个文档且高亮差异";;
"16370958/118/0";"Run Form Field Recognition";"执行表单自动识别";;
"16370958/119/0";"Automatically recognize text fields, checkboxes, and digital signature fields in the document";"自动识别文档中的文本域，复选框域和数字签名域";;
"16370958/120/0";"Designer Assistant";"设计助手";;
"16370958/121/0";"Show or hide suggested locations for form fields";"显示/隐藏为表单控件指定的建议位置";;
"16370958/122/0";"Push Button";"按钮";;
"16370958/123/0";"Create an interactive button";"创建一个交互按钮";;
"16370958/124/0";"Check Box";"复选框";;
"16370958/125/0";"Create a checkbox";"创建一个复选框";;
"16370958/126/0";"Radio Button";"单选框";;
"16370958/127/0";"Create a set of radio buttons";"创建一组单选框";;
"16370958/128/0";"Signature Field";"签名域";;
"16370958/129/0";"Create a signature field, allowing users to sign document";"创建一个签名域，允许用户用以签署文档";;
"16370958/130/0";"Text Field";"文本域";;
"16370958/131/0";"Create a text field";"创建一个文本域";;
"16370958/132/0";"Combo Box";"组合框";;
"16370958/133/0";"Create a combo box, which includes both a drop-down list and editable text field";"创建一个组合框，它兼具下拉列表和文本域的功能";;
"16370958/134/0";"List Box";"列表框";;
"16370958/135/0";"Create a list box";"创建一个列表框";;
"16370958/136/0";"Barcode Field";"条形码域";;
"16370958/137/0";"Create a barcode field.";"创建一个条形码域";;
"16370958/138/0";"Image Field";"图像域";;
"16370958/139/0";"Create an Image Field";"创建一个图像域";;
"16370958/140/0";"Date Field";"日期域";;
"16370958/141/0";"Create a Date Field";"创建一个日期域";;
"16370958/142/0";"Smart Redact";"智能密文";;
"16370958/143/0";"Let \\&quot;Foxit Smart Redact\\&quot; redact your documents automatically.";"让福昕智能密文自动编辑您的文档。";;
"16370958/144/0";"Mark for Redaction";"标记为密文";;
"16370958/145/0";"todo: IDS_MarkForRedaction_Tooltip";"todo: IDS_MarkForRedaction_Tooltip";;
"16370958/146/0";"Whiteout";"擦除";;
"16370958/147/0";"Erase the selected area(s) of the document";"擦除文档的选定区域";;
"16370958/148/0";"Hidden Data";"隐藏数据";;
"16370958/149/0";"Remove elements to make the document more secure ";"移除某些元素，让文档变得更加安全";;
"16370958/150/0";"Secure Document";"安全文档";;
"16370958/151/0";"Sensitivity";"敏感度";;
"16370958/152/0";"Microsoft Azure Information Protection. Label and protect a PDF document";"Microsoft Azure信息保护。标记和保护PDF文档 ";;
"16370958/153/0";"Switch Accounts";"切换账户";;
"16370958/154/0";"Select an account for Foxit eSign service";"选择福昕电子签章服务的账户";;
"16370958/155/0";"Share for Collaboration";"共享协作";;
"16370958/156/0";"Share a file with others for commenting or viewing";"将文件共享给他人以供评论或查看";;
"16370958/157/0";"Shared Files";"共享文件";;
"16370958/158/0";"View and manage all shared files";"查看并管理所有共享文件";;
"16370958/159/0";"Send for Email Review";"发送进行邮件审阅";;
"16370958/160/0";"Send this document for email review, allowing comments from multiple people to automatically be merged via email";"发送该文档以供邮件审阅，允许自动合并通过邮件收到的多人添加的注释";;
"16370958/161/0";"SharePoint";"SharePoint";;
"16370958/162/0";"Seamlessly check out and check in PDF files located in SharePoint";"签出和签入SharePoint中的PDF文件";;
"16370958/163/0";"iManage10";"iManage10";;
"16370958/164/0";"Open, edit, and save PDF files located in iManage Work 10";"打开，编辑并将PDF文件保存到iManage Work 10中。";;
"16370958/165/0";"Accessibility";"辅助工具";;
"16370958/166/0";"Autotag Document";"自动添加标签到文档中";;
"16370958/167/0";"Autodetect tags and report results";"自动检测标签并报告结果";;
"16370958/168/0";"Autotag Form Field";"自动添加标签到表单域";;
"16370958/169/0";"Add form fields to document structure.";"添加表单域至文档结构中。";;
"16370958/170/0";"Full Check";"完整检查";;
"16370958/171/0";"Accessibility Full Check";"辅助功能完整检查";;
"16370958/172/0";"Accessibility Report";"辅助功能报告";;
"16370958/173/0";"Open an accessibility report file";"打开辅助报告文件";;
"16370958/174/0";"Setup Assistant";"设置助手";;
"16370958/175/0";"Setup how to display documents and interact with assistive";"设置如何显示文档并与辅助工具进行交互";;
"16370958/176/0";"Reading Option";"阅读选项";;
"16370958/177/0";"Change options for Reading Order and screen readers";"更改阅读顺序和屏幕阅读器的选项";;
"16370958/178/0";"Reading Order";"阅读顺序";;
"16370958/179/0";"Touch up Reading Order";"Touch up阅读顺序";;
"16370958/180/0";"Set Alternate Text";"设置替代文本";;
"16370958/181/0";"Review and set alternate text for figures";"审阅并设置插图的替代文本";;
"16370958/182/0";"Set Area Reading Order";"设置区域阅读顺序";;
"16370958/183/0";"Draw areas on a page where you want to change the reading order.";"在页面上绘制要更改阅读顺序的区域。";;
"16370958/184/0";"Change Area Order";"更改区域顺序";;
"16370958/185/0";"Rearrange the order of the areas.";"重新排列区域顺序。";;
"16370958/186/0";"Apply Area Order";"应用区域顺序";;
"16370958/187/0";"Apply the order of the areas.";"应用区域顺序";;
"16370958/188/0";"PDF Optimizer";"PDF优化";;
"16370958/189/0";"Action Wizard";"动作向导";;
"16370958/190/0";"Export";"导出";;
"16370958/191/0";"Create";"创建";;
"16370958/192/0";"Compliance";"相容性";;
"16370958/193/0";"Links";"链接";;
"16370958/194/0";"Measure";"测量";;
"16370958/195/0";"Review";"审阅";;
"16370958/196/0";"Form Recognition";"表单识别";;
"16370958/197/0";"Form Fields";"表单域";;
"16370958/198/0";"Redaction";"密文";;
"16370958/199/0";"Review Comment";"审阅注释";;
"16370958/200/0";"Autotag";"自动标签";;
"16370958/201/0";"Accessibility Check";"辅助功能检查";;
"16370958/202/0";"Setup";"设置";;
"16370958/203/0";"Alternate Text";"替代文本";;
"16370958/204/0";"Area Reading Order";"区域阅读顺序";;
"16370958/205/0";"Index";"索引";;
"16370958/206/0";"ProFeature UI Control";"ProFeature UI 控件";;
"16370958/207/0";"This plugin offers the flexibility to manage the visibility of advanced features in Ribbon.";"这个插件提供了在Ribbon中管理高级功能可见性的灵活性。";;
"16370958/208/0";"Copyright ? 2024-2026 Foxit Software Inc. All Rights Reserved.";"2024-2026 福昕软件 版权所有。";;
"16370958/209/0";"Page Templates";"页面模板";;
"16370958/210/0";"Set any of the PDF page as a page template";"设置任意PDF页面为页面模板";;
"16370958/211/0";"Edit Static XFA Form";"编辑静态XFA表单";;
"16370958/212/0";"Edit a static XFA form as an AcroForm";"以普通表单的形式编辑静态XFA表单";;
"16370958/213/0";"Calculation Order";"计算次序";;
"16370958/214/0";"Edit the order in which form fields are calculated";"编辑表单控件进行计算的次序";;
"16370958/215/0";"Add Tooltip";"添加工具提示";;
"16370958/216/0";"Add tooltips for all form fields which do not have descriptions";"为全部没有描述的表单域添加工具提示";;
"16370958/217/0";"JavaScript";"JavaScript";;
"16370958/218/0";"Add, modify and test JavaScript within this document";"添加，修改并测试文档中的JavaScript";;
"16370958/219/0";"Edit Form";"编辑表单";;
"16370958/220/0";"Bookmark";"书签";;
"16370958/221/0";"Convert";"转换";;
"16370958/222/0";"Edit";"编辑";;
"16370958/223/0";"Organize";"页面管理";;
"16370958/224/0";"New Bookmark";"新建书签";;
"16370958/225/0";"To MS Office";"到 MS Office";;
"16370958/226/0";"Export to MS Office";"导出为 MS Office";;
"16370958/227/0";"To Word";"到 Word";;
"16370958/228/0";"To Word 97-2003";"到 Word 97-2003";;
"16370958/229/0";"To Excel";"到 Excel";;
"16370958/230/0";"To XML Spreadsheet 2003";"至XML电子表格2003";;
"16370958/231/0";"To PowerPoint";"到 PowerPoint";;
"16370958/232/0";"To XPS";"到XPS";;
"16370958/233/0";"Quick Recognition";"快速识别";;
"16370958/234/0";"Export the document in a Microsoft Office file format";"将文档导出为Microsoft Office文件格式";;
"16370958/235/0";"Export as a.docx file for use with Word 2007 and later";"导出为Word 2007或者更高版本使用的.docx格式的文件";;
"16370958/236/0";"Export as a.doc file for use with Word";"导出为Word使用的.doc格式的文件";;
"16370958/237/0";"Export as a .xlsx file for use with Excel 2007 and later";"导出为Excel 2007或者更高版本使用的.xlsx格式的文件";;
"16370958/238/0";"Export as a .xml file for use with Excel";"导出为Excel使用的.xml格式的文件";;
"16370958/239/0";"Export as a .ppt file for use with PowerPoint";"导出为PowerPoint所使用的.ppt格式的文件";;
"16370958/240/0";"Export the document as a xps file for use with XPS";"将文档导出为XPS使用的.xps文件";;
"16370958/241/0";"Convert text within images to searchable or editable text using default or previous settings";"通过默认的或者之前的设置将包含在图像中的文本转换为可搜索、可编辑的文本";;
"16370958/242/0";"Edit Text";"编辑文本";;
"16370958/243/0";"Edit document text and text format";"编辑文档文本和文本格式";;
"16370958/244/0";"Edit Object";"编辑对象";;
"16370958/245/0";"Edit the currently selected object";"编辑当前选定的对象";;
"16370958/246/0";"All";"全部";;
"16370958/247/0";"Text";"文本";;
"16370958/248/0";"Image";"图像";;
"16370958/249/0";"Shape";"形状";;
"16370958/250/0";"Shading";"渐变";;
"16370958/251/0";"Add Text";"添加文本";;
"16370958/252/0";"Add new text to current page";"在当前页添加新的文本";;
"16370958/253/0";"Insert";"插入";;
"16370958/254/0";"Insert Pages";"插入页面";;
"16370958/255/0";"From File";"从文件";;
"16370958/256/0";"From Folder";"从文件夹";;
"16370958/257/0";"From open files";"从打开的文件";;
"16370958/258/0";"Blank Page";"空白页面";;
"16370958/284/0";"Into File";"到文件";;
"16370958/260/0";"Extract";"提取";;
"16370958/261/0";"Delete";"删除";;
"16370958/262/0";"Extract Pages";"提取页面";;
"16370958/263/0";"Delete Pages";"删除页面";;
"16370958/264/0";"Watermark";"水印";;
"16370958/265/0";"Add";"添加";;
"16370958/266/0";"Update";"更新";;
"16370958/267/0";"Remove All";"全部移除";;
"16370958/268/0";"Insert pages into the current file or insert pages of the current file into other files";"在当前文件中插入页面或者将当前文件的页面插入到其它文件中";;
"16370958/269/0";"Insert pages from another file";"从其它文件中插入页面";;
"16370958/270/0";"Insert all pages of the folder to PDF files";"插入文件夹中的所有页面至PDF文件";;
"16370958/271/0";"Insert pages from open files";"从打开的文件插入页面";;
"16370958/272/0";"Insert pages from web";"从网页插入页面";;
"16370958/273/0";"Scan and insert pages";"扫描后插入页面";;
"16370958/274/0";"Insert page from clipboard";"从剪贴板插入页面";;
"16370958/275/0";"Insert one or more blank pages";"插入一个或者多个空白页";;
"16370958/285/0";"Insert pages of the current file into other files";"将当前文件的页面插入到其它文件中";;
"16370958/277/0";"Extract specified pages and save as another PDF file";"导出指定页并另存为其它PDF文件";;
"16370958/278/0";"Delete specified pages";"删除指定页";;
"16370958/279/0";"Edit Watermark";"编辑水印";;
"16370958/280/0";"Add watermark to the document";"在文档中添加水印";;
"16370958/281/0";"Update an existing watermark";"更新已有水印";;
"16370958/282/0";"Remove the original watermark from the document";"从文档中移除原有的水印";;
"16370958/283/0";"Try PDF Editor";"试用PDF编辑器";;
"07F1708C/1/0";"The Comment Mode plugin is designed to enhance the reading experience. It displays comments directly on the side of the page, linking them to the original text with connecting lines. It also supports hiding/showing different types of comments to reduce distractions and improve reading focus and experience.";"批注模式插件专为提升阅读体验而设计，能够直接在页面侧边展示注释，并通过连接线与原文关联。同时，支持隐藏/显示不同注释类型，减少干扰，提升阅读专注性和体验。";;
"07F1708C/2/0";"Copyright ? 2011-2025 Foxit Software Inc. All Rights Reserved.";"2011-2025 福昕软件 版权所有。";;
"07F1708C/3/0";"Comment Mode";"批注模式";;
"07F1708C/4/0";"The current version does not support the conversion of such CAJ formats.";"当前版本不支持此类CAJ格式转换。";;
"07F1708C/5/0";"All";"全部";;
"07F1708C/6/0";"Highlight";"高亮";;
"07F1708C/7/0";"Squiggly Underline";"波浪下划线";;
"07F1708C/8/0";"Underline";"下划线";;
"07F1708C/9/0";"Strikeout";"删除线";;
"07F1708C/10/0";"ReplaceText";"替代文本";;
"07F1708C/11/0";"InsertText";"插入文本";;
"07F1708C/12/0";"Note";"备注";;
"07F1708C/13/0";"File";"文件";;
"07F1708C/14/0";"TypeWriter";"打字机";;
"07F1708C/15/0";"Textbox";"文本框";;
"07F1708C/16/0";"Callout";"注释框";;
"07F1708C/17/0";"Drawing";"绘图";;
"07F1708C/18/0";"Pencil";"铅笔";;
"07F1708C/19/0";"AreaHighlight";"区域高亮";;
"07F1708C/20/0";"Measurement";"测量";;
"07F1708C/21/0";"AccountCaculator";"会计计算器";;
"07F1708C/22/0";"Stamp";"图章";;
"07F1708C/23/0";"Symbol";"符号";;
"07F1708C/24/0";"Number";"数字";;
"07F1708C/25/0";"Letter";"字母";;
"07F1708C/26/0";"Screen";"屏幕";;
"07F1708C/27/0";"Don&apos;t show again";"不再显示";;
"07F1708C/28/0";"Annotation mode is only available in single-page view. Do you want to switch to single-page view and continue?";"批注模式仅在单页视图中可用。是否要切换到单页视图并继续？";;
"07F1708C/29/0";"Annotation mode is only available in single-page view. Do you want to exit annotation mode and continue?";"批注模式仅在单页视图中可用。是否要退出注释模式并继续？";;
"5B323329/1/0";"The Annotation Mode plugin is designed to enhance the reading experience. It displays comments directly on the side of the page, linking them to the original text with connecting lines. It also supports hiding/showing different types of comments to reduce distractions and improve reading focus and experience.";"批注模式插件专为提升阅读体验而设计，能够直接在页面侧边展示注释，并通过连接线与原文关联。同时，支持隐藏/显示不同注释类型，减少干扰，提升阅读专注性和体验。";;
"5B323329/2/0";"Copyright ? 2011-2026 Foxit Software Inc. All Rights Reserved.";"2011-2026 福昕软件 版权所有。";;
"5B323329/3/0";"Turn off Annotation Mode";"关闭批注模式";;
"5B323329/4/0";"Turn on Annotation Mode";"开启批注模式";;
"5B323329/5/0";"Annotation mode is only available in single-page view. Do you want to exit annotation mode and continue?";"批注模式仅在单页视图中可用。是否要退出批注模式并继续？";;
"5B323329/6/0";"Annotation mode is only available in single-page view. Do you want to switch to single-page view and continue?";"批注模式仅在单页视图中可用。是否要切换到单页视图并继续？";;
"5B323329/7/0";"Don&apos;t show again";"不再显示";;
"5B323329/8/0";"AccountCaculator";"会计计算器";;
"5B323329/9/0";"All";"全部";;
"5B323329/10/0";"AreaHighlight";"区域高亮";;
"5B323329/11/0";"Callout";"注释框";;
"5B323329/12/0";"Drawing";"绘图";;
"5B323329/13/0";"File";"文件";;
"5B323329/14/0";"Highlight";"高亮";;
"5B323329/15/0";"InsertText";"插入文本";;
"5B323329/16/0";"Letter";"字母";;
"5B323329/17/0";"Measurement";"测量";;
"5B323329/18/0";"Note";"备注";;
"5B323329/19/0";"Number";"数字";;
"5B323329/20/0";"Pencil";"铅笔";;
"5B323329/21/0";"ReplaceText";"替换文本";;
"5B323329/22/0";"Screen";"屏幕标注";;
"5B323329/23/0";"Squiggly Underline";"波浪下划线";;
"5B323329/24/0";"Stamp";"图章";;
"5B323329/25/0";"Strikeout";"删除线";;
"5B323329/26/0";"Symbol";"符号";;
"5B323329/27/0";"Textbox";"文本框";;
"5B323329/28/0";"TypeWriter";"打字机";;
"5B323329/29/0";"Underline";"下划线";;
"5B323329/30/0";"Visually review all annotations in the document.";"可视化地查看文档中的所有批注。";;
"5B323329/31/0";"Annotation Mode";"批注模式";;
"01C467A7/1/0";"This backup file plugin provides file backup functionality.";"该备份文件插件提供文件备份功能。";;
"01C467A7/2/0";"Copyright ? 2011-2026 Foxit Software Inc. All Rights Reserved.";"2011-2026 福昕软件 版权所有。";;
"01C467A7/3/0";"Backup File";"备份文件";;
"01C467A7/4/0";"All";"全部";;
"01C467A7/5/0";"Bytes";"字节";;
"01C467A7/6/0";"&amp;Delete";"删除(&amp;D)";;
"01C467A7/7/0";"Are you sure you want to delete the selected backup file? The operation cannot be undone.";"您确定要删除所选的备份文件吗？此操作无法撤消。";;
"01C467A7/8/0";"Please select the backup file you want to delete first.";"请先选择要删除的备份文件。";;
"01C467A7/9/0";"Delete";"删除";;
"01C467A7/10/0";" Local backup has been stopped because the storage location is invalid or the disk is full. Please set a new location and restart backup. (Error code : %d)";" 由于存储位置无效或磁盘已满，本地备份已停止。请设置新位置并重新开始备份。（错误代码：%d）";;
"01C467A7/11/0";"Warning";"警告";;
"01C467A7/12/0";"GB";"GB";;
"01C467A7/13/0";"KB";"KB";;
"01C467A7/14/0";"Local backup";"本地备份";;
"01C467A7/24/0";"View local &amp;backup";"查看备份(&amp;B)";;
"01C467A7/15/0";"MB";"MB";;
"01C467A7/16/0";"No local backup";"没有本地备份";;
"01C467A7/25/0";"No results found";"未找到结果";;
"01C467A7/19/0";"Only local directories are supported as backup locations.";"仅支持本地目录作为备份位置。";;
"01C467A7/26/0";"Access Denied. You can&apos;t save here. Please choose another location.";"访问被拒绝。您不能保存到这里。请选择其他位置。";;
"01C467A7/27/0";"File path is too long. Please shorten it to within 30 characters.";"文件路径过长。请将其缩短至30个字符内。";;
"01C467A7/21/0";"Size";"尺寸";;
"01C467A7/22/0";"Backup time";"备份时间";;
"01C467A7/23/0";"Worried about accidentally losing your edited content?  Enable local backup to easily protect your documents.";"担心意外丢失编辑内容？启用本地备份，轻松保护您的文档。";;
"01C467A7/28/0";"Enable document backup to safeguard your data.";"启用文档备份以保护您的数据。";;
"05621AA1/1/0";"Comment summary plugin allows users to create comment summary from ""Summarize Comments"".";"小结注释插件允许用户通过“小结注释”为文档中的注释创建生成小结文件。";;
"05621AA1/2/0";"Copyright ? 2014-2026 Foxit Software Inc. All Rights Reserved.";"2014-2026 福昕软件 版权所有。";;
"05621AA1/3/0";"All";"全部";;
"05621AA1/4/0";"Author";"作者";;
"05621AA1/5/0";"Capture";"捕捉";;
"05621AA1/6/0";"Caret";"插入标记";;
"05621AA1/7/0";"Checkmark";"对勾标记";;
"05621AA1/8/0";"Check All";"全选";;
"05621AA1/9/0";"Circle";"圆形";;
"05621AA1/10/0";"Comments";"注释";;
"05621AA1/11/0";"Count";"注释数量";;
"05621AA1/12/0";"Creation Date";"创建时间";;
"05621AA1/13/0";"Couldn&apos;t export or access the comment data. Please check the file and target folder permission and retry.";"无法导出或访问注释数据。请检查文件和目标文件夹权限，然后重试。";;
"05621AA1/14/0";"Date";"日期";;
"05621AA1/15/0";"File Attachment";"文件附件";;
"05621AA1/16/0";"Free Text";"自由文本";;
"05621AA1/17/0";"Highlight";"高亮";;
"05621AA1/18/0";"Ink";"墨水";;
"05621AA1/19/0";"Label";"标签";;
"05621AA1/20/0";"Layer";"层";;
"05621AA1/21/0";"Line";"线条";;
"05621AA1/22/0";"Lock";"锁定";;
"05621AA1/23/0";"Modification Date";"修改时间";;
"05621AA1/24/0";"No items match your current filters. Please check your filter settings.";"没有项目与您当前的过滤器匹配。请检查您的过滤器设置。";;
"05621AA1/25/0";"Page";"页面";;
"05621AA1/26/0";"Page Index";"页面索引";;
"05621AA1/27/0";"Page Label";"页面标签";;
"05621AA1/28/0";"Polygon";"多边形";;
"05621AA1/29/0";"Polyline";"折线";;
"05621AA1/30/0";"Rise/Drop";"上升量/下降量";;
"05621AA1/31/0";"Slope";"斜率";;
"05621AA1/32/0";"Square";"方形";;
"05621AA1/33/0";"Squiggly";"波浪线";;
"05621AA1/34/0";"Stamp";"图章";;
"05621AA1/35/0";"Strikeout";"删除线";;
"05621AA1/36/0";"Subject";"主题";;
"05621AA1/37/0";"Text";"文本";;
"05621AA1/38/0";"Type";"类型";;
"05621AA1/39/0";"Underline";"下划线";;
"05621AA1/40/0";"X";"x";;
"05621AA1/41/0";"Y";"Y";;
"082B15BB/1/0";"CSV Summary";"CSV 摘要";;
"082B15BB/2/0";"Select Columns";"选择列";;
"082B15BB/3/0";"Settings";"设置";;
"082B15BB/4/0";"Comment Type:";"注释类型：";;
"082B15BB/5/0";"Sort comments by:";"注释排序：";;
"082B15BB/6/0";"&amp;Automatically open file after creation";"创建后自动打开文件(&amp;A)";;
"082B15BB/7/0";"Include Pages";"页面范围";;
"082B15BB/8/0";"All &amp;pages";"全部页面(&amp;P)";;
"082B15BB/9/0";"&amp;Visible pages";"可见页面(&amp;V)";;
"082B15BB/10/0";"&amp;From";"从(&amp;F)";;
"082B15BB/11/0";"To";"到";;
"082B15BB/12/0";"&amp;OK";"确定(&amp;O)";;
"082B15BB/13/0";"&amp;Cancel";"取消(&amp;C)";;
"391D7C3C/1/0";"Backup setting";"备份设置";;
"391D7C3C/4/0";"Backup Switch";"备份开关";;
"391D7C3C/8/0";"Turn o&amp;n backup";"开启备份(&amp;N)";;
"391D7C3C/5/0";"Turn o&amp;ff backup";"关闭备份(&amp;F)";;
"391D7C3C/7/0";"Backup Management";"备份管理";;
"391D7C3C/3/0";"Minutes";"分钟";;
"391D7C3C/6/0";"After a file is modified, it is backed up at the set interval, and only the five most recent versions are kept.";"文件修改后，会按照设定的时间间隔进行备份，并且只保留最近的五个版本。";;
"391D7C3C/2/0";"&amp;Automatically clean up backup files older than 7 days";"自动清理超过7天的备份文件(&amp;A)";;
"391D7C3C/17/0";"Backup fre&amp;quency:";"备份频率(&amp;Q)：";;
"391D7C3C/18/0";"Automatic cleanup:";"自动清理：";;
"391D7C3C/19/0";"&amp;Off";"关闭(&amp;O)";;
"391D7C3C/20/0";"Backup location:";"备份位置：";;
"391D7C3C/9/0";"&amp;Browse...";"浏览(&amp;B)...";;
"391D7C3C/10/0";"Local Backup";"本地备份";;
"391D7C3C/11/0";"&amp;Delete";"删除(&amp;D)";;
"391D7C3C/12/0";"&amp;Settings";"设置(&amp;S)";;
"391D7C3C/15/0";"Date";"日期";;
"391D7C3C/13/0";"Size";"大小";;
"391D7C3C/14/0";"Name";"名称";;
"391D7C3C/16/0";"Turn &amp;on backup";"打开备份(&amp;O)";;
"01DC715A/1/0";"Measurement Precision";"测量精度";;
"01DC715A/5/0";"&amp;Scope:";"范围(&amp;S)：";;
"01DC715A/3/0";"&amp;Precision:";"精确度(&amp;P)";;
"01DC715A/4/0";"This document already contains protected content. Any future updates to Measurement Precision will only apply to new measurements you create.";"此文档已包含受保护的内容。测量精度的任何后续更新仅适用于您创建的新测量。";;
"01E21048/1/0";"Dialog";"Dialog";;
"01E21048/7/0";"Output Mode";"输出模式";;
"01E21048/2/0";"Convert &amp;each page into a CAD file";"将每一页转换为 CAD 文件(&amp;E)";;
"01E21048/8/0";"Combine &amp;multiple pages into one CAD file";"将多个页面合并到一个 CAD 文件中(&amp;M)";;
"01E21048/9/0";"Page Range";"页面范围";;
"01E21048/6/0";"De&amp;faults";"默认(&amp;F)";;
"01E21048/10/0";"%s";"%s";;
"01E21048/3/0";"Conversion";"转换";;
"01E21048/4/0";"&amp;Colorspace:";"颜色空间(&amp;C)：";;
"01E21048/5/0";"&amp;Resolution:";"分辨率(&amp;R)：";;
"01E21048/11/0";"Recognize Text";"识别文本";;
"01E21048/12/0";"&amp;Output Options...";"输出选项(&amp;O)...";;
"01E21048/13/0";"&amp;Convert";"转换(&amp;C)";;
"01E21048/14/0";"C&amp;lose";"关闭(&amp;L)";;
"3EF535ED/1/0";"The Notification Center plug-in is an efficient message management tool that aggregates collaboration, account, and system messages in one place, and supports custom rules for receiving messages.";"通知中心插件是一款高效的消息管理工具，可一站式聚合协作、账户与系统等消息，并支持自定义消息收取规则。";;
"3EF535ED/2/0";"Copyright ? 2025-2026 Foxit Software Inc. All Rights Reserved.";"2025-2026 福昕软件 版权所有。";;
"3EF535ED/3/0";"Open Notifications";"打开通知";;
"098C7897/1/0";"Custom Number";"自定义数字";;
"098C7897/2/0";"&amp;Number:";"数字(&amp;N)：";;
"14803EF5/1/0";"Create New Action";"创建新动作";;
"14803EF5/2/0";"Choose tools to add:";"选择要添加的工具：";;
"14803EF5/3/0";"Action steps to show:";"要显示的动作步骤：";;
"14803EF5/4/0";"Files to be processed";"要处理的文件";;
"14803EF5/5/0";"Default option";"默认选项";;
"14803EF5/6/0";"Please use the tool to finish your task. When completed, click &quot;Done&quot; button.\n";"请使用该工具完成您的任务。完成后，点击“完成”按钮。\n";;
"14803EF5/7/0";"Done";"已完成";;
"14803EF5/8/0";"Use &quot;Mark for Redaction&quot; to mark additional text and images for removal. When completed, &quot;Apply Redactions&quot; will permanently remove marked information.\n";"使用&quot;标记为密文&quot;对其它的文本和图像做标记以便进行移除。当完成&quot;应用密文时&quot; 将会把标记为密文的信息永久的移除掉。";;
"14803EF5/9/0";"Continue";"继续";;
"14803EF5/10/0";"Add Commands to Action";"添加命令到动作";;
"14803EF5/11/0";"Add or remove Commands in the Custom Action collection";"在自定义操作集合中添加或删除命令";;
"14803EF5/12/0";"&amp;Choose Commands to add:";"选择要添加的命令(&amp;C)：";;
"14803EF5/13/0";"&amp;Add";"添加(&amp;A)";;
"14803EF5/14/0";"&amp;Remove";"移除(&amp;R)";;
"14803EF5/15/0";"C&amp;hoose Custom Action:";"选择自定义动作(&amp;H)：";;
"14803EF5/16/0";"C&amp;lose";"关闭(&amp;L)";;
"14803EF5/17/0";"New Custom Command";"新增自定义命令";;
"14803EF5/18/0";"&amp;Label:";"标签(&amp;L)：";;
"14803EF5/19/0";"&amp;Show options every time the command is run";"每次运行命令时显示选项(&amp;S)";;
"14803EF5/20/0";"&amp;Customizable Commands:";"可定制命令(&amp;C)：";;
"14803EF5/21/0";" Co&amp;mmand Options....";" 命令选项(&amp;M)....";;
"14803EF5/22/0";"&amp;Tool tip:";"工具提示(&amp;T)：";;
"14803EF5/23/0";"&amp;Don&apos;t show options, options are always the same";"不显示选项，选项总是一致的(&amp;D)";;
"14803EF5/24/0";"Manage Custom Commands";"管理自定义命令";;
"14803EF5/25/0";"&amp;Select a Custom Command:";"选择一个自定义命令(&amp;S):";;
"14803EF5/26/0";"&amp;Edit";"编辑(&amp;E)";;
"14803EF5/27/0";"Co&amp;py";"复制(&amp;P)";;
"14803EF5/28/0";"&amp;Move Up";"上移(&amp;M)";;
"14803EF5/29/0";"Move &amp;Down";"下移(&amp;D)";;
"14803EF5/30/0";"E&amp;xport";"导出(&amp;X)";;
"14803EF5/31/0";"&amp;Import";"导入(&amp;I)";;
"14803EF5/32/0";"&amp;Close";"关闭(&amp;C)";;
"14803EF5/33/0";"Dialog";"Dialog";;
"14803EF5/34/0";"TextLabel";"TextLabel";;
